MAKR0_SI722,-0.11052755748524386
MAKR0_SX182,-0.30557711124420167
MAKR0_SX272,-0.038581929206848144
MAKR0_SX362,-0.07795144262767974
MAKR0_SX452,-0.09318072199821473
MAKR0_SX92,-0.08045252886685458
MAPV0_SI1293,-0.24275734311058408
MAPV0_SI1923,-0.23197197914123535
MAPV0_SI663,-0.17113978966422702
MAPV0_SX123,-0.2401186398097447
MAPV0_SX213,-0.2456620823253285
MAPV0_SX303,-0.3441895452038995
MAPV0_SX33,-0.19284463750905004
MAPV0_SX393,-0.16389723385081573
MARC0_SI1188,-0.012166504230764177
MARC0_SI1818,-0.1242197831471761
MARC0_SI558,-0.10632860417268714
MARC0_SX108,-0.026011498437987432
MARC0_SX18,-0.13821713626384735
MARC0_SX198,-0.09611162543296814
MARC0_SX288,-0.09960052443713677
MARC0_SX378,-0.1461297869682312
MARW0_SI1276,-0.020353203018506367
MARW0_SI1906,-0.01460176154419228
MARW0_SI646,-0.08028190831343333
MARW0_SX106,-0.18691523869832358
MARW0_SX16,-0.17286184855869838
MARW0_SX286,-0.12070032119750977
MARW0_SX349,-0.18493448893229167
MARW0_SX376,-0.2765428894444516
MBAR0_SI1319,-0.14571468413822233
MBAR0_SI1949,-0.1378929194282083
MBAR0_SI689,-0.24345489343007407
MBAR0_SX149,-0.12871196318645867
MBAR0_SX239,-0.11207159126506132
MBAR0_SX329,-0.11559996514950159
MBAR0_SX419,-0.1791084521525615
MBAR0_SX59,-0.16031448657696062
MBBR0_SI1055,-0.11679298290307971
MBBR0_SI1685,-0.02027646601200104
MBBR0_SI2315,-0.05302439286158635
MBBR0_SX155,-0.18226056875184524
MBBR0_SX245,-0.15721986911914967
MBBR0_SX335,-0.12202353226511102
MBBR0_SX425,-0.08043427650745098
MBBR0_SX65,-0.028744297102093697
MBCG0_SI2217,-0.08308919270833333
MBCG0_SI486,-0.008629077154657116
MBCG0_SI957,-0.23489662452980323
MBCG0_SX147,-0.1926868020034418
MBCG0_SX237,-0.05328336954116821
MBCG0_SX327,-0.17153196623831085
MBCG0_SX417,-0.13975296522441663
MBCG0_SX57,-0.06851578503847122
MBEF0_SI1281,-0.1269216537475586
MBEF0_SI1911,-0.2039159271452162
MBEF0_SI651,-0.21311917738481
MBEF0_SX111,-0.061782385621752055
MBEF0_SX201,-0.1867027547624376
MBEF0_SX21,-0.16678386926651
MBEF0_SX291,-0.1600080459348617
MBEF0_SX381,-0.026117666014309586
MBGT0_SI1341,-0.014338945150375365
MBGT0_SI1841,-0.17315281762017143
MBGT0_SI711,-0.16366555051105777
MBGT0_SX171,-0.16067303351636203
MBGT0_SX261,-0.2508734893798828
MBGT0_SX351,-0.2385279878656915
MBGT0_SX441,-0.031032791008820403
MBGT0_SX81,-0.025315361864426556
MBJV0_SI1247,-0.15472401994647403
MBJV0_SI1877,-0.1510373084775863
MBJV0_SI617,-0.1785601346920698
MBJV0_SX167,-0.16658473014831543
MBJV0_SX257,-0.1772520144780477
MBJV0_SX347,-0.19558725685908876
MBJV0_SX437,-0.143287107679579
MBJV0_SX77,-0.14256087938944498
MBMA0_SI1222,-0.2507609386070102
MBMA0_SI1852,-0.1424161195755005
MBMA0_SI592,-0.1271980310741224
MBMA0_SX142,-0.1120604168285023
MBMA0_SX232,-0.1307502876628529
MBMA0_SX322,-0.3150045221502131
MBMA0_SX412,-0.11655134378477584
MBMA0_SX52,-0.15822939439253372
MBMA1_SI2207,-0.24054009119669598
MBMA1_SI2214,-0.21694504513460047
MBMA1_SI954,-0.17073440551757812
MBMA1_SX144,-0.2577688694000244
MBMA1_SX234,-0.13614550758810604
MBMA1_SX324,-0.16012786229451498
MBMA1_SX414,-0.19742874982880382
MBMA1_SX54,-0.17204055578812308
MBML0_SI1169,-0.11994602680206298
MBML0_SI1799,-0.1557725747426351
MBML0_SI539,-0.1227220959133572
MBML0_SX179,-0.10315507811469
MBML0_SX269,-0.022660374641418457
MBML0_SX359,-0.11081041759914823
MBML0_SX449,-0.2117103414332613
MBML0_SX89,-0.08964742632473216
MBOM0_SI1014,-0.13699102401733398
MBOM0_SI1644,-0.13914312165358972
MBOM0_SI2274,-0.1561675329466124
MBOM0_SX114,-0.02604514521521491
MBOM0_SX204,-0.1219304992306617
MBOM0_SX294,-0.018635094165802002
MBOM0_SX311,-0.17862820625305176
MBOM0_SX384,-0.10526432161745818
MBSB0_SI1353,-0.14795846072110264
MBSB0_SI1983,-0.0019438388316254866
MBSB0_SI723,-0.1740521240234375
MBSB0_SX183,-0.024760075977870395
MBSB0_SX273,-0.14126062393188477
MBSB0_SX3,-0.20038270950317383
MBSB0_SX363,-0.04333389486585345
MBSB0_SX93,-0.04639010628064474
MBTH0_SI2102,-0.23515887009470085
MBTH0_SI505,-0.018096385730637446
MBTH0_SI757,-0.17023080871218726
MBTH0_SX122,-0.1714198944416452
MBTH0_SX212,-0.14730242165652188
MBTH0_SX302,-0.11350253423055014
MBTH0_SX32,-0.1470079808621793
MBTH0_SX392,-0.1409699803306943
MBWP0_SI1531,-0.11252134186880929
MBWP0_SI1969,-0.10585937235090467
MBWP0_SI709,-0.22044498390621609
MBWP0_SX169,-0.26920731123103653
MBWP0_SX259,-0.14984449180396828
MBWP0_SX349,-0.13760757446289062
MBWP0_SX439,-0.1523748331291731
MBWP0_SX79,-0.10703284399850028
MCAE0_SI1447,-0.19345228550797802
MCAE0_SI2077,-0.23241810465967933
MCAE0_SI817,-0.1624077558517456
MCAE0_SX187,-0.3065990572390349
MCAE0_SX277,-0.29975093328035796
MCAE0_SX367,-0.20529065813337052
MCAE0_SX7,-0.26510296549115864
MCAE0_SX97,-0.13968693825506395
MCAL0_SI1138,-0.14881544113159179
MCAL0_SI1768,-0.033344546953837075
MCAL0_SI508,-0.039116826924410736
MCAL0_SX148,-0.1381365091372759
MCAL0_SX238,-0.14429795742034912
MCAL0_SX328,-0.1751736765322478
MCAL0_SX418,-0.19031459093093872
MCAL0_SX58,-0.20681053737424454
MCDC0_SI1292,-0.10453827453382088
MCDC0_SI1922,-0.1059903790873866
MCDC0_SI662,-0.09371921510407419
MCDC0_SX122,-0.14369793560193933
MCDC0_SX212,-0.12940468899039334
MCDC0_SX302,-0.33613167490277973
MCDC0_SX32,-0.09512659123069361
MCDC0_SX392,-0.20426388674004134
MCDD0_SI1513,-0.24343265019930327
MCDD0_SI2143,-0.22820335445982037
MCDD0_SI883,-0.10208516999294884
MCDD0_SX163,-0.055830839517954235
MCDD0_SX253,-0.15894222259521484
MCDD0_SX343,-0.15000125195117706
MCDD0_SX433,-0.04297953428224076
MCDD0_SX73,-0.03218377891339754
MCDR0_SI1154,-0.1212748908996582
MCDR0_SI1784,-0.25002442744740266
MCDR0_SI524,-0.13500290081418795
MCDR0_SX164,-0.2300917080470494
MCDR0_SX254,-0.1921339750289917
MCDR0_SX344,-0.24133257071177164
MCDR0_SX434,-0.08242411272866386
MCDR0_SX74,-0.18644146358265595
MCEF0_SI1135,-0.17022477558680943
MCEF0_SI1765,-0.139859395868638
MCEF0_SI842,-0.15334404668500345
MCEF0_SX145,-0.029992743236262623
MCEF0_SX235,-0.09800979398911999
MCEF0_SX325,-0.09175414305466872
MCEF0_SX415,-0.13280271839451147
MCEF0_SX55,-0.0411753072295078
MCEW0_SI1442,-0.1774188450404576
MCEW0_SI2072,-0.16849845950886355
MCEW0_SI812,-0.21687176267979508
MCEW0_SX182,-0.3911379405430385
MCEW0_SX272,-0.2635243910330313
MCEW0_SX362,-0.5003386652746866
MCEW0_SX452,-0.21415457518204398
MCEW0_SX92,-0.2356858253479004
MCHL0_SI1347,-0.21894397735595703
MCHL0_SI1404,-0.15487181554075147
MCHL0_SI1977,-0.1276413897673289
MCHL0_SX177,-0.24502464294433593
MCHL0_SX267,-0.20780894563004776
MCHL0_SX357,-0.2346083151327597
MCHL0_SX447,-0.22089834566469546
MCHL0_SX87,-0.0747884837063876
MCLK0_SI1660,-0.08413587676154242
MCLK0_SI2290,-0.14778596704656427
MCLK0_SI650,-0.15139014033947962
MCLK0_SX130,-0.03784705961451811
MCLK0_SX220,-0.1360128655725596
MCLK0_SX310,-0.15158623807570515
MCLK0_SX40,-0.04258577028910319
MCLK0_SX400,-0.17393733395470512
MCLM0_SI1456,-0.1621533251823263
MCLM0_SI2086,-0.3250558752762644
MCLM0_SI826,-0.11168098449707031
MCLM0_SX106,-0.1987658182779948
MCLM0_SX16,-0.2591209638686407
MCLM0_SX196,-0.10721507668495178
MCLM0_SX286,-0.14194171568926642
MCLM0_SX376,-0.16476826551483897
MCPM0_SI1194,-0.23637921810150148
MCPM0_SI1824,-0.15918579436185068
MCPM0_SI564,-0.1505270762877031
MCPM0_SX114,-0.09117727666287809
MCPM0_SX204,-0.156392240524292
MCPM0_SX24,-0.1899840615012429
MCPM0_SX294,-0.149854641694289
MCPM0_SX384,-0.18924582572210402
MCRE0_SI1121,-0.05777779403997927
MCRE0_SI1725,-0.1450006663799286
MCRE0_SI1751,-0.2110004627958257
MCRE0_SX131,-0.07296267677755917
MCRE0_SX221,-0.21771337872459776
MCRE0_SX24,-0.22747355415707543
MCRE0_SX401,-0.15334294392512396
MCRE0_SX41,-0.12956045150756837
MCSS0_SI1380,-0.09107327865341962
MCSS0_SI688,-0.14430257479349773
MCSS0_SI750,-0.08313661068677902
MCSS0_SX120,-0.19937925080995303
MCSS0_SX210,-0.19989824295043945
MCSS0_SX30,-0.04051987171173096
MCSS0_SX300,-0.10743108502140751
MCSS0_SX390,-0.12466070387098524
MCTH0_SI1209,-0.1648714970319699
MCTH0_SI1839,-0.1298118233680725
MCTH0_SI579,-0.18506090641021727
MCTH0_SX129,-0.26001880850110737
MCTH0_SX219,-0.21462372371128627
MCTH0_SX309,-0.1407051319029273
MCTH0_SX39,-0.12627809803660323
MCTH0_SX399,-0.17822014052292395
MCTM0_SI1350,-0.2037332361394709
MCTM0_SI1980,-0.18515605926513673
MCTM0_SI720,-0.14073208570480347
MCTM0_SX180,-0.18535806110927036
MCTM0_SX270,-0.18314443096037833
MCTM0_SX360,-0.049974822228954684
MCTM0_SX450,-0.13417690065171983
MCTM0_SX90,-0.012500027815500895
MCXM0_SI1351,-0.21125197410583496
MCXM0_SI1981,-0.24922513961791992
MCXM0_SI721,-0.19414541639130692
MCXM0_SX181,-0.2029728995429145
MCXM0_SX271,-0.28670641955207377
MCXM0_SX361,-0.18565143238414417
MCXM0_SX451,-0.183051327864329
MCXM0_SX91,-0.03167173862457275
MDAC0_SI1261,-0.036395137126629167
MDAC0_SI1837,-0.14476401230384564
MDAC0_SI631,-0.035601753299519166
MDAC0_SX181,-0.06911085514312094
MDAC0_SX271,-0.11744304859276974
MDAC0_SX361,-0.10012104851858956
MDAC0_SX451,-0.22457954731393368
MDAC0_SX91,-0.0375120092082668
MDAS0_SI1266,-0.13944955170154572
MDAS0_SI1896,-0.08464907777720485
MDAS0_SI636,-0.08656042500546104
MDAS0_SX186,-0.04864347439545851
MDAS0_SX21,-0.10823993455796015
MDAS0_SX276,-0.24236700611729775
MDAS0_SX6,-0.2912707138061523
MDAS0_SX96,-0.02319661991016285
MDBB1_SI1006,-0.16073556741078696
MDBB1_SI1636,-0.02650846655552204
MDBB1_SI2056,-0.20567774305156633
MDBB1_SX106,-0.15913920248708419
MDBB1_SX16,-0.2353101684933617
MDBB1_SX196,-0.24397189276559011
MDBB1_SX286,-0.1539291774525362
MDBB1_SX376,-0.15571310462021246
MDBP0_SI1158,-0.10841506405880577
MDBP0_SI1788,-0.1785295286843943
MDBP0_SI528,-0.16381086002696643
MDBP0_SX168,-0.1445021812732403
MDBP0_SX258,-0.18624974551953768
MDBP0_SX348,-0.14462237556775412
MDBP0_SX438,-0.1425342933804381
MDBP0_SX78,-0.1753399295191611
MDCD0_SI1415,-0.14274777592839422
MDCD0_SI2045,-0.30945606231689454
MDCD0_SI785,-0.24951341946919758
MDCD0_SX155,-0.17914316130847466
MDCD0_SX245,-0.20977862127896013
MDCD0_SX335,-0.2945851759477095
MDCD0_SX425,-0.17771679162979126
MDCD0_SX65,-0.04899112255342545
MDCM0_SI1480,-0.120070574713535
MDCM0_SI2110,-0.09894662636976975
MDCM0_SI850,-0.12124109268188477
MDCM0_SX130,-0.16099549878028133
MDCM0_SX220,-0.1134840173924223
MDCM0_SX310,-0.2312984033064409
MDCM0_SX40,-0.11003894805908203
MDCM0_SX400,-0.12505259384980072
MDDC0_SI1419,-0.11383601597377233
MDDC0_SI2049,-0.15346452769111185
MDDC0_SI789,-0.09696909276450552
MDDC0_SX159,-0.031866018588726334
MDDC0_SX249,-0.027134647736182578
MDDC0_SX339,-0.16825935244560242
MDDC0_SX429,-0.029574271794911976
MDDC0_SX69,-0.06947614207412257
MDED0_SI1170,-0.14199151414813418
MDED0_SI1800,-0.24822719635501986
MDED0_SI540,-0.20486712846599642
MDED0_SX180,-0.15785146403957057
MDED0_SX270,-0.043366809686024986
MDED0_SX360,-0.2154206460522067
MDED0_SX450,-0.09248808754814995
MDED0_SX90,-0.26804468154907224
MDEF0_SI1123,-0.18057565521775631
MDEF0_SI1563,-0.011846136402439427
MDEF0_SI2193,-0.16047723153058222
MDEF0_SX123,-0.2890313829694475
MDEF0_SX213,-0.02302478782592281
MDEF0_SX303,-0.13739238844977486
MDEF0_SX33,-0.14194853603839874
MDEF0_SX393,-0.13196132183074952
MDEM0_SI1868,-0.1486441997381357
MDEM0_SI608,-0.16554448339674208
MDEM0_SI800,-0.04258246055016151
MDEM0_SX158,-0.037181784366739204
MDEM0_SX248,-0.1243030285013133
MDEM0_SX338,-0.1828008187122834
MDEM0_SX428,-0.15916267308321866
MDEM0_SX68,-0.027043806784080738
MDHL0_SI1439,-0.13151501525532117
MDHL0_SI2069,-0.1825847327709198
MDHL0_SI809,-0.1518252604716533
MDHL0_SX179,-0.12391115489758943
MDHL0_SX269,-0.01155562698841095
MDHL0_SX359,-0.13021922641330294
MDHL0_SX449,-0.20270758734809027
MDHL0_SX89,-0.022162202331754897
MDHS0_SI1530,-0.14434096307465524
MDHS0_SI2160,-0.022438845700687833
MDHS0_SI900,-0.022314052496637617
MDHS0_SX180,-0.12112644139458151
MDHS0_SX270,-0.01146840472375193
MDHS0_SX360,-0.023927588616648027
MDHS0_SX450,-0.024633630793145362
MDHS0_SX90,-0.12411906242370606
MDJM0_SI1455,-0.1458698809146881
MDJM0_SI2085,-0.16720040220963328
MDJM0_SI825,-0.12510573863983154
MDJM0_SX105,-0.03749789670109749
MDJM0_SX15,-0.15227173268795013
MDJM0_SX195,-0.08031715046275746
MDJM0_SX285,-0.14190563662298794
MDJM0_SX375,-0.14240020658911728
MDKS0_SI1066,-0.24613200063290802
MDKS0_SI1696,-0.15262454131553913
MDKS0_SI2326,-0.11300102094324624
MDKS0_SX166,-0.13935553643011278
MDKS0_SX256,-0.1705061305652965
MDKS0_SX346,-0.1933237971091757
MDKS0_SX436,-0.2660869308139967
MDKS0_SX76,-0.13950630596705846
MDLB0_SI1306,-0.11661624151562887
MDLB0_SI1936,-0.17151891708374023
MDLB0_SI676,-0.13453335111791437
MDLB0_SX136,-0.1536375328346535
MDLB0_SX226,-0.11205203192574638
MDLB0_SX316,-0.013462569179206059
MDLB0_SX406,-0.1451088809967041
MDLB0_SX46,-0.1337072003272272
MDLC0_SI1395,-0.14515486630526456
MDLC0_SI2025,-0.2853020999742591
MDLC0_SI765,-0.28362843864842463
MDLC0_SX135,-0.28889529649601425
MDLC0_SX225,-0.18427945949413158
MDLC0_SX315,-0.235627634771939
MDLC0_SX405,-0.1780043550439783
MDLC0_SX45,-0.18110936880111694
MDLC1_SI1435,-0.15735261671004758
MDLC1_SI2065,-0.1685941696166992
MDLC1_SI2144,-0.11409488178434826
MDLC1_SX175,-0.16458710602351598
MDLC1_SX265,-0.10624928223459344
MDLC1_SX355,-0.11874722665356051
MDLC1_SX445,-0.13119940076555525
MDLC1_SX85,-0.12153333776137408
MDLC2_SI1614,-0.00455208271741867
MDLC2_SI2244,-0.21040265560150145
MDLC2_SI984,-0.13413745385629158
MDLC2_SX174,-0.15288056067700656
MDLC2_SX264,-0.20424108152036313
MDLC2_SX354,-0.04157247543334961
MDLC2_SX444,-0.21373236179351807
MDLC2_SX84,-0.12328738967577617
MDLH0_SI1960,-0.16153980703914866
MDLH0_SI574,-0.24436444821565048
MDLH0_SI700,-0.1509959101676941
MDLH0_SX160,-0.11900633314381474
MDLH0_SX250,-0.22424619625776243
MDLH0_SX340,-0.09759719141067998
MDLH0_SX430,-0.19697262378449135
MDLH0_SX70,-0.021083732446034748
MDLM0_SI1234,-0.12440784999302455
MDLM0_SI1864,-0.10546142176577919
MDLM0_SI604,-0.171431337084089
MDLM0_SX154,-0.11737419664859772
MDLM0_SX244,-0.019787824735408875
MDLM0_SX334,-0.06286308595112391
MDLM0_SX424,-0.17903288432529996
MDLM0_SX64,-0.10499092510768346
MDLR0_SI1233,-0.17172131999846427
MDLR0_SI1863,-0.06679592529932658
MDLR0_SI603,-0.2826945907191226
MDLR0_SX153,-0.19357484452267912
MDLR0_SX243,-0.17402492425380608
MDLR0_SX333,-0.17958255767822265
MDLR0_SX423,-0.1996575231137483
MDLR0_SX63,-0.10591448375156948
MDLR1_SI1299,-0.1268646411406688
MDLR1_SI1929,-0.1187680789402553
MDLR1_SI669,-0.18980186326163156
MDLR1_SX129,-0.16577730860028947
MDLR1_SX219,-0.18932443573361352
MDLR1_SX309,-0.21089518347451852
MDLR1_SX39,-0.030647283508664087
MDLR1_SX399,-0.2587995035894986
MDMA0_SI1238,-0.03134138527370635
MDMA0_SI1430,-0.09585841705924586
MDMA0_SI2060,-0.05460266994707512
MDMA0_SX170,-0.16263069425310409
MDMA0_SX260,-0.150146484375
MDMA0_SX350,-0.16105421221986108
MDMA0_SX440,-0.17551815509796143
MDMA0_SX80,-0.038963568210601804
MDMT0_SI1832,-0.13252871377127512
MDMT0_SI2341,-0.21042512522803414
MDMT0_SI572,-0.22975339889526367
MDMT0_SX122,-0.1406952667236328
MDMT0_SX212,-0.14934934269298206
MDMT0_SX302,-0.1741518463407244
MDMT0_SX32,-0.1824826513017927
MDMT0_SX392,-0.10799240511517193
MDNS0_SI1011,-0.19120407104492188
MDNS0_SI2271,-0.128274564743042
MDNS0_SI873,-0.1289941628774007
MDNS0_SX111,-0.1548970745455834
MDNS0_SX201,-0.177850916578963
MDNS0_SX21,-0.19682166689918154
MDNS0_SX291,-0.19855323959799373
MDNS0_SX381,-0.02502621373822612
MDPB0_SI1760,-0.15027491551525188
MDPB0_SI2126,-0.07207002395238632
MDPB0_SI866,-0.10978341102600098
MDPB0_SX146,-0.035067780597789866
MDPB0_SX236,-0.14051477836840082
MDPB0_SX326,-0.18389853724726923
MDPB0_SX416,-0.11382104669298444
MDPB0_SX56,-0.033335522907536205
MDPK0_SI1053,-0.025855555253870347
MDPK0_SI1683,-0.1270190715789795
MDPK0_SI552,-0.1331571787595749
MDPK0_SX153,-0.17873130960667388
MDPK0_SX243,-0.11760610342025757
MDPK0_SX333,-0.16196962278716417
MDPK0_SX423,-0.1685328483581543
MDPK0_SX63,-0.01835275794330396
MDPS0_SI1651,-0.25682138442993163
MDPS0_SI1979,-0.16841673851013184
MDPS0_SI719,-0.2575309617178781
MDPS0_SX179,-0.16422191419099508
MDPS0_SX269,-0.07104851944105965
MDPS0_SX359,-0.027816634707980684
MDPS0_SX449,-0.11269488233201047
MDPS0_SX89,-0.026820521096925478
MDRD0_SI1382,-0.09379574987623426
MDRD0_SI2012,-0.21476824530239763
MDRD0_SI752,-0.18606670567246733
MDRD0_SX122,-0.19230598873562282
MDRD0_SX212,-0.17119963602586227
MDRD0_SX302,-0.11490050156911215
MDRD0_SX32,-0.16110257307688394
MDRD0_SX392,-0.16065008299691336
MDSJ0_SI1462,-0.1063658078511556
MDSJ0_SI2092,-0.07325838352071828
MDSJ0_SI832,-0.19040250778198242
MDSJ0_SX112,-0.14012638260336482
MDSJ0_SX22,-0.23260661830072818
MDSJ0_SX292,-0.15324097053677427
MDSJ0_SX382,-0.12152315510643853
MDSJ0_SX438,-0.1899493980407715
MDSS0_SI1881,-0.12974912386674148
MDSS0_SI2087,-0.21009304212487262
MDSS0_SI621,-0.06962852864652067
MDSS0_SX171,-0.1904597832606389
MDSS0_SX261,-0.15289893357650094
MDSS0_SX351,-0.16437991784543407
MDSS0_SX441,-0.12722950511508518
MDSS0_SX81,-0.010728967189788819
MDSS1_SI1327,-0.21174212561713324
MDSS1_SI1713,-0.08346162824069753
MDSS1_SI697,-0.19435272216796876
MDSS1_SX157,-0.314934084492345
MDSS1_SX247,-0.16530281847173517
MDSS1_SX337,-0.1535936046291042
MDSS1_SX427,-0.1979763596146195
MDSS1_SX67,-0.06307075023651124
MDTB0_SI1200,-0.03836006919542948
MDTB0_SI1830,-0.1580279711130503
MDTB0_SI570,-0.25711645646528763
MDTB0_SX120,-0.2953590287102593
MDTB0_SX210,-0.17637912750244142
MDTB0_SX300,-0.0950798823915679
MDTB0_SX321,-0.15549468040466308
MDTB0_SX390,-0.1214233072180497
MDWD0_SI1260,-0.13342967400184044
MDWD0_SI1890,-0.14910703120024307
MDWD0_SI557,-0.15779394261977253
MDWD0_SX180,-0.10582390427589417
MDWD0_SX270,-0.07818745772043864
MDWD0_SX360,-0.052448579759308785
MDWD0_SX450,-0.06229611418463967
MDWD0_SX90,-0.14807042121887207
MDWH0_SI1168,-0.06534765196628257
MDWH0_SI1925,-0.07033963579880564
MDWH0_SI665,-0.1840409365567294
MDWH0_SX125,-0.09107893484610098
MDWH0_SX215,-0.17530220908087654
MDWH0_SX305,-0.13267204838414345
MDWH0_SX35,-0.01699796716372172
MDWH0_SX395,-0.13529257896618965
MDWM0_SI1546,-0.19594387447132783
MDWM0_SI2176,-0.050050195306539536
MDWM0_SI916,-0.16045743942260743
MDWM0_SX106,-0.185627285639445
MDWM0_SX16,-0.26864551362537203
MDWM0_SX286,-0.028143429288677142
MDWM0_SX376,-0.11318182363742735
MDWM0_SX433,-0.11054045813424247
MEAL0_SI1547,-0.15555977821350098
MEAL0_SI2177,-0.10427058444303625
MEAL0_SI917,-0.13987876429702295
MEAL0_SX107,-0.022571108407444425
MEAL0_SX197,-0.0811201383670171
MEAL0_SX287,-0.08358279201719496
MEAL0_SX347,-0.05305450612848455
MEAL0_SX377,-0.13977635212433645
MEDR0_SI1374,-0.1010809435563929
MEDR0_SI2004,-0.02460644245147705
MEDR0_SI744,-0.03899901740405024
MEDR0_SX114,-0.09696267048517863
MEDR0_SX204,-0.16043594479560852
MEDR0_SX24,-0.252168438651345
MEDR0_SX294,-0.032949906587600705
MEDR0_SX384,-0.11783622658771017
MEFG0_SI465,-0.2155394120649858
MEFG0_SI491,-0.1491034882409232
MEFG0_SI598,-0.17275643816181258
MEFG0_SX105,-0.11374011834462484
MEFG0_SX15,-0.3391929441882718
MEFG0_SX195,-0.1712209184964498
MEFG0_SX285,-0.34186261275718954
MEFG0_SX375,-0.1933262131430886
MEGJ0_SI1337,-0.21551170349121093
MEGJ0_SI1967,-0.24364635679456922
MEGJ0_SI707,-0.1827077498802772
MEGJ0_SX167,-0.24518599112828574
MEGJ0_SX257,-0.22718011415921724
MEGJ0_SX3,-0.32519644498825073
MEGJ0_SX437,-0.19701740589547664
MEGJ0_SX77,-0.23121610501917397
MEJL0_SI1592,-0.13621947704217371
MEJL0_SI1654,-0.18615969367649243
MEJL0_SI962,-0.1999195231947788
MEJL0_SX152,-0.021437688171863555
MEJL0_SX242,-0.18524514138698578
MEJL0_SX332,-0.138559205191476
MEJL0_SX422,-0.14960320790608725
MEJL0_SX62,-0.043668295061865516
MEJS0_SI1240,-0.12302252224513463
MEJS0_SI1870,-0.10684598725417564
MEJS0_SI610,-0.08820745680067274
MEJS0_SX160,-0.17552483335454414
MEJS0_SX250,-0.16367714221660906
MEJS0_SX340,-0.13270612196488815
MEJS0_SX430,-0.23407602310180664
MEJS0_SX70,-0.06328797882253473
MESG0_SI1332,-0.14379315376281737
MESG0_SI1962,-0.13050103187561035
MESG0_SI702,-0.2594908033098493
MESG0_SX162,-0.2998626708984375
MESG0_SX252,-0.10121567109051872
MESG0_SX342,-0.18851651085747612
MESG0_SX432,-0.1715957294810902
MESG0_SX72,-0.020748844146728517
MESJ0_SI2039,-0.1485683092704186
MESJ0_SI2257,-0.1367115829930161
MESJ0_SI997,-0.21643237714414243
MESJ0_SX187,-0.06358641927892511
MESJ0_SX277,-0.09475647926330566
MESJ0_SX367,-0.031845779979930204
MESJ0_SX7,-0.10889372030893961
MESJ0_SX97,-0.04355123440424601
MEWM0_SI1348,-0.199185916355678
MEWM0_SI1978,-0.09001155032051934
MEWM0_SI718,-0.2044761808294999
MEWM0_SX178,-0.19035575606606223
MEWM0_SX268,-0.17357398242485234
MEWM0_SX358,-0.20446185712461118
MEWM0_SX448,-0.05235265863352809
MEWM0_SX88,-0.1365810997632085
MFER0_SI1492,-0.025095211422961693
MFER0_SI2122,-0.13690666591419892
MFER0_SI862,-0.1743310292561849
MFER0_SX142,-0.06568880703138269
MFER0_SX232,-0.16848156668923117
MFER0_SX322,-0.044333577156066895
MFER0_SX412,-0.05204918384552002
MFER0_SX52,-0.018757334569605384
MFMC0_SI1132,-0.14648208164033436
MFMC0_SI1762,-0.11239259307448929
MFMC0_SI502,-0.20962627232074738
MFMC0_SX142,-0.1345196987720246
MFMC0_SX232,-0.14521521871740167
MFMC0_SX322,-0.12813183840583353
MFMC0_SX412,-0.16398352245951808
MFMC0_SX52,-0.1776932504442003
MFRM0_SI1155,-0.179273075527615
MFRM0_SI1717,-0.1831275565283639
MFRM0_SI1785,-0.226838700911578
MFRM0_SX165,-0.12549378871917724
MFRM0_SX255,-0.12983868338844992
MFRM0_SX345,-0.24193572998046875
MFRM0_SX435,-0.16730111837387085
MFRM0_SX75,-0.027415104707082114
MFWK0_SI1249,-0.04777737140655518
MFWK0_SI1879,-0.2556444450660988
MFWK0_SI619,-0.12404661708407932
MFWK0_SX169,-0.17098801310469464
MFWK0_SX259,-0.2808818817138672
MFWK0_SX349,-0.193317331116775
MFWK0_SX439,-0.14992226494683158
MFWK0_SX79,-0.09395492949136873
MFXS0_SI1674,-0.17098565896352133
MFXS0_SI2225,-0.21842950582504272
MFXS0_SI2304,-0.04837764598227836
MFXS0_SX144,-0.1628988150394324
MFXS0_SX234,-0.1760090519400204
MFXS0_SX324,-0.1226093235300548
MFXS0_SX414,-0.04367982232293417
MFXS0_SX54,-0.21717173258463543
MFXV0_SI1005,-0.24133818237869828
MFXV0_SI1342,-0.13826030673402728
MFXV0_SI1635,-0.1499622795316908
MFXV0_SX105,-0.016941429937587064
MFXV0_SX15,-0.21359825134277344
MFXV0_SX195,-0.07194387394448985
MFXV0_SX285,-0.12040134270985921
MFXV0_SX375,-0.1401346485789229
MGAF0_SI1282,-0.14780841889928598
MGAF0_SI1912,-0.22826439993722097
MGAF0_SI652,-0.20819449424743652
MGAF0_SX112,-0.2540806399451362
MGAF0_SX202,-0.20421214898427328
MGAF0_SX22,-0.23930115926833379
MGAF0_SX292,-0.18392634878353198
MGAF0_SX382,-0.2172610566422746
MGAG0_SI1321,-0.1502779073882521
MGAG0_SI645,-0.2392959387406059
MGAG0_SI691,-0.12719383239746093
MGAG0_SX151,-0.1500210207562114
MGAG0_SX241,-0.12288589775562286
MGAG0_SX331,-0.16707394339821555
MGAG0_SX421,-0.10369796752929687
MGAG0_SX61,-0.15915752781762016
MGAK0_SI1036,-0.20827551545767947
MGAK0_SI1666,-0.17464122772216797
MGAK0_SI2296,-0.192889826638358
MGAK0_SX136,-0.15808496977153577
MGAK0_SX226,-0.08636828748191275
MGAK0_SX316,-0.059009646547251736
MGAK0_SX406,-0.12524126013930964
MGAK0_SX46,-0.02432982575508856
MGAR0_SI1212,-0.10375950449988955
MGAR0_SI1694,-0.22244267804282053
MGAR0_SI1842,-0.04938886562983195
MGAR0_SX132,-0.2586450319032411
MGAR0_SX222,-0.043876085962568014
MGAR0_SX312,-0.08141494247148622
MGAR0_SX402,-0.06118307635188103
MGAR0_SX42,-0.03577829996744792
MGAW0_SI1165,-0.11210555583238602
MGAW0_SI1802,-0.12591632481279044
MGAW0_SI535,-0.1435544490814209
MGAW0_SX175,-0.16166079961336577
MGAW0_SX265,-0.15926779641045463
MGAW0_SX355,-0.2167617231607437
MGAW0_SX445,-0.15526176989078522
MGAW0_SX85,-0.1313341110944748
MGES0_SI1481,-0.1591189056634903
MGES0_SI2111,-0.3603504833422209
MGES0_SI851,-0.22384146543649527
MGES0_SX131,-0.13453969955444336
MGES0_SX221,-0.1411763124687727
MGES0_SX311,-0.20626848394220526
MGES0_SX401,-0.18550021307809011
MGES0_SX41,-0.11485060523538028
MGJC0_SI1256,-0.06595367022923061
MGJC0_SI1335,-0.10634081428115433
MGJC0_SI1965,-0.08334122763739692
MGJC0_SX165,-0.18144497504601112
MGJC0_SX255,-0.143020419513478
MGJC0_SX345,-0.22642832788927802
MGJC0_SX435,-0.12678103544274155
MGJC0_SX75,-0.16017167270183563
MGRL0_SI1497,-0.1569710546924222
MGRL0_SI2127,-0.19692036684821634
MGRL0_SI867,-0.16182491427562276
MGRL0_SX147,-0.032143523526746175
MGRL0_SX237,-0.09675846380345962
MGRL0_SX327,-0.03471611096308781
MGRL0_SX417,-0.11400781179729261
MGRL0_SX57,-0.012366652488708496
MGRP0_SI1317,-0.1890477234462522
MGRP0_SI1947,-0.23951762722384545
MGRP0_SI687,-0.21268896261850992
MGRP0_SX147,-0.17186106806216034
MGRP0_SX237,-0.07493894978573448
MGRP0_SX327,-0.1304405757359096
MGRP0_SX417,-0.17279755441766037
MGRP0_SX57,-0.09418803804060992
MGSH0_SI1176,-0.11894833296537399
MGSH0_SI1806,-0.16965389251708984
MGSH0_SI546,-0.23586485120985243
MGSH0_SX127,-0.14559516310691833
MGSH0_SX186,-0.19227662579766636
MGSH0_SX276,-0.15352201461791992
MGSH0_SX6,-0.29244278027461124
MGSH0_SX96,-0.20028962029351127
MGSL0_SI1164,-0.15690584480762482
MGSL0_SI534,-0.022529495259126026
MGSL0_SI797,-0.06447278369556773
MGSL0_SX174,-0.12222589636748692
MGSL0_SX264,-0.16869712758947303
MGSL0_SX354,-0.23203300660656345
MGSL0_SX444,-0.1384815654239139
MGSL0_SX84,-0.18246066570281982
MGXP0_SI1087,-0.12871395217047799
MGXP0_SI457,-0.2448526250905004
MGXP0_SI525,-0.13047390148557467
MGXP0_SX187,-0.16332147671626165
MGXP0_SX277,-0.15757407460893905
MGXP0_SX367,-0.0822335614098443
MGXP0_SX7,-0.1009091673226192
MGXP0_SX97,-0.15284096110950818
MHBS0_SI1575,-0.029453905853065284
MHBS0_SI2205,-0.13400402936068448
MHBS0_SI945,-0.1440427424543995
MHBS0_SX135,-0.10973836075175893
MHBS0_SX225,-0.14391989891345686
MHBS0_SX315,-0.2450876065662929
MHBS0_SX405,-0.05560932932673274
MHBS0_SX45,-0.024321993192036945
MHIT0_SI1613,-0.206636212088845
MHIT0_SI2243,-0.07149726390838623
MHIT0_SI983,-0.21335697174072266
MHIT0_SX173,-0.25796884536743164
MHIT0_SX263,-0.12645246301378524
MHIT0_SX353,-0.13945352669918176
MHIT0_SX443,-0.23555205663045248
MHIT0_SX83,-0.0682782353581609
MHJB0_SI1017,-0.1294588115480211
MHJB0_SI1647,-0.1489196827537135
MHJB0_SI2277,-0.1281690001487732
MHJB0_SX117,-0.14658840240970736
MHJB0_SX207,-0.10530657353608505
MHJB0_SX27,-0.10631369590759278
MHJB0_SX297,-0.13658380508422852
MHJB0_SX387,-0.09235276579856873
MHMG0_SI1365,-0.2254834771156311
MHMG0_SI1995,-0.028640809655189513
MHMG0_SI735,-0.18794846116450795
MHMG0_SX105,-0.04225822165608406
MHMG0_SX15,-0.1938171237707138
MHMG0_SX195,-0.08360902070999146
MHMG0_SX285,-0.12051251530647278
MHMG0_SX375,-0.13186144828796387
MHMR0_SI1119,-0.19443993134932083
MHMR0_SI1692,-0.12787137951767236
MHMR0_SI489,-0.19754239916801453
MHMR0_SX129,-0.20893895184552227
MHMR0_SX219,-0.20487355076989464
MHMR0_SX309,-0.2058470423628644
MHMR0_SX39,-0.10217952728271484
MHMR0_SX399,-0.24285786240189164
MHRM0_SI1475,-0.11010976791381837
MHRM0_SI2218,-0.10299878371389289
MHRM0_SI958,-0.2859716848893599
MHRM0_SX148,-0.10486580874468829
MHRM0_SX238,-0.02306811014811198
MHRM0_SX328,-0.19069657427199344
MHRM0_SX418,-0.061180635502463894
MHRM0_SX58,-0.13486490997613645
MHXL0_SI1772,-0.15215029435999253
MHXL0_SI512,-0.09379433296822212
MHXL0_SI612,-0.09378471741309533
MHXL0_SX152,-0.03756740093231201
MHXL0_SX242,-0.2613495985666911
MHXL0_SX332,-0.18060528359762051
MHXL0_SX422,-0.20600881809141577
MHXL0_SX62,-0.10941446911204945
MILB0_SI2163,-0.14637879169348514
MILB0_SI807,-0.11103850823861582
MILB0_SI903,-0.12536495382135565
MILB0_SX183,-0.2440842699121546
MILB0_SX273,-0.18821480870246887
MILB0_SX3,-0.21264564990997314
MILB0_SX363,-0.03019533838544573
MILB0_SX93,-0.09182694435119629
MJAC0_SI1331,-0.1221935565655048
MJAC0_SI2148,-0.17692279815673828
MJAC0_SI701,-0.16498354942567886
MJAC0_SX251,-0.136847578562223
MJAC0_SX307,-0.2816615581512451
MJAC0_SX341,-0.09354559183120728
MJAC0_SX431,-0.16135110353168688
MJAC0_SX71,-0.13755686529751482
MJAE0_SI1524,-0.2599614795885588
MJAE0_SI1999,-0.25438692834642196
MJAE0_SI2154,-0.08720498532056808
MJAE0_SX174,-0.11202991008758545
MJAE0_SX264,-0.15096011655084018
MJAE0_SX354,-0.20649081117966595
MJAE0_SX444,-0.25205336390314875
MJAE0_SX84,-0.15016496181488037
MJAI0_SI1604,-0.15994660059611002
MJAI0_SI682,-0.05654653035677396
MJAI0_SI710,-0.13979152097540387
MJAI0_SX164,-0.04985122789036144
MJAI0_SX254,-0.18091137068612234
MJAI0_SX344,-0.2850835124651591
MJAI0_SX434,-0.1399488023349217
MJAI0_SX74,-0.14325420996722052
MJBG0_SI1232,-0.12822280928146007
MJBG0_SI1724,-0.14613139629364014
MJBG0_SI1862,-0.017100516706705093
MJBG0_SX152,-0.044001173405420216
MJBG0_SX242,-0.1854494842323097
MJBG0_SX332,-0.03788713349236383
MJBG0_SX422,-0.12202483851735185
MJBG0_SX62,-0.03932820426093207
MJDA0_SI1031,-0.11419603228569031
MJDA0_SI1661,-0.16286764425389907
MJDA0_SI2291,-0.10606168411873482
MJDA0_SX131,-0.021244992228115305
MJDA0_SX221,-0.11026749959806116
MJDA0_SX311,-0.12682453502308239
MJDA0_SX401,-0.12002413613455636
MJDA0_SX41,-0.13096554774158406
MJDC0_SI1161,-0.24698240280151368
MJDC0_SI2165,-0.43129146099090576
MJDC0_SI531,-0.2056836435350321
MJDC0_SX171,-0.24632551232162786
MJDC0_SX261,-0.15527040308172052
MJDC0_SX351,-0.22138886119044104
MJDC0_SX441,-0.1798988370334401
MJDC0_SX81,-0.14107335846999597
MJDE0_SI1120,-0.16009998321533203
MJDE0_SI463,-0.23079049587249756
MJDE0_SI490,-0.15377510457799054
MJDE0_SX130,-0.2100976495181813
MJDE0_SX220,-0.16287696838378907
MJDE0_SX310,-0.2283872554176732
MJDE0_SX40,-0.10969928036565366
MJDE0_SX400,-0.13546053956194623
MJDG0_SI1042,-0.13306301169925266
MJDG0_SI1672,-0.14023526509602866
MJDG0_SI1705,-0.10648511074207447
MJDG0_SX142,-0.03903277542280114
MJDG0_SX232,-0.04690135043600331
MJDG0_SX322,-0.14141272008419037
MJDG0_SX412,-0.15033809705214066
MJDG0_SX52,-0.02960945471473362
MJDM0_SI1340,-0.1700132220399146
MJDM0_SI1937,-0.2562959705080305
MJDM0_SI974,-0.08346329717075124
MJDM0_SX170,-0.26691850626243735
MJDM0_SX260,-0.1070577757699149
MJDM0_SX350,-0.1850899341059666
MJDM0_SX440,-0.09579268097877502
MJDM0_SX80,-0.03682427803675334
MJEB0_SI1286,-0.12776069438203852
MJEB0_SI1916,-0.14130221472846138
MJEB0_SI656,-0.09997906088829041
MJEB0_SX170,-0.10152417096224699
MJEB0_SX206,-0.17740734612069478
MJEB0_SX26,-0.2557951736450195
MJEB0_SX296,-0.11267768183062153
MJEB0_SX386,-0.013379442114983835
MJEB1_SI1467,-0.1417682547318308
MJEB1_SI2097,-0.14300889679879852
MJEB1_SI837,-0.18751349691617286
MJEB1_SX117,-0.10414409637451172
MJEB1_SX207,-0.3703447182973226
MJEB1_SX27,-0.1242354679107666
MJEB1_SX297,-0.25177943321966356
MJEB1_SX387,-0.15689121710287557
MJEE0_SI1237,-0.20512469609578451
MJEE0_SI1867,-0.062465538849701754
MJEE0_SI607,-0.2542372809516059
MJEE0_SX157,-0.13194000720977783
MJEE0_SX247,-0.1766109033064409
MJEE0_SX337,-0.09385453462600708
MJEE0_SX427,-0.2373386791774205
MJEE0_SX67,-0.10584415089000355
MJFH0_SI1107,-0.2824420928955078
MJFH0_SI1737,-0.17193419933319093
MJFH0_SI477,-0.15321268115127296
MJFH0_SX117,-0.08197135130564372
MJFH0_SX207,-0.17933968702952066
MJFH0_SX27,-0.15658164978027345
MJFH0_SX297,-0.22495460510253906
MJFH0_SX387,-0.15664212768142288
MJFR0_SI1605,-0.1923966021151156
MJFR0_SI2235,-0.1274072907187722
MJFR0_SI975,-0.1519178032875061
MJFR0_SX165,-0.20621674060821532
MJFR0_SX255,-0.17965103520287407
MJFR0_SX345,-0.2949568748474121
MJFR0_SX435,-0.16879664934598482
MJFR0_SX75,-0.1978440573721221
MJHI0_SI1328,-0.05537045747041702
MJHI0_SI555,-0.10921382052557808
MJHI0_SI698,-0.2437921478634789
MJHI0_SX158,-0.029126754828861783
MJHI0_SX248,-0.20319868968083307
MJHI0_SX338,-0.14087800979614257
MJHI0_SX428,-0.17183124754163953
MJHI0_SX68,-0.159895658493042
MJJB0_SI1139,-0.1280046167044804
MJJB0_SI1277,-0.15669034918149313
MJJB0_SI1769,-0.30043983459472656
MJJB0_SX149,-0.12134485041841547
MJJB0_SX239,-0.12765910890367296
MJJB0_SX329,-0.07856160640716553
MJJB0_SX419,-0.2128044334617821
MJJB0_SX59,-0.2268360027900109
MJJJ0_SI1163,-0.03725297003984451
MJJJ0_SI1793,-0.15346238192389994
MJJJ0_SI533,-0.2200152797083701
MJJJ0_SX173,-0.2043874462445577
MJJJ0_SX263,-0.11558841836863551
MJJJ0_SX353,-0.13976121717883694
MJJJ0_SX443,-0.17520278294881184
MJJJ0_SX83,-0.11779299297848263
MJJM0_SI1251,-0.17334577242533367
MJJM0_SI1457,-0.13416883500955873
MJJM0_SI827,-0.08534825814736856
MJJM0_SX107,-0.1423425939348009
MJJM0_SX17,-0.3113104343414307
MJJM0_SX197,-0.21505574385325113
MJJM0_SX287,-0.22453190151013827
MJJM0_SX377,-0.21291963065542827
MJKR0_SI1201,-0.1952086034810768
MJKR0_SI1831,-0.24705714649624294
MJKR0_SI571,-0.14814969168768988
MJKR0_SX121,-0.14422148029978682
MJKR0_SX211,-0.23419650863198674
MJKR0_SX301,-0.1947290395435534
MJKR0_SX31,-0.2696349804217999
MJKR0_SX391,-0.21819760799407958
MJLB0_SI1616,-0.20348341200086806
MJLB0_SI2246,-0.25098784764607746
MJLB0_SI986,-0.08525781920461943
MJLB0_SX176,-0.17334953221407803
MJLB0_SX266,-0.14060083512336977
MJLB0_SX356,-0.19432410326871005
MJLB0_SX446,-0.0621798772078294
MJLB0_SX86,-0.12562881746599752
MJLG1_SI1012,-0.10710599141962387
MJLG1_SI1642,-0.23817758900778635
MJLG1_SI2272,-0.029970138759936316
MJLG1_SX112,-0.13545149725836678
MJLG1_SX202,-0.010726001262664795
MJLG1_SX22,-0.15864319151098077
MJLG1_SX292,-0.017594442648046157
MJLG1_SX382,-0.12254970501630734
MJLS0_SI1096,-0.20340770483016968
MJLS0_SI1726,-0.15662045776844025
MJLS0_SI466,-0.02679331138216216
MJLS0_SX106,-0.1586817741394043
MJLS0_SX16,-0.2498823574611119
MJLS0_SX196,-0.050134374981834776
MJLS0_SX286,-0.15281200408935547
MJLS0_SX376,-0.1413497357141404
MJMA0_SI1495,-0.164475164915386
MJMA0_SI2125,-0.1686840424170861
MJMA0_SI865,-0.023223236203193665
MJMA0_SX145,-0.18395461791600937
MJMA0_SX235,-0.03720298210779826
MJMA0_SX325,-0.10831146240234375
MJMA0_SX415,-0.10267163647545709
MJMA0_SX55,-0.14517592324150932
MJMD0_SI1028,-0.1996294535123385
MJMD0_SI1658,-0.2255575180053711
MJMD0_SI2288,-0.17563076624794613
MJMD0_SX128,-0.1498062292734782
MJMD0_SX218,-0.13952315421331496
MJMD0_SX308,-0.167268388411578
MJMD0_SX38,-0.026362627051597417
MJMD0_SX398,-0.14896365099175032
MJMM0_SI1255,-0.11434810161590576
MJMM0_SI1885,-0.09786332978142633
MJMM0_SI625,-0.02746327133739696
MJMM0_SX175,-0.12672570835460317
MJMM0_SX265,-0.04676324612385518
MJMM0_SX355,-0.1400842811122085
MJMM0_SX445,-0.13271279896006866
MJMM0_SX85,-0.1505410110249239
MJPG0_SI1191,-0.11044635492212632
MJPG0_SI1821,-0.15792429036107555
MJPG0_SI561,-0.12613885685548945
MJPG0_SX111,-0.08532166481018066
MJPG0_SX201,-0.15692416599818637
MJPG0_SX21,-0.064869225025177
MJPG0_SX291,-0.25761153780180834
MJPG0_SX381,-0.02512168115185153
MJPM0_SI1368,-0.15535702024187362
MJPM0_SI1998,-0.14159300923347473
MJPM0_SI738,-0.0274779098374503
MJPM0_SX108,-0.13716966576046413
MJPM0_SX18,-0.11866950988769531
MJPM0_SX198,-0.25378189415767277
MJPM0_SX288,-0.2387212265369504
MJPM0_SX378,-0.15499500224464818
MJPM1_SI1897,-0.18892466320711024
MJPM1_SI2280,-0.1332231651652943
MJPM1_SI761,-0.12170818873814174
MJPM1_SX131,-0.23875469820840017
MJPM1_SX221,-0.08356727304912749
MJPM1_SX311,-0.1712384710506517
MJPM1_SX401,-0.12580834494696724
MJPM1_SX41,-0.03954498440611596
MJRA0_SI1236,-0.1596737225850423
MJRA0_SI1866,-0.214353645549101
MJRA0_SI606,-0.1332739035288493
MJRA0_SX156,-0.1335278774829621
MJRA0_SX246,-0.12368377617427281
MJRA0_SX336,-0.14965078565809461
MJRA0_SX426,-0.20123068062034813
MJRA0_SX66,-0.03564921263101939
MJRG0_SI1366,-0.3145212990897042
MJRG0_SI1996,-0.16395069658756256
MJRG0_SI736,-0.25008106231689453
MJRG0_SX106,-0.09029904206593832
MJRG0_SX16,-0.2532580920628139
MJRG0_SX286,-0.13548505783081055
MJRG0_SX352,-0.1079568862915039
MJRG0_SX376,-0.14399354050799115
MJRH0_SI1125,-0.13232953924881785
MJRH0_SI1755,-0.18330530439104353
MJRH0_SI1840,-0.09312348138718378
MJRH0_SX135,-0.14091719650640722
MJRH0_SX225,-0.2187240719795227
MJRH0_SX315,-0.19921721730913436
MJRH0_SX405,-0.09310555458068848
MJRH0_SX45,-0.13141239843060892
MJRH1_SI1558,-0.19261072332208806
MJRH1_SI1774,-0.15435377289267146
MJRH1_SI514,-0.1244889785503519
MJRH1_SX154,-0.1446536428788129
MJRH1_SX244,-0.12264442443847656
MJRH1_SX334,-0.16205223868874943
MJRH1_SX424,-0.12876483973334818
MJRH1_SX64,-0.2124009710369688
MJRK0_SI1662,-0.0723451852798462
MJRK0_SI2103,-0.14890875535852768
MJRK0_SI880,-0.2521529284390536
MJRK0_SX160,-0.192585817972819
MJRK0_SX250,-0.19540238991761819
MJRK0_SX340,-0.1616704079412645
MJRK0_SX430,-0.14626307288805643
MJRK0_SX70,-0.012419674793879192
MJRP0_SI1835,-0.049494070666176934
MJRP0_SI1845,-0.14596111543716922
MJRP0_SI585,-0.17442049980163574
MJRP0_SX135,-0.15362787246704102
MJRP0_SX225,-0.19712709426879882
MJRP0_SX315,-0.25552972725459505
MJRP0_SX405,-0.011721418135695987
MJRP0_SX45,-0.029733889632754855
MJSR0_SI1424,-0.19832168481288812
MJSR0_SI2054,-0.20404757483530853
MJSR0_SI794,-0.23813680240086146
MJSR0_SX164,-0.1630724731244539
MJSR0_SX254,-0.24892393747965494
MJSR0_SX344,-0.14722296595573425
MJSR0_SX434,-0.1905062675476074
MJSR0_SX74,-0.20192193984985352
MJWG0_SI2155,-0.03875084859984262
MJWG0_SI813,-0.1490070863203569
MJWG0_SI895,-0.20007859743558443
MJWG0_SX175,-0.13980180025100708
MJWG0_SX265,-0.19111925182920514
MJWG0_SX355,-0.198959227531187
MJWG0_SX445,-0.19656473217588483
MJWG0_SX85,-0.1750072276953495
MJWS0_SI1143,-0.1860123295937815
MJWS0_SI1773,-0.21962142713142163
MJWS0_SI513,-0.022608248811019093
MJWS0_SX153,-0.16403182047717976
MJWS0_SX243,-0.1295833122439501
MJWS0_SX333,-0.18396309746636286
MJWS0_SX423,-0.12175118923187256
MJWS0_SX63,-0.026195628078360306
MJWT0_SI1291,-0.03704429417848587
MJWT0_SI1381,-0.13391007317437065
MJWT0_SI751,-0.2571265769727302
MJWT0_SX121,-0.1175227532019982
MJWT0_SX211,-0.07332059916327982
MJWT0_SX301,-0.2028327364670603
MJWT0_SX31,-0.13509604665968153
MJWT0_SX391,-0.17524174640053197
MJXA0_SI1507,-0.1561602078951322
MJXA0_SI2137,-0.24562524613879977
MJXA0_SI877,-0.1521456381853889
MJXA0_SX157,-0.1389422581113618
MJXA0_SX247,-0.13565033040148147
MJXA0_SX337,-0.14961255563272013
MJXA0_SX427,-0.17118419133699858
MJXA0_SX67,-0.03734392073096299
MJXL0_SI1172,-0.10315821600742027
MJXL0_SI1795,-0.1522984925438376
MJXL0_SI542,-0.1582010023055538
MJXL0_SX182,-0.1763385067815366
MJXL0_SX272,-0.095132066653325
MJXL0_SX362,-0.1425117538088844
MJXL0_SX452,-0.17168791727586227
MJXL0_SX92,-0.11225271224975586
MKAG0_SI1609,-0.17494848941234833
MKAG0_SI2239,-0.2207725715637207
MKAG0_SI979,-0.13811926687917403
MKAG0_SX169,-0.20788685868426068
MKAG0_SX259,-0.2023774356376834
MKAG0_SX30,-0.011790562868118287
MKAG0_SX439,-0.04211824354918107
MKAG0_SX79,-0.1942013141720794
MKAH0_SI1528,-0.16253742906782362
MKAH0_SI2158,-0.18144388759837432
MKAH0_SI898,-0.14464698118322036
MKAH0_SX178,-0.20388736724853515
MKAH0_SX268,-0.19242721380189406
MKAH0_SX358,-0.19494924874141298
MKAH0_SX448,-0.1110253781080246
MKAH0_SX88,-0.13659689823786417
MKAJ0_SI1414,-0.15015803972880046
MKAJ0_SI2044,-0.14216131749360458
MKAJ0_SI784,-0.036099637426981114
MKAJ0_SX154,-0.01751189847146311
MKAJ0_SX244,-0.1454297823783679
MKAJ0_SX334,-0.1579493654185328
MKAJ0_SX424,-0.02618707628811107
MKAJ0_SX64,-0.09852151738272773
MKAM0_SI1250,-0.23777117295698685
MKAM0_SI1316,-0.12068355405652845
MKAM0_SI1465,-0.04114245706134372
MKAM0_SX146,-0.0450249433517456
MKAM0_SX236,-0.1336789438801427
MKAM0_SX326,-0.18951644568607726
MKAM0_SX416,-0.18280409000538014
MKAM0_SX56,-0.11618977058224561
MKDB0_SI2132,-0.12430469613326223
MKDB0_SI588,-0.17010405967975484
MKDB0_SI872,-0.03760436020399395
MKDB0_SX152,-0.1902647367337855
MKDB0_SX242,-0.10115908932041477
MKDB0_SX332,-0.061270907867786495
MKDB0_SX422,-0.06704325210757373
MKDB0_SX62,-0.10066266589694553
MKDD0_SI1567,-0.14157528877258302
MKDD0_SI2197,-0.1481318055537709
MKDD0_SI937,-0.19474005699157715
MKDD0_SX127,-0.09377637116805367
MKDD0_SX217,-0.06873868902524312
MKDD0_SX307,-0.020492583513259888
MKDD0_SX37,-0.017872912319082963
MKDD0_SX397,-0.16684649972354665
MKDT0_SI2153,-0.09949508790046938
MKDT0_SI814,-0.18521989402124436
MKDT0_SI893,-0.20015434657826142
MKDT0_SX173,-0.231643009185791
MKDT0_SX263,-0.1269176687513079
MKDT0_SX353,-0.2422257661819458
MKDT0_SX443,-0.2600092887878418
MKDT0_SX83,-0.12170015062604632
MKES0_SI1253,-0.1966675122578939
MKES0_SI1883,-0.19811378381191155
MKES0_SI623,-0.17207242824413158
MKES0_SX173,-0.16254542271296182
MKES0_SX263,-0.22251938129293508
MKES0_SX353,-0.1382571133700284
MKES0_SX443,-0.181437349319458
MKES0_SX83,-0.02717394891538118
MKJO0_SI1517,-0.22136175064813524
MKJO0_SI2147,-0.1230426701632413
MKJO0_SI887,-0.12980186939239502
MKJO0_SX167,-0.021511723778464577
MKJO0_SX257,-0.22870630484360915
MKJO0_SX424,-0.08253159523010253
MKJO0_SX437,-0.038766011899831344
MKJO0_SX77,-0.12370517140343076
MKLN0_SI1598,-0.12593484918276468
MKLN0_SI2228,-0.07472767829895019
MKLN0_SI968,-0.14939298232396445
MKLN0_SX158,-0.1539973258972168
MKLN0_SX248,-0.15186860643584152
MKLN0_SX338,-0.24137536684672037
MKLN0_SX428,-0.14700872633192275
MKLN0_SX68,-0.14485145337653882
MKLR0_SI1059,-0.1335533332824707
MKLR0_SI1689,-0.1215588404582097
MKLR0_SI2319,-0.15815180319326896
MKLR0_SX159,-0.04466891619894239
MKLR0_SX249,-0.2575678275181697
MKLR0_SX339,-0.11078678407976704
MKLR0_SX429,-0.02506052085331508
MKLR0_SX69,-0.11161485314369202
MKLS0_SI1437,-0.20403951113341284
MKLS0_SI1533,-0.2537443512364438
MKLS0_SI2067,-0.2577479600906372
MKLS0_SX177,-0.19273670196533202
MKLS0_SX267,-0.24295506110558143
MKLS0_SX357,-0.13825544118881225
MKLS0_SX447,-0.1967484951019287
MKLS0_SX87,-0.22942962365991929
MKLS1_SI1545,-0.2942792215654927
MKLS1_SI2175,-0.18144180463707965
MKLS1_SI915,-0.1967865516399515
MKLS1_SX105,-0.15803015616632277
MKLS1_SX15,-0.18038331761079676
MKLS1_SX195,-0.11301272392272949
MKLS1_SX285,-0.14325966835021972
MKLS1_SX375,-0.15579566722962915
MKLW0_SI1571,-0.1420317996631969
MKLW0_SI1844,-0.23125967383384705
MKLW0_SI2201,-0.07254687547683716
MKLW0_SX131,-0.12285356810598662
MKLW0_SX221,-0.18608270991932263
MKLW0_SX311,-0.19496019007795948
MKLW0_SX401,-0.15261668250674293
MKLW0_SX41,-0.16962495839820718
MKRG0_SI1491,-0.1592546983198686
MKRG0_SI2121,-0.21496932289817117
MKRG0_SI861,-0.26318899790445965
MKRG0_SX141,-0.18534321687659439
MKRG0_SX231,-0.24507147615606134
MKRG0_SX31,-0.20158765866206244
MKRG0_SX411,-0.15271706458849785
MKRG0_SX51,-0.017419521297727312
MKXL0_SI1185,-0.04373652093550738
MKXL0_SI1815,-0.11489689539349268
MKXL0_SI1958,-0.04235552151997884
MKXL0_SX105,-0.03455382393252465
MKXL0_SX15,-0.2674744427204132
MKXL0_SX195,-0.15974752799324368
MKXL0_SX285,-0.026000534334490375
MKXL0_SX375,-0.12823249132205278
MLBC0_SI1239,-0.1516442792168979
MLBC0_SI1869,-0.19892178882252087
MLBC0_SI609,-0.1310329749935963
MLBC0_SX159,-0.07021721633704933
MLBC0_SX249,-0.10859607733212985
MLBC0_SX339,-0.09164916066562429
MLBC0_SX429,-0.02081480324268341
MLBC0_SX69,-0.14870959690638952
MLEL0_SI1246,-0.17465746402740479
MLEL0_SI1876,-0.186457622051239
MLEL0_SI616,-0.14692364969561178
MLEL0_SX166,-0.10611881644038831
MLEL0_SX256,-0.1512460559606552
MLEL0_SX346,-0.022693439405791615
MLEL0_SX436,-0.24315452575683594
MLEL0_SX76,-0.042907504658950005
MLJC0_SI1225,-0.11689077841269004
MLJC0_SI1855,-0.13849427825526187
MLJC0_SI595,-0.1321625451783876
MLJC0_SX145,-0.2455438467172476
MLJC0_SX235,-0.22786153596023034
MLJC0_SX325,-0.1425109792638708
MLJC0_SX415,-0.21851472596864444
MLJC0_SX55,-0.1190220984545621
MLJH0_SI1324,-0.30144094467163085
MLJH0_SI1422,-0.1572970062939089
MLJH0_SI694,-0.20274881414465
MLJH0_SX154,-0.13386072052849662
MLJH0_SX244,-0.21824569702148439
MLJH0_SX334,-0.1869760426607999
MLJH0_SX424,-0.1387453487941197
MLJH0_SX64,-0.13398611545562744
MLNS0_SI1407,-0.04562024729592459
MLNS0_SI2037,-0.16661966497247868
MLNS0_SI777,-0.15104281201082118
MLNS0_SX147,-0.012055253237485885
MLNS0_SX237,-0.24014053846660413
MLNS0_SX327,-0.11030868756569039
MLNS0_SX417,-0.13061684828538161
MLNS0_SX57,-0.16246857181672128
MLSH0_SI1417,-0.08961130489002575
MLSH0_SI2047,-0.11547886171648579
MLSH0_SI787,-0.14503323237101237
MLSH0_SX157,-0.17129101072038924
MLSH0_SX247,-0.18506504141766092
MLSH0_SX337,-0.14517680406570435
MLSH0_SX427,-0.10145141397203718
MLSH0_SX67,-0.14566879045395625
MMAA0_SI1588,-0.08415801852357153
MMAA0_SI2105,-0.22497150421142578
MMAA0_SI845,-0.03402454202825373
MMAA0_SX125,-0.10994412981230638
MMAA0_SX215,-0.10500319583995922
MMAA0_SX305,-0.034276836684771946
MMAA0_SX35,-0.06411288579305013
MMAA0_SX395,-0.23077945220164764
MMAB1_SI1494,-0.169397234916687
MMAB1_SI2124,-0.14945545196533203
MMAB1_SI864,-0.23914443469438396
MMAB1_SX144,-0.2914938782200669
MMAB1_SX234,-0.11031354557384145
MMAB1_SX324,-0.1382628660935622
MMAB1_SX414,-0.13186919979932832
MMAB1_SX54,-0.21473032633463543
MMAG0_SI1126,-0.16325417431918057
MMAG0_SI1756,-0.16662773132324218
MMAG0_SI496,-0.14272150728437635
MMAG0_SX136,-0.11667604799623843
MMAG0_SX226,-0.07686823322659447
MMAG0_SX316,-0.18912453487001615
MMAG0_SX406,-0.03847718477249146
MMAG0_SX46,-0.03054523654282093
MMAM0_SI1597,-0.16341733932495117
MMAM0_SI1668,-0.19932929992675782
MMAM0_SI2227,-0.14500289303915842
MMAM0_SX157,-0.2522122936864053
MMAM0_SX247,-0.17073409453682278
MMAM0_SX337,-0.13195171111669296
MMAM0_SX427,-0.13264248004326454
MMAM0_SX67,-0.22797659823769018
MMAR0_SI1336,-0.16637053943815686
MMAR0_SI1966,-0.19297807866876776
MMAR0_SI706,-0.07052411752588608
MMAR0_SX166,-0.14696311950683594
MMAR0_SX256,-0.2304576188325882
MMAR0_SX346,-0.13829548160235086
MMAR0_SX436,-0.1998374064763387
MMAR0_SX76,-0.1436621103531275
MMBS0_SI1151,-0.09963753488328722
MMBS0_SI1781,-0.2856158256530762
MMBS0_SI521,-0.10132626355704615
MMBS0_SX161,-0.12022918921250564
MMBS0_SX251,-0.05076781467155174
MMBS0_SX341,-0.13070534576069226
MMBS0_SX431,-0.19872676001654732
MMBS0_SX71,-0.2107518103814894
MMCC0_SI1338,-0.18592115810939244
MMCC0_SI1968,-0.1033658848868476
MMCC0_SI708,-0.23693801261283257
MMCC0_SX168,-0.16611956556638083
MMCC0_SX258,-0.18644775043834338
MMCC0_SX348,-0.14713868640718006
MMCC0_SX438,-0.14163065910339356
MMCC0_SX78,-0.018611868907665384
MMDB0_SI1358,-0.14139793713887533
MMDB0_SI1617,-0.029068006710572677
MMDB0_SI987,-0.17999099549793063
MMDB0_SX177,-0.1525438015277569
MMDB0_SX267,-0.21983484427134195
MMDB0_SX357,-0.12352694691838445
MMDB0_SX447,-0.13974492366497332
MMDB0_SX87,-0.0067514027742778555
MMDG0_SI1780,-0.1588012810909387
MMDG0_SI2035,-0.17114323118458624
MMDG0_SI520,-0.08702204678509687
MMDG0_SX160,-0.11398483359295389
MMDG0_SX250,-0.22597973521162823
MMDG0_SX340,-0.22196966229063092
MMDG0_SX430,-0.09647560119628906
MMDG0_SX70,-0.0248643159866333
MMDM0_SI1311,-0.19272927939891815
MMDM0_SI1941,-0.13728876340956914
MMDM0_SI681,-0.14638139355567195
MMDM0_SX141,-0.13247308325260243
MMDM0_SX231,-0.3828633048317649
MMDM0_SX321,-0.09719784693284468
MMDM0_SX411,-0.17081798651279548
MMDM0_SX51,-0.14054169765738553
MMDM1_SI1650,-0.02591911659521215
MMDM1_SI2043,-0.28336620330810547
MMDM1_SI783,-0.040866709417766996
MMDM1_SX153,-0.06788457608690449
MMDM1_SX243,-0.15943796634674073
MMDM1_SX333,-0.133084842136928
MMDM1_SX423,-0.12239146739878554
MMDM1_SX63,-0.07090107372828892
MMDS0_SI1343,-0.12108442918309625
MMDS0_SI1973,-0.36577916145324707
MMDS0_SI713,-0.06783728301525116
MMDS0_SX173,-0.09376850724220276
MMDS0_SX263,-0.10466610060797797
MMDS0_SX353,-0.1780919413412771
MMDS0_SX443,-0.25489575068155923
MMDS0_SX83,-0.1033806596483503
MMEA0_SI1388,-0.14179963580632615
MMEA0_SI2018,-0.04522044459978739
MMEA0_SI758,-0.12849607775288244
MMEA0_SX128,-0.010454421596867698
MMEA0_SX218,-0.12014070310090717
MMEA0_SX308,-0.10011836141347885
MMEA0_SX38,-0.11402685642242431
MMEA0_SX398,-0.1238911558942097
MMEB0_SI1357,-0.05736672878265381
MMEB0_SI1987,-0.20922461871443124
MMEB0_SI727,-0.15449857711791992
MMEB0_SX187,-0.1974163736615862
MMEB0_SX327,-0.15969435373942056
MMEB0_SX367,-0.08489098969627829
MMEB0_SX7,-0.11586079230675331
MMEB0_SX97,-0.18349252428327287
MMGC0_SI1305,-0.13929750151553397
MMGC0_SI1935,-0.15255181853835648
MMGC0_SI2184,-0.20086819192637567
MMGC0_SX135,-0.09109372442418878
MMGC0_SX225,-0.32981427510579425
MMGC0_SX315,-0.14692993821768924
MMGC0_SX405,-0.0722207839672382
MMGC0_SX45,-0.13511335488521692
MMGG0_SI1079,-0.16353451410929362
MMGG0_SI1709,-0.09939489914820744
MMGG0_SI2339,-0.13924949819391425
MMGG0_SX179,-0.1366680672294215
MMGG0_SX269,-0.13687929936817714
MMGG0_SX359,-0.1724257469177246
MMGG0_SX449,-0.11062792369297572
MMGG0_SX89,-0.14199308345192357
MMGK0_SI1322,-0.1258941504914882
MMGK0_SI1952,-0.10299756246454575
MMGK0_SI692,-0.1358364486694336
MMGK0_SX152,-0.01759410065573615
MMGK0_SX242,-0.054168718201773505
MMGK0_SX332,-0.030220475792884827
MMGK0_SX422,-0.11499735025259164
MMGK0_SX62,-0.08000014989803998
MMJB1_SI1408,-0.047851024604425196
MMJB1_SI2038,-0.1473838906539114
MMJB1_SI778,-0.16183306376139323
MMJB1_SX148,-0.13738096082532728
MMJB1_SX238,-0.03596117761400011
MMJB1_SX328,-0.08077540496985118
MMJB1_SX418,-0.03553559535588974
MMJB1_SX58,-0.04532457773502056
MMLM0_SI1527,-0.17565066997821516
MMLM0_SI2150,-0.13075250387191772
MMLM0_SI897,-0.1831985596687563
MMLM0_SX177,-0.13181379318237305
MMLM0_SX267,-0.17537023907616026
MMLM0_SX357,-0.10642772767601943
MMLM0_SX447,-0.079586629514341
MMLM0_SX87,-0.15969102042061942
MMPM0_SI1061,-0.06942177500043596
MMPM0_SI1691,-0.14291400067946491
MMPM0_SI2321,-0.13428560892740884
MMPM0_SX161,-0.126101157244514
MMPM0_SX251,-0.0505720354476065
MMPM0_SX341,-0.12459063529968262
MMPM0_SX431,-0.08935435398204906
MMPM0_SX71,-0.09922744381812311
MMRP0_SI2034,-0.018232907354831695
MMRP0_SI717,-0.2654918261936733
MMRP0_SI774,-0.2298276083809989
MMRP0_SX144,-0.23128226707721578
MMRP0_SX234,-0.14165502436020794
MMRP0_SX324,-0.14119842648506165
MMRP0_SX414,-0.1020886670975458
MMRP0_SX54,-0.13150282700856528
MMSM0_SI1106,-0.042116452907693794
MMSM0_SI1736,-0.1120295524597168
MMSM0_SI476,-0.030020113174731914
MMSM0_SX116,-0.13147913968121563
MMSM0_SX206,-0.1714186668395996
MMSM0_SX26,-0.14478634904932092
MMSM0_SX296,-0.09104071060816447
MMSM0_SX386,-0.10467956860860189
MMVP0_SI1284,-0.10984794846896467
MMVP0_SI1914,-0.1815182191354257
MMVP0_SI654,-0.20104087608447974
MMVP0_SX114,-0.1517269804671004
MMVP0_SX204,-0.2089197996890906
MMVP0_SX294,-0.20001112181564856
MMVP0_SX347,-0.16063707669576008
MMVP0_SX384,-0.23733131973831742
MMWB0_SI1619,-0.1418344107541171
MMWB0_SI2249,-0.13662281036376953
MMWB0_SI989,-0.062343283703452664
MMWB0_SX179,-0.1556684787456806
MMWB0_SX269,-0.07842092003141131
MMWB0_SX359,-0.10976224360258682
MMWB0_SX449,-0.05926036834716797
MMWB0_SX89,-0.15197516710330278
MMWS0_SI1518,-0.310361665837905
MMWS0_SI559,-0.2681166648864746
MMWS0_SI888,-0.26847898637926254
MMWS0_SX168,-0.24859096385814525
MMWS0_SX258,-0.2303493303411147
MMWS0_SX348,-0.20553741455078126
MMWS0_SX438,-0.1986194054285685
MMWS0_SX78,-0.16872734012025775
MMWS1_SI1071,-0.13222914553703147
MMWS1_SI1701,-0.1293588638305664
MMWS1_SI2331,-0.034871019423007965
MMWS1_SX261,-0.09783935546875
MMWS1_SX27,-0.12160920143127442
MMWS1_SX351,-0.12609064832646796
MMWS1_SX441,-0.036949988868501454
MMWS1_SX81,-0.03104784633174087
MMXS0_SI2136,-0.10930677021251005
MMXS0_SI629,-0.15728505991273006
MMXS0_SI876,-0.012981961170832316
MMXS0_SX156,-0.15368741208856757
MMXS0_SX246,-0.16483985582987468
MMXS0_SX336,-0.14530526267157662
MMXS0_SX426,-0.16339044313173037
MMXS0_SX66,-0.1865382194519043
MNET0_SI1446,-0.23330866615727264
MNET0_SI2076,-0.28980758915776794
MNET0_SI816,-0.18559971608613668
MNET0_SX186,-0.18488759007947198
MNET0_SX276,-0.1488880068063736
MNET0_SX366,-0.16939389471914254
MNET0_SX6,-0.2178498903910319
MNET0_SX96,-0.2149663766225179
MNTW0_SI1068,-0.16563520593158268
MNTW0_SI1698,-0.1530348989698622
MNTW0_SI2328,-0.2356947319848197
MNTW0_SX168,-0.10767656785470468
MNTW0_SX202,-0.20264287948608398
MNTW0_SX258,-0.16664441856178078
MNTW0_SX348,-0.15693406625227493
MNTW0_SX78,-0.024312445893883705
MPAR0_SI1576,-0.28487878687241497
MPAR0_SI2206,-0.1625632879868993
MPAR0_SI946,-0.04586316908107085
MPAR0_SX136,-0.03840050362704093
MPAR0_SX226,-0.14964825932572529
MPAR0_SX316,-0.039511353738846317
MPAR0_SX406,-0.14752995173136393
MPAR0_SX46,-0.1717113212302879
MPEB0_SI1034,-0.13943013391996684
MPEB0_SI1860,-0.03359866142272949
MPEB0_SI600,-0.1302293517372825
MPEB0_SX150,-0.09474104450594995
MPEB0_SX240,-0.12805188894271852
MPEB0_SX330,-0.14406019762942665
MPEB0_SX420,-0.14870598051283096
MPEB0_SX60,-0.050252478077726544
MPFU0_SI1258,-0.18050737523320895
MPFU0_SI1888,-0.27332488128117155
MPFU0_SI628,-0.016224718455112343
MPFU0_SX178,-0.12386330436257754
MPFU0_SX268,-0.07643604278564453
MPFU0_SX358,-0.1389074787016838
MPFU0_SX448,-0.011663898825645447
MPFU0_SX88,-0.023357352431939572
MPGH0_SI1554,-0.16106715569129357
MPGH0_SI675,-0.14473630587259928
MPGH0_SI924,-0.02216878081813003
MPGH0_SX114,-0.07799423824657094
MPGH0_SX204,-0.11594749266101469
MPGH0_SX24,-0.2214284170241583
MPGH0_SX294,-0.1284342578479222
MPGH0_SX384,-0.12842087745666503
MPGR0_SI1410,-0.11343638102213542
MPGR0_SI2040,-0.14221277691069104
MPGR0_SI780,-0.26449209213256836
MPGR0_SX150,-0.01578456660111745
MPGR0_SX240,-0.09929077799727277
MPGR0_SX330,-0.19956803966212916
MPGR0_SX420,-0.11673404905531141
MPGR0_SX60,-0.09186408996582031
MPGR1_SI1269,-0.1628194570541382
MPGR1_SI1499,-0.18406324219285397
MPGR1_SI2129,-0.18538649458634227
MPGR1_SX149,-0.1755227627961532
MPGR1_SX239,-0.02396228654044015
MPGR1_SX329,-0.18339158938481256
MPGR1_SX419,-0.23653592003716362
MPGR1_SX59,-0.13054258346557618
MPMB0_SI1501,-0.15572012172025793
MPMB0_SI2131,-0.2170216374927097
MPMB0_SI871,-0.17659006620708265
MPMB0_SX151,-0.11811258354965522
MPMB0_SX241,-0.141170039321437
MPMB0_SX331,-0.21231944420758417
MPMB0_SX421,-0.18381245071823532
MPMB0_SX61,-0.17525883515675864
MPPC0_SI1412,-0.13686741888523102
MPPC0_SI2042,-0.0928490703756159
MPPC0_SI782,-0.13752940568056973
MPPC0_SX152,-0.07484651803970337
MPPC0_SX242,-0.13143963283962673
MPPC0_SX332,-0.03569022246769497
MPPC0_SX422,-0.11052734851837158
MPPC0_SX62,-0.0973095228505689
MPRB0_SI1205,-0.193603269515499
MPRB0_SI1215,-0.1961880989794461
MPRB0_SI575,-0.18212226520885122
MPRB0_SX125,-0.18931381519024187
MPRB0_SX215,-0.16287572383880616
MPRB0_SX305,-0.017686472336451212
MPRB0_SX35,-0.045646953582763675
MPRB0_SX395,-0.18865131750339414
MPRD0_SI1431,-0.12414634227752686
MPRD0_SI2061,-0.22557832300662994
MPRD0_SI801,-0.20613886275381413
MPRD0_SX171,-0.16601168667828595
MPRD0_SX261,-0.23626472552617392
MPRD0_SX351,-0.19822264690788424
MPRD0_SX441,-0.02876503216592889
MPRD0_SX81,-0.16540681294032505
MPRK0_SI1097,-0.199180716175144
MPRK0_SI1727,-0.26445631980895995
MPRK0_SI467,-0.15280452994413155
MPRK0_SX107,-0.12081368764241536
MPRK0_SX17,-0.3272206215631394
MPRK0_SX197,-0.17041420936584473
MPRK0_SX287,-0.17296007871627808
MPRK0_SX377,-0.15842657997494652
MPRT0_SI1210,-0.16936723241266213
MPRT0_SI495,-0.22570092337472097
MPRT0_SI580,-0.11895858496427536
MPRT0_SX130,-0.06399495755472491
MPRT0_SX220,-0.06024799955652115
MPRT0_SX310,-0.1649317460901597
MPRT0_SX40,-0.03149816460079617
MPRT0_SX400,-0.08505808223377574
MPSW0_SI1067,-0.15206624479854808
MPSW0_SI1697,-0.18946448768057475
MPSW0_SI2327,-0.20178105913359543
MPSW0_SX167,-0.13100658292355744
MPSW0_SX24,-0.25774973914736793
MPSW0_SX257,-0.0907272154634649
MPSW0_SX437,-0.21003100336814412
MPSW0_SX77,-0.17265227105882433
MRAB0_SI1224,-0.22600762049357095
MRAB0_SI1854,-0.32558422462612974
MRAB0_SI594,-0.13004936342654022
MRAB0_SX144,-0.1758445898691813
MRAB0_SX234,-0.09621847420930862
MRAB0_SX324,-0.03472500377231174
MRAB0_SX414,-0.1358037111235828
MRAB0_SX54,-0.016796179612477622
MRAB1_SI1478,-0.1306763428908128
MRAB1_SI2108,-0.018449092904726665
MRAB1_SI848,-0.13648739507642843
MRAB1_SX128,-0.22562011082967123
MRAB1_SX218,-0.13092560995192754
MRAB1_SX308,-0.19656537560855641
MRAB1_SX38,-0.09647096906389509
MRAB1_SX398,-0.15734848865242893
MRAI0_SI1954,-0.11901574976303998
MRAI0_SI2052,-0.1829981720238401
MRAI0_SI792,-0.2079797240923036
MRAI0_SX162,-0.28640061616897583
MRAI0_SX252,-0.13716821959524444
MRAI0_SX342,-0.14331382199337608
MRAI0_SX432,-0.15566014289855956
MRAI0_SX72,-0.14892997191502497
MRAM0_SI1275,-0.1479815891810826
MRAM0_SI1905,-0.02267940839131673
MRAM0_SI1951,-0.14955546061197916
MRAM0_SX105,-0.05531069924754481
MRAM0_SX15,-0.15193398339407785
MRAM0_SX195,-0.13694581389427185
MRAM0_SX285,-0.14022360128514907
MRAM0_SX375,-0.07058452948545799
MRAV0_SI1008,-0.2003406286239624
MRAV0_SI1638,-0.19651424884796143
MRAV0_SI2268,-0.1272226467467191
MRAV0_SX108,-0.14289573720983556
MRAV0_SX18,-0.33729845477688697
MRAV0_SX198,-0.24367147876370338
MRAV0_SX288,-0.16805308364158453
MRAV0_SX378,-0.2062525137876853
MRBC0_SI1665,-0.09285079002380371
MRBC0_SI1859,-0.19985623359680177
MRBC0_SI599,-0.01840754197194026
MRBC0_SX149,-0.1629576994025189
MRBC0_SX239,-0.129411877812566
MRBC0_SX329,-0.10127432206097771
MRBC0_SX419,-0.11232944538718775
MRBC0_SX59,-0.12244385719299317
MRCG0_SI1428,-0.16353464126586914
MRCG0_SI2058,-0.2327442169189453
MRCG0_SI798,-0.20903296348376152
MRCG0_SX168,-0.1871700816684299
MRCG0_SX258,-0.20514619672620618
MRCG0_SX348,-0.1698857095506456
MRCG0_SX438,-0.21148741975122567
MRCG0_SX78,-0.16142240647346742
MRCW0_SI1371,-0.109061370577131
MRCW0_SI2001,-0.1363884879321587
MRCW0_SI741,-0.17441210199574955
MRCW0_SX111,-0.007466768396311793
MRCW0_SX201,-0.16402290889195034
MRCW0_SX21,-0.13828171491622926
MRCW0_SX291,-0.1635790765285492
MRCW0_SX381,-0.00712133789884633
MRDD0_SI1050,-0.09657154661236388
MRDD0_SI1680,-0.164997312757704
MRDD0_SI2310,-0.2944587954768428
MRDD0_SX150,-0.08864006688517909
MRDD0_SX240,-0.13699136972427367
MRDD0_SX277,-0.21749259744371688
MRDD0_SX330,-0.2533536434173584
MRDD0_SX60,-0.19474463192921765
MRDM0_SI1044,-0.1762022078037262
MRDM0_SI1595,-0.13065510590871174
MRDM0_SI965,-0.2442518292051373
MRDM0_SX155,-0.08629266782240434
MRDM0_SX245,-0.15577588762555802
MRDM0_SX335,-0.26105698672207917
MRDM0_SX425,-0.08944602365846988
MRDM0_SX65,-0.05736312558574061
MRDS0_SI1167,-0.1665055935199444
MRDS0_SI1797,-0.06838607280812364
MRDS0_SI537,-0.18237707170389467
MRDS0_SX177,-0.047710995674133304
MRDS0_SX267,-0.18665348516928182
MRDS0_SX357,-0.23828862842760587
MRDS0_SX447,-0.07101971336773463
MRDS0_SX87,-0.1560075210802483
MREE0_SI1104,-0.20536250755435131
MREE0_SI1734,-0.18072104454040527
MREE0_SI1959,-0.14354980598061773
MREE0_SX114,-0.16550490662858292
MREE0_SX204,-0.18886495359016187
MREE0_SX24,-0.27262737440026324
MREE0_SX294,-0.15074568781359443
MREE0_SX384,-0.15889495849609375
MREH1_SI1599,-0.10158203198359562
MREH1_SI2229,-0.4101543108622233
MREH1_SI969,-0.15391587454175193
MREH1_SX159,-0.13479362036052503
MREH1_SX249,-0.12949178695678712
MREH1_SX339,-0.13926501427927324
MREH1_SX429,-0.022032654001599268
MREH1_SX69,-0.16103772322336832
MREM0_SI1591,-0.213039425441197
MREM0_SI511,-0.1469287569560702
MREM0_SI961,-0.22085770438699162
MREM0_SX151,-0.16157025231255426
MREM0_SX241,-0.261590119564172
MREM0_SX331,-0.2393168000613942
MREM0_SX421,-0.18644348780314127
MREM0_SX61,-0.18275863245913856
MREW1_SI1500,-0.07666225565804376
MREW1_SI2130,-0.12032070159912109
MREW1_SI870,-0.1317554349484651
MREW1_SX150,-0.0349745096698884
MREW1_SX240,-0.051962864398956296
MREW1_SX330,-0.16837774740683065
MREW1_SX420,-0.11758541024249533
MREW1_SX60,-0.1349639144598269
MRFK0_SI1076,-0.14219880955559866
MRFK0_SI1706,-0.11243609760118567
MRFK0_SI2336,-0.23082762956619263
MRFK0_SX176,-0.1776413917541504
MRFK0_SX266,-0.1512906469147781
MRFK0_SX356,-0.17033992873297799
MRFK0_SX446,-0.04948587750279626
MRFK0_SX86,-0.04965793341398239
MRFL0_SI1156,-0.1320785639578836
MRFL0_SI1786,-0.07147496342658996
MRFL0_SI526,-0.12477402533254316
MRFL0_SX166,-0.10345276764460973
MRFL0_SX256,-0.2109955996274948
MRFL0_SX346,-0.13272145520085873
MRFL0_SX436,-0.17359988585762356
MRFL0_SX76,-0.19891786575317383
MRGM0_SI1162,-0.16254295446933845
MRGM0_SI1792,-0.15899389668514854
MRGM0_SI532,-0.22598986966269358
MRGM0_SX172,-0.28165219469768243
MRGM0_SX262,-0.2098349412282308
MRGM0_SX416,-0.13497553421900824
MRGM0_SX442,-0.19703441858291626
MRGM0_SX82,-0.13602656476637898
MRGS0_SI1356,-0.10453223359995875
MRGS0_SI1986,-0.17025691668192547
MRGS0_SI726,-0.17912100101339407
MRGS0_SX186,-0.07467231044062862
MRGS0_SX276,-0.22752602895100912
MRGS0_SX366,-0.1441969030043658
MRGS0_SX6,-0.32915435791015624
MRGS0_SX96,-0.09356371561686198
MRHL0_SI1515,-0.3471300261361258
MRHL0_SI2145,-0.0419724727499074
MRHL0_SI885,-0.09302927808063786
MRHL0_SX165,-0.028762717579686365
MRHL0_SX255,-0.118850217146032
MRHL0_SX345,-0.13899846587862288
MRHL0_SX435,-0.1603778041138941
MRHL0_SX75,-0.02506321867307027
MRJB1_SI1020,-0.11490641413508235
MRJB1_SI1413,-0.18740328275240384
MRJB1_SI2021,-0.2078805852819372
MRJB1_SX120,-0.09282598128685585
MRJB1_SX210,-0.1392439556121826
MRJB1_SX30,-0.05880710711845985
MRJB1_SX300,-0.057628282185258534
MRJB1_SX390,-0.15046956088091876
MRJH0_SI1519,-0.2077178581088197
MRJH0_SI889,-0.2145681561164136
MRJH0_SI914,-0.18201146125793458
MRJH0_SX169,-0.2127489489178325
MRJH0_SX259,-0.22308602333068847
MRJH0_SX307,-0.12769471406936644
MRJH0_SX439,-0.203636534670566
MRJH0_SX79,-0.16646770151650034
MRJM0_SI1095,-0.025080046653747558
MRJM0_SI1228,-0.12073198954264323
MRJM0_SI1858,-0.18545863939368207
MRJM0_SX148,-0.24394602388949008
MRJM0_SX238,-0.034252834947485676
MRJM0_SX328,-0.16088199615478516
MRJM0_SX418,-0.16302884817123414
MRJM0_SX58,-0.043414397673173385
MRJM1_SI1298,-0.1481454603133663
MRJM1_SI1928,-0.1475245820151435
MRJM1_SI668,-0.15995022744843454
MRJM1_SX128,-0.165665485240795
MRJM1_SX218,-0.1987666368484497
MRJM1_SX308,-0.12512309021419948
MRJM1_SX38,-0.06900835604894728
MRJM1_SX398,-0.1409774159276208
MRJT0_SI1498,-0.16098917447603667
MRJT0_SI1805,-0.1584494431813558
MRJT0_SI868,-0.14486943521807272
MRJT0_SX148,-0.1864844528404442
MRJT0_SX238,-0.16751486914498465
MRJT0_SX328,-0.15461665011466819
MRJT0_SX418,-0.188531756401062
MRJT0_SX58,-0.14096763784235175
MRKM0_SI1267,-0.05618916478073388
MRKM0_SI1391,-0.1702961032673464
MRKM0_SI637,-0.14521595348011362
MRKM0_SX187,-0.3823644093104771
MRKM0_SX277,-0.16865758542661313
MRKM0_SX367,-0.026546641307718614
MRKM0_SX7,-0.11442656870241519
MRKM0_SX97,-0.17045116424560547
MRLD0_SI1594,-0.247404883889591
MRLD0_SI2224,-0.24368643760681152
MRLD0_SI964,-0.20147715116802015
MRLD0_SX154,-0.029640083963220768
MRLD0_SX244,-0.1195996261778332
MRLD0_SX334,-0.23762083053588867
MRLD0_SX424,-0.17245549625820583
MRLD0_SX64,-0.020404182812746835
MRLJ0_SI1420,-0.10384519680126293
MRLJ0_SI2050,-0.025645069385829725
MRLJ0_SI790,-0.12677328586578368
MRLJ0_SX160,-0.1459281331016904
MRLJ0_SX250,-0.08013802605706292
MRLJ0_SX340,-0.13248048157527528
MRLJ0_SX430,-0.09261875567228897
MRLJ0_SX70,-0.027840985493226486
MRLJ1_SI1671,-0.08365988189523871
MRLJ1_SI2301,-0.10789332389831544
MRLJ1_SI2332,-0.055500285493002996
MRLJ1_SX141,-0.161104289852843
MRLJ1_SX231,-0.12843204628337512
MRLJ1_SX321,-0.14419296383857727
MRLJ1_SX411,-0.14586414098739625
MRLJ1_SX51,-0.032743346400377224
MRLK0_SI1468,-0.2104719193255315
MRLK0_SI2140,-0.3029655047825405
MRLK0_SI843,-0.19912846429007394
MRLK0_SX123,-0.1813474382672991
MRLK0_SX213,-0.17317699616955173
MRLK0_SX303,-0.2501559427806309
MRLK0_SX33,-0.19032464488860099
MRLK0_SX393,-0.26965796562933153
MRLR0_SI1196,-0.028771915219046852
MRLR0_SI1826,-0.17723394121442523
MRLR0_SI566,-0.2315670404678736
MRLR0_SX116,-0.15963255125900794
MRLR0_SX206,-0.20508081912994386
MRLR0_SX26,-0.1429070234298706
MRLR0_SX296,-0.1248466267305262
MRLR0_SX386,-0.12969112396240234
MRMB0_SI1581,-0.14474430599728147
MRMB0_SI2211,-0.1775797208150228
MRMB0_SI951,-0.20854834715525308
MRMB0_SX141,-0.11660382151603699
MRMB0_SX231,-0.1327794094880422
MRMB0_SX321,-0.1609187338087294
MRMB0_SX411,-0.15680745931772086
MRMB0_SX51,-0.1580069239546613
MRMG0_SI1080,-0.1675575620987836
MRMG0_SI1710,-0.1396174430847168
MRMG0_SI2340,-0.12625310776081491
MRMG0_SX180,-0.09992029269536336
MRMG0_SX270,-0.1286708414554596
MRMG0_SX360,-0.07174193859100342
MRMG0_SX450,-0.17220687866210938
MRMG0_SX90,-0.13044969558715822
MRMH0_SI1021,-0.1314012729204618
MRMH0_SI1349,-0.14711067594330887
MRMH0_SI2281,-0.03507990155901228
MRMH0_SX121,-0.10956046520135342
MRMH0_SX211,-0.1493791811393969
MRMH0_SX301,-0.1621670336336703
MRMH0_SX31,-0.05316833655039469
MRMH0_SX391,-0.1800598094337865
MRML0_SI1421,-0.21047357559204102
MRML0_SI2051,-0.28354810265933766
MRML0_SI791,-0.3347641338001598
MRML0_SX161,-0.23577407690194938
MRML0_SX251,-0.1471060003553118
MRML0_SX341,-0.21893644332885742
MRML0_SX431,-0.19565278462001257
MRML0_SX71,-0.35194466031830884
MRMS0_SI1113,-0.21365228192559604
MRMS0_SI2057,-0.11700168450673422
MRMS0_SI2100,-0.3150744778769357
MRMS0_SX120,-0.14999000004359653
MRMS0_SX210,-0.13756620407104492
MRMS0_SX30,-0.0461973762512207
MRMS0_SX300,-0.18444974334151656
MRMS0_SX390,-0.03809050509804174
MRPC1_SI1482,-0.17700991176423572
MRPC1_SI2026,-0.03805237737568942
MRPC1_SI2112,-0.19150053753572352
MRPC1_SX132,-0.18778678142663205
MRPC1_SX222,-0.13557487726211548
MRPC1_SX312,-0.09385911623636882
MRPC1_SX402,-0.06898859143257141
MRPC1_SX42,-0.07630565166473388
MRRE0_SI1334,-0.17192400203031652
MRRE0_SI704,-0.19043439977309284
MRRE0_SI952,-0.15528430635966953
MRRE0_SX164,-0.17501345740424262
MRRE0_SX254,-0.11585537247035814
MRRE0_SX344,-0.18982162475585937
MRRE0_SX434,-0.25729807785579134
MRRE0_SX74,-0.027805559975760324
MRSO0_SI1206,-0.15845527023565573
MRSO0_SI1659,-0.16811341709560818
MRSO0_SI2289,-0.17593819095242408
MRSO0_SX129,-0.2719378800227724
MRSO0_SX219,-0.16370697454972702
MRSO0_SX309,-0.15872129579869712
MRSO0_SX39,-0.11885644168388552
MRSO0_SX399,-0.19738471123480028
MRSP0_SI1429,-0.15409385004351217
MRSP0_SI2059,-0.09256037473678588
MRSP0_SI799,-0.16946163773536682
MRSP0_SX169,-0.18625285511925108
MRSP0_SX196,-0.20168416500091552
MRSP0_SX259,-0.23526452717028165
MRSP0_SX439,-0.12282015966332477
MRSP0_SX79,-0.1444306492805481
MRTC0_SI1458,-0.12165367419903095
MRTC0_SI2088,-0.2177917162577311
MRTC0_SI828,-0.11554321082862648
MRTC0_SX108,-0.020366977422665328
MRTC0_SX18,-0.28659617516302294
MRTC0_SX198,-0.23325551350911458
MRTC0_SX288,-0.2218621941499932
MRTC0_SX378,-0.12918609227889624
MRTJ0_SI1551,-0.18826885450453984
MRTJ0_SI2032,-0.036707911640405655
MRTJ0_SI772,-0.11646544933319092
MRTJ0_SX142,-0.14231361042369495
MRTJ0_SX232,-0.11837874518500434
MRTJ0_SX322,-0.14670057007760712
MRTJ0_SX412,-0.2026948712088845
MRTJ0_SX52,-0.17597991862195603
MRVG0_SI1140,-0.18646688759326935
MRVG0_SI1770,-0.17582165810369677
MRVG0_SI510,-0.12983250617980957
MRVG0_SX150,-0.09488731417162664
MRVG0_SX240,-0.06539662464244946
MRVG0_SX330,-0.1655560334523519
MRVG0_SX420,-0.14196278186554603
MRVG0_SX60,-0.13913840293884278
MRWA0_SI1603,-0.04639859540121896
MRWA0_SI2233,-0.22645227299180143
MRWA0_SI973,-0.19291974516475902
MRWA0_SX163,-0.20647365168521278
MRWA0_SX253,-0.1741085433959961
MRWA0_SX343,-0.1197891678921012
MRWA0_SX433,-0.1576417854854039
MRWA0_SX73,-0.027674085385090596
MRWS0_SI1102,-0.16876565842401414
MRWS0_SI1732,-0.15348585085435348
MRWS0_SI472,-0.17718024687333542
MRWS0_SX112,-0.1889966936672435
MRWS0_SX202,-0.018173359010530556
MRWS0_SX22,-0.2745555014837356
MRWS0_SX292,-0.12150537967681885
MRWS0_SX382,-0.10271415710449219
MRXB0_SI1585,-0.0715820590655009
MRXB0_SI2215,-0.10750761188444544
MRXB0_SI955,-0.19050586006858133
MRXB0_SX145,-0.11670528314052483
MRXB0_SX235,-0.08943602134441507
MRXB0_SX325,-0.30929170336042133
MRXB0_SX415,-0.2506580352783203
MRXB0_SX55,-0.12479814263277275
MSAH1_SI1049,-0.11916460710413315
MSAH1_SI1679,-0.011854837834835052
MSAH1_SI2309,-0.15778712928295135
MSAH1_SX149,-0.1780207951863607
MSAH1_SX239,-0.20354935857984754
MSAH1_SX329,-0.17179785834418404
MSAH1_SX419,-0.1605475142195418
MSAH1_SX59,-0.11229032278060913
MSAS0_SI1376,-0.2210473587263876
MSAS0_SI2006,-0.2722342809041341
MSAS0_SI746,-0.24830114841461182
MSAS0_SX116,-0.1455628596819364
MSAS0_SX206,-0.16257479132675542
MSAS0_SX26,-0.21609260485722467
MSAS0_SX296,-0.18187472314545602
MSAS0_SX386,-0.1667325414460281
MSAT0_SI1526,-0.20849961247937432
MSAT0_SI2156,-0.1802270942264133
MSAT0_SI896,-0.1496551104954311
MSAT0_SX176,-0.09945942431080099
MSAT0_SX266,-0.11391747408899768
MSAT0_SX356,-0.11243694850376675
MSAT0_SX446,-0.02818677774289759
MSAT0_SX86,-0.12032919545327464
MSAT1_SI1073,-0.22033273472505457
MSAT1_SI1703,-0.13082970994891543
MSAT1_SI2333,-0.15859209789949305
MSAT1_SX173,-0.12308272361755371
MSAT1_SX263,-0.01850608629839761
MSAT1_SX353,-0.0729434887568156
MSAT1_SX443,-0.18206655979156494
MSAT1_SX83,-0.12218409114413792
MSDB0_SI1007,-0.1916728348567568
MSDB0_SI1637,-0.1472722638037897
MSDB0_SI2267,-0.12710444132486978
MSDB0_SX107,-0.07264559798770481
MSDB0_SX17,-0.3440983533859253
MSDB0_SX197,-0.1090059757232666
MSDB0_SX287,-0.04577038568608901
MSDB0_SX377,-0.02813846331376296
MSDH0_SI2113,-0.15511005719502766
MSDH0_SI2240,-0.12909173965454102
MSDH0_SI980,-0.15305511768047625
MSDH0_SX170,-0.12761394794170672
MSDH0_SX260,-0.03758206600096167
MSDH0_SX350,-0.15124585677166374
MSDH0_SX440,-0.11550719397408622
MSDH0_SX80,-0.033440783619880676
MSDS0_SI1077,-0.1375367323557536
MSDS0_SI1707,-0.2322011258867052
MSDS0_SI2337,-0.17096146670254794
MSDS0_SX177,-0.09635211871220516
MSDS0_SX267,-0.2084037585136218
MSDS0_SX357,-0.13063964611146509
MSDS0_SX447,-0.11563414573669434
MSDS0_SX87,-0.09014614189372343
MSEM1_SI1440,-0.10434597560337612
MSEM1_SI2070,-0.22963073176722373
MSEM1_SI810,-0.154389426112175
MSEM1_SX180,-0.19339067406124538
MSEM1_SX270,-0.1636797228167134
MSEM1_SX360,-0.18868778597924016
MSEM1_SX450,-0.1264377676922342
MSEM1_SX90,-0.1667949786553016
MSES0_SI1589,-0.17540688174111502
MSES0_SI2216,-0.23236183325449625
MSES0_SI2219,-0.28588889439900717
MSES0_SX149,-0.18262930976019964
MSES0_SX239,-0.15488779885428292
MSES0_SX329,-0.09805224491999699
MSES0_SX419,-0.16677625759227857
MSES0_SX59,-0.15586630503336588
MSFH0_SI1216,-0.12982890129089356
MSFH0_SI1738,-0.25632232886094314
MSFH0_SI586,-0.17727676033973694
MSFH0_SX136,-0.11768744038600548
MSFH0_SX226,-0.16573553993588402
MSFH0_SX316,-0.14537247589656285
MSFH0_SX406,-0.17895264321185173
MSFH0_SX46,-0.21760340659849106
MSFV0_SI1262,-0.26989721116565524
MSFV0_SI1892,-0.23634551292242006
MSFV0_SI632,-0.13407598003264395
MSFV0_SX182,-0.24241652696029
MSFV0_SX272,-0.11725550227695042
MSFV0_SX362,-0.24524052198543106
MSFV0_SX452,-0.1474475031313689
MSFV0_SX92,-0.18405414308820453
MSJK0_SI1596,-0.21255763371785483
MSJK0_SI2226,-0.14982104301452637
MSJK0_SI966,-0.13705613536219444
MSJK0_SX156,-0.11465212431820956
MSJK0_SX246,-0.03942508851328204
MSJK0_SX336,-0.1743079272183505
MSJK0_SX426,-0.22603531887656764
MSJK0_SX66,-0.12898266315460205
MSMC0_SI1907,-0.23435337841510773
MSMC0_SI509,-0.169050075968758
MSMC0_SI647,-0.08481968773735894
MSMC0_SX107,-0.17569482326507568
MSMC0_SX17,-0.1917920708656311
MSMC0_SX197,-0.19429747263590494
MSMC0_SX287,-0.1418780527616802
MSMC0_SX377,-0.07400905213704924
MSMR0_SI1150,-0.06472401391892206
MSMR0_SI1405,-0.0898013785481453
MSMR0_SI775,-0.15324552131421637
MSMR0_SX145,-0.025124201903472077
MSMR0_SX235,-0.10655043042939284
MSMR0_SX325,-0.13930208206176758
MSMR0_SX415,-0.1185803052150842
MSMR0_SX55,-0.058107754079306996
MSMS0_SI1433,-0.13982345874492938
MSMS0_SI2063,-0.029567165300250053
MSMS0_SI803,-0.13382838567097982
MSMS0_SX173,-0.2060107373176737
MSMS0_SX263,-0.2407205445425851
MSMS0_SX353,-0.16710073717178836
MSMS0_SX443,-0.2683622590426741
MSMS0_SX83,-0.1248059995246656
MSRG0_SI1221,-0.04394188009459397
MSRG0_SI1851,-0.13090180215381442
MSRG0_SI591,-0.1460845981325422
MSRG0_SX141,-0.04218970999425771
MSRG0_SX231,-0.14539992809295654
MSRG0_SX321,-0.14740790153036312
MSRG0_SX411,-0.10069299936294555
MSRG0_SX51,-0.031518552361465085
MSRR0_SI1131,-0.18686830296235926
MSRR0_SI1761,-0.2751167405326411
MSRR0_SI501,-0.14152411163830367
MSRR0_SX141,-0.1536586380004883
MSRR0_SX231,-0.3126556873321533
MSRR0_SX30,-0.023790812492370604
MSRR0_SX411,-0.20339249341915816
MSRR0_SX51,-0.05707100304690274
MSTF0_SI1396,-0.13119762965611048
MSTF0_SI766,-0.011251351237297058
MSTF0_SI852,-0.19311018288135529
MSTF0_SX136,-0.21430697807898888
MSTF0_SX226,-0.04744797646999359
MSTF0_SX316,-0.05705198337291849
MSTF0_SX406,-0.044617414474487305
MSTF0_SX46,-0.11034098267555237
MSVS0_SI1568,-0.04337099913893075
MSVS0_SI2198,-0.14306633932548657
MSVS0_SI938,-0.16031346078646386
MSVS0_SX128,-0.21832059110913957
MSVS0_SX218,-0.058433731396993004
MSVS0_SX308,-0.1006399954066557
MSVS0_SX38,-0.15585314659845262
MSVS0_SX398,-0.17978490193684896
MTAB0_SI1572,-0.21809462345007694
MTAB0_SI2202,-0.2876203656196594
MTAB0_SI942,-0.1656450876375524
MTAB0_SX132,-0.26058514912923175
MTAB0_SX222,-0.1531129002571106
MTAB0_SX312,-0.17657575936153017
MTAB0_SX402,-0.15646429622874541
MTAB0_SX42,-0.07897312410416142
MTAS0_SI1385,-0.12481168338230678
MTAS0_SI2015,-0.194002444927509
MTAS0_SI755,-0.18119537508165515
MTAS0_SX125,-0.17549174172537668
MTAS0_SX215,-0.1811180815977209
MTAS0_SX305,-0.09954335008348737
MTAS0_SX35,-0.05422343056777428
MTAS0_SX395,-0.18283025196620395
MTAT0_SI1110,-0.13392994052073995
MTAT0_SI1740,-0.21009058830065605
MTAT0_SI811,-0.18908749965199254
MTAT0_SX120,-0.31999121771918404
MTAT0_SX210,-0.13138528823852538
MTAT0_SX30,-0.085624418258667
MTAT0_SX300,-0.14118229901349102
MTAT0_SX390,-0.1764458450111183
MTAT1_SI1409,-0.1977766788367069
MTAT1_SI1627,-0.11088545698868602
MTAT1_SI779,-0.10010673414986089
MTAT1_SX149,-0.16654327392578125
MTAT1_SX239,-0.03476926764926395
MTAT1_SX329,-0.1310883186481617
MTAT1_SX419,-0.23708392478324272
MTAT1_SX59,-0.046802793230329244
MTBC0_SI1173,-0.15635806719462078
MTBC0_SI1803,-0.12445785017574534
MTBC0_SI543,-0.1490928256322467
MTBC0_SX183,-0.2112148654076361
MTBC0_SX273,-0.1908571643214072
MTBC0_SX347,-0.16870274543762206
MTBC0_SX363,-0.10989911057228266
MTBC0_SX93,-0.21801866531372072
MTCS0_SI1972,-0.0401090851851872
MTCS0_SI2265,-0.20720934867858887
MTCS0_SI712,-0.18785623024249898
MTCS0_SX172,-0.18416622877120972
MTCS0_SX262,-0.17305249552572927
MTCS0_SX352,-0.11690231469961312
MTCS0_SX442,-0.1347649926724641
MTCS0_SX82,-0.12221552343929515
MTDB0_SI1401,-0.03640462140567967
MTDB0_SI2031,-0.12646016707787147
MTDB0_SI771,-0.07926118569295915
MTDB0_SX141,-0.1511682588226941
MTDB0_SX231,-0.38392669504339044
MTDB0_SX321,-0.1499334144592285
MTDB0_SX411,-0.177063477345002
MTDB0_SX51,-0.027055257842654272
MTDP0_SI1274,-0.15399342491513207
MTDP0_SI1521,-0.2620623023421676
MTDP0_SI2151,-0.20898014790303
MTDP0_SX171,-0.17814205169677735
MTDP0_SX261,-0.3238980219914363
MTDP0_SX351,-0.29984818252862666
MTDP0_SX441,-0.15911058477453283
MTDP0_SX81,-0.10740609169006347
MTER0_SI1157,-0.10331040620803833
MTER0_SI1787,-0.09816495577494304
MTER0_SI527,-0.10875391215085983
MTER0_SX167,-0.2600036348615374
MTER0_SX17,-0.28530724048614503
MTER0_SX257,-0.21625829696655274
MTER0_SX437,-0.16427887246963827
MTER0_SX77,-0.15388903251061073
MTJG0_SI1520,-0.19917268412453787
MTJG0_SI2157,-0.09787763016564506
MTJG0_SI890,-0.23869241986955916
MTJG0_SX170,-0.21722958638117865
MTJG0_SX260,-0.16547485760280065
MTJG0_SX350,-0.20046345068483937
MTJG0_SX440,-0.22513910134633383
MTJG0_SX80,-0.14701341760569606
MTJM0_SI1226,-0.12276075363159179
MTJM0_SI1856,-0.23684372901916503
MTJM0_SI655,-0.2048082028405141
MTJM0_SX146,-0.14060087764964385
MTJM0_SX236,-0.16319591768326297
MTJM0_SX326,-0.16446740051795697
MTJM0_SX416,-0.12822199750829627
MTJM0_SX56,-0.1824252724647522
MTJS0_SI1192,-0.051348316669464114
MTJS0_SI1822,-0.21544141936720462
MTJS0_SI562,-0.20113948134125256
MTJS0_SX112,-0.1761770112173898
MTJS0_SX202,-0.2636713981628418
MTJS0_SX22,-0.09050138592720032
MTJS0_SX292,-0.02829899106706892
MTJS0_SX382,-0.18033251891265045
MTJU0_SI2020,-0.14403284390767415
MTJU0_SI2269,-0.13291760285695395
MTJU0_SI760,-0.05301086469130083
MTJU0_SX130,-0.060546289790760384
MTJU0_SX220,-0.17186411689309514
MTJU0_SX310,-0.13421513583209063
MTJU0_SX40,-0.04090253089336639
MTJU0_SX400,-0.16175757921659029
MTKD0_SI1187,-0.18068325519561768
MTKD0_SI1817,-0.20594431006390115
MTKD0_SI630,-0.09625388729956842
MTKD0_SX107,-0.06451754956632047
MTKD0_SX17,-0.259318470954895
MTKD0_SX197,-0.18187679847081503
MTKD0_SX287,-0.11140265831580529
MTKD0_SX377,-0.20401711463928224
MTKP0_SI1023,-0.26405736171838007
MTKP0_SI2283,-0.18523746837269175
MTKP0_SI454,-0.13563375957941604
MTKP0_SX123,-0.16865036487579346
MTKP0_SX213,-0.15991300695082722
MTKP0_SX303,-0.3147392601802431
MTKP0_SX33,-0.15380413830280304
MTKP0_SX393,-0.13834853326120683
MTLB0_SI1134,-0.054405198580976845
MTLB0_SI1764,-0.019907836616039277
MTLB0_SI504,-0.12996141399656022
MTLB0_SX144,-0.15207438468933104
MTLB0_SX234,-0.16929799860174005
MTLB0_SX324,-0.059685446665837215
MTLB0_SX414,-0.044901874007248294
MTLB0_SX54,-0.06960492548735245
MTLC0_SI1313,-0.12555826627291167
MTLC0_SI1477,-0.15754410670353816
MTLC0_SI847,-0.20607082771532464
MTLC0_SX127,-0.015484622369209925
MTLC0_SX217,-0.10056325105520394
MTLC0_SX307,-0.03177447752519087
MTLC0_SX37,-0.01403501702517998
MTLC0_SX397,-0.13937255107995236
MTML0_SI1065,-0.10913617683179451
MTML0_SI1695,-0.1668466295514788
MTML0_SI2325,-0.14089891238090319
MTML0_SX165,-0.23581495739164807
MTML0_SX255,-0.20361673470699426
MTML0_SX345,-0.0995139996210734
MTML0_SX435,-0.16017467498779298
MTML0_SX75,-0.12264462440244613
MTMN0_SI1064,-0.17166885875520252
MTMN0_SI2324,-0.0964530621256147
MTMN0_SI582,-0.21491701706596042
MTMN0_SX164,-0.21121143159412203
MTMN0_SX254,-0.18543649756390115
MTMN0_SX344,-0.29704510081898083
MTMN0_SX434,-0.17931329792943493
MTMN0_SX74,-0.129638812121223
MTMT0_SI1118,-0.1844523243787812
MTMT0_SI1748,-0.16850129295797908
MTMT0_SI488,-0.16791264827434832
MTMT0_SX128,-0.14941139574404116
MTMT0_SX218,-0.15134624072483607
MTMT0_SX308,-0.18774125070282907
MTMT0_SX38,-0.050965054468675094
MTMT0_SX398,-0.13822227174585516
MTPF0_SI1235,-0.12160716158278445
MTPF0_SI1865,-0.2041156075217507
MTPF0_SI605,-0.14208056563037938
MTPF0_SX155,-0.03144354522228241
MTPF0_SX245,-0.18501177855900355
MTPF0_SX335,-0.17017246995653426
MTPF0_SX425,-0.12294328212738037
MTPF0_SX65,-0.04853761593500773
MTPG0_SI1383,-0.14697421830275964
MTPG0_SI2013,-0.02783543070157369
MTPG0_SI753,-0.16359961234917075
MTPG0_SX123,-0.13962274278913225
MTPG0_SX213,-0.12092049916585286
MTPG0_SX303,-0.2229177376319622
MTPG0_SX33,-0.1156781796486147
MTPG0_SX393,-0.15684819943977124
MTPP0_SI1508,-0.1014731377363205
MTPP0_SI2138,-0.0974469618363814
MTPP0_SI878,-0.02217258126647384
MTPP0_SX158,-0.1261103594744647
MTPP0_SX248,-0.14245477744511195
MTPP0_SX338,-0.02868416502669051
MTPP0_SX428,-0.02032676214973132
MTPP0_SX68,-0.07807424489189596
MTPR0_SI1600,-0.16897845268249512
MTPR0_SI2230,-0.1175035834312439
MTPR0_SI506,-0.06876715024312337
MTPR0_SX160,-0.12567132452259894
MTPR0_SX250,-0.22820788163405198
MTPR0_SX340,-0.2853885889053345
MTPR0_SX430,-0.1713708054785635
MTPR0_SX70,-0.06856451431910197
MTQC0_SI1441,-0.24837810809795674
MTQC0_SI2071,-0.29917782828921363
MTQC0_SI480,-0.23231129024339758
MTQC0_SX181,-0.2980708061380589
MTQC0_SX271,-0.21555095911026
MTQC0_SX361,-0.13657053311665854
MTQC0_SX451,-0.2122650520474303
MTQC0_SX91,-0.08208364095443334
MTRC0_SI1623,-0.036662085636242014
MTRC0_SI589,-0.05544358491897583
MTRC0_SI993,-0.12994327715465
MTRC0_SX170,-0.12748696122850692
MTRC0_SX183,-0.08613167960068276
MTRC0_SX273,-0.09118983745574952
MTRC0_SX363,-0.1310909628868103
MTRC0_SX93,-0.11024580955505371
MTRR0_SI1548,-0.13620227859133766
MTRR0_SI2178,-0.0464071962568495
MTRR0_SI918,-0.18564536354758523
MTRR0_SX108,-0.044290417432785036
MTRR0_SX18,-0.1888829099720922
MTRR0_SX198,-0.1182330921292305
MTRR0_SX288,-0.13502952664397483
MTRR0_SX378,-0.15759655048972682
MTRT0_SI1227,-0.14844994709409517
MTRT0_SI1857,-0.2104362760271345
MTRT0_SI597,-0.18920734349419088
MTRT0_SX147,-0.15925778661455428
MTRT0_SX237,-0.2749534712897407
MTRT0_SX254,-0.11505700293041411
MTRT0_SX417,-0.14697725772857667
MTRT0_SX57,-0.009739464329135033
MTWH1_SI1512,-0.04596888025601705
MTWH1_SI2142,-0.07127209305763245
MTWH1_SI882,-0.0699639767408371
MTWH1_SX162,-0.14362381526402065
MTWH1_SX252,-0.16398134231567382
MTWH1_SX342,-0.042200404244500236
MTWH1_SX432,-0.17503740273269952
MTWH1_SX72,-0.030682517422570124
MTXS0_SI1060,-0.2977899404672476
MTXS0_SI1690,-0.08220608830451966
MTXS0_SI2320,-0.1295421452357851
MTXS0_SX160,-0.1855424569577587
MTXS0_SX250,-0.24113210878874125
MTXS0_SX340,-0.08790554671451964
MTXS0_SX430,-0.18414069236593045
MTXS0_SX70,-0.016860565968922207
MVJH0_SI1556,-0.18979252509351047
MVJH0_SI2186,-0.1855464097930164
MVJH0_SI926,-0.042753689997905006
MVJH0_SX116,-0.15841873486836752
MVJH0_SX206,-0.13990772962570192
MVJH0_SX26,-0.09586950448843148
MVJH0_SX296,-0.11120220820109049
MVJH0_SX386,-0.07442708938352523
MVLO0_SI1147,-0.1275935593773337
MVLO0_SI1777,-0.26322661127362934
MVLO0_SI517,-0.20182439630681817
MVLO0_SX157,-0.19541117639252634
MVLO0_SX247,-0.16067775766900244
MVLO0_SX337,-0.09424125520806563
MVLO0_SX427,-0.13717001914978028
MVLO0_SX67,-0.037852265114007994
MVRW0_SI1485,-0.1447908272177486
MVRW0_SI2115,-0.006930723786354065
MVRW0_SI855,-0.08481941352019438
MVRW0_SX135,-0.23444479162042792
MVRW0_SX225,-0.13377498663388765
MVRW0_SX315,-0.09465549732076711
MVRW0_SX405,-0.13468421830071342
MVRW0_SX45,-0.13874906482118549
MWAC0_SI1601,-0.18933725357055664
MWAC0_SI2231,-0.24705287029868678
MWAC0_SI971,-0.09833016888848667
MWAC0_SX161,-0.1901797664408781
MWAC0_SX251,-0.16138679576369952
MWAC0_SX341,-0.14466497509978538
MWAC0_SX431,-0.18241092136928014
MWAC0_SX71,-0.17446704064646074
MWAD0_SI1062,-0.04180231379039252
MWAD0_SI1749,-0.015487091408835517
MWAD0_SI2322,-0.1286001065198113
MWAD0_SX162,-0.172864039738973
MWAD0_SX252,-0.03247981518507004
MWAD0_SX342,-0.0897998677359687
MWAD0_SX432,-0.05782312717077867
MWAD0_SX72,-0.033379264853217384
MWAR0_SI1045,-0.1304357092259294
MWAR0_SI1675,-0.2402787208557129
MWAR0_SI2305,-0.1480268019217032
MWAR0_SX145,-0.12060051215322394
MWAR0_SX235,-0.02311061168539113
MWAR0_SX325,-0.2235479736328125
MWAR0_SX415,-0.17802197403377956
MWAR0_SX55,-0.016244306512500927
MWCH0_SI1622,-0.20533986318679082
MWCH0_SI1895,-0.12325171913419451
MWCH0_SI2252,-0.23470183781215123
MWCH0_SX182,-0.20792846246199173
MWCH0_SX272,-0.1527799892425537
MWCH0_SX362,-0.12832245372590564
MWCH0_SX452,-0.21825085986744275
MWCH0_SX92,-0.12430989041047938
MWDK0_SI1436,-0.12973636691853152
MWDK0_SI2017,-0.017219529549280802
MWDK0_SI806,-0.1762091272017535
MWDK0_SX176,-0.16193675994873047
MWDK0_SX266,-0.0644858306454074
MWDK0_SX356,-0.15936287471226285
MWDK0_SX446,-0.0960499949571563
MWDK0_SX86,-0.1870425224304199
MWEM0_SI1320,-0.14398226473066542
MWEM0_SI1393,-0.12957710027694702
MWEM0_SI1950,-0.14710142135620116
MWEM0_SX150,-0.1198138157526652
MWEM0_SX240,-0.021343852344312166
MWEM0_SX330,-0.1509278003986065
MWEM0_SX420,-0.1422000492320341
MWEM0_SX60,-0.06044210219869808
MWGR0_SI1606,-0.14997223261240367
MWGR0_SI2236,-0.17380322832049747
MWGR0_SI976,-0.13747749328613282
MWGR0_SX166,-0.15018553569399076
MWGR0_SX256,-0.1382537032618667
MWGR0_SX346,-0.1415647216465162
MWGR0_SX436,-0.03476785659790039
MWGR0_SX76,-0.03503267074886121
MWRE0_SI1057,-0.25884459568903995
MWRE0_SI1687,-0.3516673564910889
MWRE0_SI2317,-0.05051190853118896
MWRE0_SX157,-0.21598866250779894
MWRE0_SX247,-0.07825571795304616
MWRE0_SX337,-0.1398388364098289
MWRE0_SX427,-0.1623448265923394
MWRE0_SX67,-0.12113469441731771
MWRP0_SI1443,-0.028947213664650917
MWRP0_SI1525,-0.10616139361732885
MWRP0_SI2073,-0.16086381912231446
MWRP0_SX183,-0.14242730140686036
MWRP0_SX273,-0.14555303512081022
MWRP0_SX3,-0.07080047130584717
MWRP0_SX363,-0.07319002259861339
MWRP0_SX93,-0.051789497335751854
MWSB0_SI1626,-0.38021485558871565
MWSB0_SI2256,-0.14901538328690964
MWSB0_SI996,-0.2287558948292452
MWSB0_SX186,-0.05774623614091139
MWSB0_SX276,-0.14428004622459412
MWSB0_SX366,-0.1345378947707842
MWSB0_SX6,-0.054242213567097984
MWSB0_SX96,-0.1659563089671888
MWSH0_SI1426,-0.1842711917937748
MWSH0_SI2266,-0.14424284299214682
MWSH0_SI796,-0.21154807011286417
MWSH0_SX166,-0.13535167459856
MWSH0_SX256,-0.18567135839751273
MWSH0_SX346,-0.11395340616052801
MWSH0_SX436,-0.1822527050971985
MWSH0_SX76,-0.14478490352630616
MZMB0_SI1166,-0.03315332018095871
MZMB0_SI1796,-0.33425762778834295
MZMB0_SI536,-0.16007174145091663
MZMB0_SX176,-0.14894718925158182
MZMB0_SX266,-0.10466172478415749
MZMB0_SX356,-0.09955327378378974
MZMB0_SX446,-0.021381230652332307
MZMB0_SX86,-0.09687940776348114
