MAKR0_SI722,-0.6126941793105182
MAKR0_SX182,-0.9617591857910156
MAKR0_SX272,-0.5811022186279297
MAKR0_SX362,-0.7181589944022042
MAKR0_SX452,-0.6882585048675537
MAKR0_SX92,-0.6109869985869436
MAPV0_SI1293,-0.9549123370458209
MAPV0_SI1923,-0.9701797962188721
MAPV0_SI663,-0.7719544120456862
MAPV0_SX123,-1.032120114281064
MAPV0_SX213,-0.9356192964496035
MAPV0_SX303,-1.155311189848801
MAPV0_SX33,-0.8673544258906923
MAPV0_SX393,-0.8113772448371438
MARC0_SI1188,-0.44529395633273655
MARC0_SI1818,-0.6955495198567708
MARC0_SI558,-0.6067026877889827
MARC0_SX108,-0.5281478034125434
MARC0_SX18,-0.7482180595397949
MARC0_SX198,-0.7705169320106506
MARC0_SX288,-0.6746980620593559
MARC0_SX378,-0.784796953201294
MARW0_SI1276,-0.5468560324774848
MARW0_SI1906,-0.5245253245035807
MARW0_SI646,-0.7025914986928304
MARW0_SX106,-0.8580187479654948
MARW0_SX16,-0.9131375267392113
MARW0_SX286,-0.6327102279663086
MARW0_SX349,-0.8512617111206054
MARW0_SX376,-0.9126940275493421
MBAR0_SI1319,-0.660759032718719
MBAR0_SI1949,-0.7336404463824104
MBAR0_SI689,-0.9018805821736654
MBAR0_SX149,-0.6905108860560826
MBAR0_SX239,-0.6616681603824391
MBAR0_SX329,-0.6644522468998747
MBAR0_SX419,-0.9697512033823374
MBAR0_SX59,-0.7141661277184119
MBBR0_SI1055,-0.6324063176694124
MBBR0_SI1685,-0.44029817581176756
MBBR0_SI2315,-0.6129112977247971
MBBR0_SX155,-0.6891527841257494
MBBR0_SX245,-0.8256693945990669
MBBR0_SX335,-0.7035934046695107
MBBR0_SX425,-0.5538874772878793
MBBR0_SX65,-0.5263531804084778
MBCG0_SI2217,-0.607929345333215
MBCG0_SI486,-0.4695937115213145
MBCG0_SI957,-0.7581721411810981
MBCG0_SX147,-0.8114294656893102
MBCG0_SX237,-0.7411762714385987
MBCG0_SX327,-0.6386276591907848
MBCG0_SX417,-0.7729216625815943
MBCG0_SX57,-0.5841053128242493
MBEF0_SI1281,-0.7165137551047586
MBEF0_SI1911,-0.726222038269043
MBEF0_SI651,-0.8433455033735795
MBEF0_SX111,-0.590979780469622
MBEF0_SX201,-0.7465013927883573
MBEF0_SX21,-0.6312411785125732
MBEF0_SX291,-0.7155985678395917
MBEF0_SX381,-0.5362022334131701
MBGT0_SI1341,-0.4276451110839844
MBGT0_SI1841,-0.7787570953369141
MBGT0_SI711,-0.7356685545386338
MBGT0_SX171,-0.7422296056207621
MBGT0_SX261,-0.966408462524414
MBGT0_SX351,-1.0390585229751912
MBGT0_SX441,-0.5868712760306694
MBGT0_SX81,-0.5297856050379136
MBJV0_SI1247,-0.6903097557299065
MBJV0_SI1877,-0.7779332437822896
MBJV0_SI617,-0.7416638105343549
MBJV0_SX167,-0.9300974970278533
MBJV0_SX257,-0.8923576672871908
MBJV0_SX347,-0.7888252652924637
MBJV0_SX437,-0.7295936584472656
MBJV0_SX77,-0.6559075779385037
MBMA0_SI1222,-1.2156663782456343
MBMA0_SI1852,-1.1967344284057617
MBMA0_SI592,-0.9007325423391241
MBMA0_SX142,-0.8625794324007902
MBMA0_SX232,-0.6815739544955167
MBMA0_SX322,-0.9547027819084398
MBMA0_SX412,-0.7543898294138354
MBMA0_SX52,-0.6862164844166149
MBMA1_SI2207,-0.8636124928792318
MBMA1_SI2214,-0.9014888651230756
MBMA1_SI954,-0.7419888973236084
MBMA1_SX144,-1.0199072360992432
MBMA1_SX234,-0.7029880074893727
MBMA1_SX324,-0.7377724965413411
MBMA1_SX414,-0.5982472024312834
MBMA1_SX54,-0.6998461847719939
MBML0_SI1169,-0.6697313785552979
MBML0_SI1799,-0.9322474797566732
MBML0_SI539,-0.6866274939643012
MBML0_SX179,-0.7177794172957137
MBML0_SX269,-0.5757694244384766
MBML0_SX359,-0.6456730736626519
MBML0_SX449,-0.7257473722417304
MBML0_SX89,-0.6745757495655733
MBOM0_SI1014,-0.7133300349397479
MBOM0_SI1644,-0.6204243364005253
MBOM0_SI2274,-0.7817384874498522
MBOM0_SX114,-0.5294206464612806
MBOM0_SX204,-0.6707454804451235
MBOM0_SX294,-0.5316076278686523
MBOM0_SX311,-0.6489690371922084
MBOM0_SX384,-0.6646860371465269
MBSB0_SI1353,-0.6074799971147017
MBSB0_SI1983,-0.38568677400287826
MBSB0_SI723,-0.6632916259765625
MBSB0_SX183,-0.5360963003976005
MBSB0_SX273,-0.6814267388705549
MBSB0_SX3,-0.6170539855957031
MBSB0_SX363,-0.5827353341238839
MBSB0_SX93,-0.4959145784378052
MBTH0_SI2102,-0.9141032570286801
MBTH0_SI505,-0.5115977923075358
MBTH0_SI757,-0.6525718598138719
MBTH0_SX122,-0.8573149823127909
MBTH0_SX212,-0.7878532409667969
MBTH0_SX302,-0.6297685623168945
MBTH0_SX32,-0.7525190920443148
MBTH0_SX392,-0.7904805682954335
MBWP0_SI1531,-0.7106053034464518
MBWP0_SI1969,-0.7417187160915799
MBWP0_SI709,-0.9112457699245877
MBWP0_SX169,-0.834874618885129
MBWP0_SX259,-0.7802889024889147
MBWP0_SX349,-0.7689579379174017
MBWP0_SX439,-0.8458059443983921
MBWP0_SX79,-0.6257450467064267
MCAE0_SI1447,-0.9131505287299722
MCAE0_SI2077,-1.1306537362032159
MCAE0_SI817,-1.171937730577257
MCAE0_SX187,-1.2319450378417969
MCAE0_SX277,-0.9915806696965144
MCAE0_SX367,-0.9008812495640346
MCAE0_SX7,-1.2720578057425362
MCAE0_SX97,-0.8792272383166898
MCAL0_SI1138,-0.6963319142659505
MCAL0_SI1768,-0.5832846051170713
MCAL0_SI508,-0.48952497135509143
MCAL0_SX148,-0.6948965023725461
MCAL0_SX238,-0.7343097792731391
MCAL0_SX328,-0.9330645851466967
MCAL0_SX418,-0.9196389198303223
MCAL0_SX58,-0.760424128118551
MCDC0_SI1292,-0.7240001216079249
MCDC0_SI1922,-0.6363735198974609
MCDC0_SI662,-0.8403298349091501
MCDC0_SX122,-0.7712176779042119
MCDC0_SX212,-0.7535656773766806
MCDC0_SX302,-1.0171359607151575
MCDC0_SX32,-0.632805021185624
MCDC0_SX392,-0.6704263021779615
MCDD0_SI1513,-0.9090839532705454
MCDD0_SI2143,-0.9304014263731061
MCDD0_SI883,-0.6944311041581003
MCDD0_SX163,-0.5742185438001478
MCDD0_SX253,-0.8266673910206762
MCDD0_SX343,-0.6956393465082696
MCDD0_SX433,-0.5758896761162337
MCDD0_SX73,-0.4760042491712068
MCDR0_SI1154,-0.8129058074951172
MCDR0_SI1784,-0.8912831356650904
MCDR0_SI524,-0.801889551096949
MCDR0_SX164,-0.954619362240746
MCDR0_SX254,-0.8504490852355957
MCDR0_SX344,-1.1471138795216878
MCDR0_SX434,-0.6576468603951591
MCDR0_SX74,-0.8455448150634766
MCEF0_SI1135,-0.7448919023786272
MCEF0_SI1765,-0.8663719401640051
MCEF0_SI842,-0.6333338829778856
MCEF0_SX145,-0.5668141434832317
MCEF0_SX235,-0.7656520720451109
MCEF0_SX325,-0.7301122958843524
MCEF0_SX415,-0.6798320976463524
MCEF0_SX55,-0.48888343988462934
MCEW0_SI1442,-0.920653097970145
MCEW0_SI2072,-0.8160251682087526
MCEW0_SI812,-0.9901889865681276
MCEW0_SX182,-1.5748303731282551
MCEW0_SX272,-1.1367055398446542
MCEW0_SX362,-1.3935253232024436
MCEW0_SX452,-0.8769279977549678
MCEW0_SX92,-0.957096773035386
MCHL0_SI1347,-0.788420295715332
MCHL0_SI1404,-0.8502796360703765
MCHL0_SI1977,-0.6659948428471884
MCHL0_SX177,-0.8404363250732422
MCHL0_SX267,-1.0130569870407518
MCHL0_SX357,-0.8400703636375634
MCHL0_SX447,-0.8426356845431857
MCHL0_SX87,-0.7143513650605173
MCLK0_SI1660,-0.6378744973076714
MCLK0_SI2290,-0.7857430197975852
MCLK0_SI650,-0.6484120255809719
MCLK0_SX130,-0.48525204378015857
MCLK0_SX220,-0.6026970610326651
MCLK0_SX310,-0.6423482333912569
MCLK0_SX40,-0.47868502140045166
MCLK0_SX400,-0.705840958489312
MCLM0_SI1456,-0.7212909130339927
MCLM0_SI2086,-1.1554691917017887
MCLM0_SI826,-0.69305419921875
MCLM0_SX106,-0.8817673365275065
MCLM0_SX16,-1.0297852470761253
MCLM0_SX196,-0.6530176003774008
MCLM0_SX286,-0.7032451255648744
MCLM0_SX376,-0.7845077514648438
MCPM0_SI1194,-0.8895053863525391
MCPM0_SI1824,-0.6965386909351015
MCPM0_SI564,-0.7902249422940341
MCPM0_SX114,-0.5915514456259238
MCPM0_SX204,-0.8566427866617838
MCPM0_SX24,-1.1195580742575906
MCPM0_SX294,-0.6055550575256348
MCPM0_SX384,-0.8090016501290458
MCRE0_SI1121,-0.4953625737404337
MCRE0_SI1725,-0.881519079208374
MCRE0_SI1751,-0.9575972049794299
MCRE0_SX131,-0.646235746495864
MCRE0_SX221,-0.6901300975254604
MCRE0_SX24,-0.9830613817487445
MCRE0_SX401,-0.6683173057360526
MCRE0_SX41,-0.5960784530639649
MCSS0_SI1380,-0.668779082217459
MCSS0_SI688,-0.6921654383341471
MCSS0_SI750,-0.613248884677887
MCSS0_SX120,-0.8742657223263303
MCSS0_SX210,-0.7879801940917969
MCSS0_SX30,-0.5846927642822266
MCSS0_SX300,-0.6906829410129123
MCSS0_SX390,-0.7252938482496474
MCTH0_SI1209,-0.8277251414763622
MCTH0_SI1839,-0.6671321392059326
MCTH0_SI579,-0.8278110504150391
MCTH0_SX129,-0.8923236301967076
MCTH0_SX219,-0.8687220982142857
MCTH0_SX309,-0.7782234564060118
MCTH0_SX39,-0.6171180911180449
MCTH0_SX399,-1.0377268297918911
MCTM0_SI1350,-0.7058298977938565
MCTM0_SI1980,-0.6600511932373047
MCTM0_SI720,-0.7993422508239746
MCTM0_SX180,-0.6202266148158482
MCTM0_SX270,-0.6824600465836064
MCTM0_SX360,-0.5824787386002079
MCTM0_SX450,-0.691427018907335
MCTM0_SX90,-0.5012194668805158
MCXM0_SI1351,-0.9320538838704427
MCXM0_SI1981,-0.8858399963378907
MCXM0_SI721,-0.8413643014842066
MCXM0_SX181,-0.8977895100911458
MCXM0_SX271,-0.876556676976821
MCXM0_SX361,-0.7528534513531309
MCXM0_SX451,-1.077318827311198
MCXM0_SX91,-0.5633203506469726
MDAC0_SI1261,-0.5794600462302183
MDAC0_SI1837,-0.6532881506558122
MDAC0_SI631,-0.5779956235723981
MDAC0_SX181,-0.6272201943904796
MDAC0_SX271,-0.7731849786007043
MDAC0_SX361,-0.652238300868443
MDAC0_SX451,-1.013498103364985
MDAC0_SX91,-0.5633521724391628
MDAS0_SI1266,-0.7032697200775146
MDAS0_SI1896,-0.5467467143617827
MDAS0_SI636,-0.6098235950135348
MDAS0_SX186,-0.5834429447467511
MDAS0_SX21,-0.7782460167294457
MDAS0_SX276,-0.8078395474341608
MDAS0_SX6,-0.9991692352294922
MDAS0_SX96,-0.5733424521781303
MDBB1_SI1006,-0.8153345584869385
MDBB1_SI1636,-0.5753397941589355
MDBB1_SI2056,-0.922677058799594
MDBB1_SX106,-0.8849225813342679
MDBB1_SX16,-1.048867634364537
MDBB1_SX196,-0.8350946335565477
MDBB1_SX286,-0.8217892366297105
MDBB1_SX376,-0.8536405795957984
MDBP0_SI1158,-0.753074796576249
MDBP0_SI1788,-0.8591255365416061
MDBP0_SI528,-0.8034492261482008
MDBP0_SX168,-0.6202889955960788
MDBP0_SX258,-0.9574541794626337
MDBP0_SX348,-0.6412763595581055
MDBP0_SX438,-0.6822007123161765
MDBP0_SX78,-0.6620054552631993
MDCD0_SI1415,-0.7165030917605838
MDCD0_SI2045,-1.0191962560017904
MDCD0_SI785,-0.9724114100138347
MDCD0_SX155,-0.8321990036382908
MDCD0_SX245,-0.9670412787075701
MDCD0_SX335,-0.9744087219238281
MDCD0_SX425,-0.862641175587972
MDCD0_SX65,-0.6998880447879914
MDCM0_SI1480,-0.6447853963883197
MDCM0_SI2110,-0.6792825552133414
MDCM0_SI850,-0.7721380800814241
MDCM0_SX130,-0.6642244400516633
MDCM0_SX220,-0.6361575025193235
MDCM0_SX310,-0.817468007405599
MDCM0_SX40,-0.6014788733588324
MDCM0_SX400,-0.6779573285901869
MDDC0_SI1419,-0.610009026905847
MDDC0_SI2049,-0.6513142305261949
MDDC0_SI789,-0.5967773809665586
MDDC0_SX159,-0.4994065211369441
MDDC0_SX249,-0.5376723729647123
MDDC0_SX339,-0.6325138807296753
MDDC0_SX429,-0.532007629806931
MDDC0_SX69,-0.5910932367498224
MDED0_SI1170,-0.6771539052327474
MDED0_SI1800,-0.9643798951179751
MDED0_SI540,-0.9107627243292137
MDED0_SX180,-0.7687789813892262
MDED0_SX270,-0.5465390523274739
MDED0_SX360,-0.7695294657061177
MDED0_SX450,-0.7267010158962673
MDED0_SX90,-0.862191162109375
MDEF0_SI1123,-0.9214073315001371
MDEF0_SI1563,-0.529072787310626
MDEF0_SI2193,-0.7602709601907169
MDEF0_SX123,-0.9548545837402344
MDEF0_SX213,-0.5566822790330456
MDEF0_SX303,-0.7857671667028356
MDEF0_SX33,-0.7085381150245667
MDEF0_SX393,-0.7237473169962565
MDEM0_SI1868,-0.8003796797532302
MDEM0_SI608,-0.8649413850572374
MDEM0_SI800,-0.5300320551945613
MDEM0_SX158,-0.5552747660669787
MDEM0_SX248,-0.8098489827123182
MDEM0_SX338,-0.8761815780248398
MDEM0_SX428,-0.6244680664756082
MDEM0_SX68,-0.5450598976828835
MDHL0_SI1439,-0.611676736311479
MDHL0_SI2069,-0.7108848690986633
MDHL0_SI809,-0.6433439512510557
MDHL0_SX179,-0.5941096857974404
MDHL0_SX269,-0.5342892578669957
MDHL0_SX359,-0.7642264472113716
MDHL0_SX449,-0.7929316202799479
MDHL0_SX89,-0.5711303287082248
MDHS0_SI1530,-0.6897785302364465
MDHS0_SI2160,-0.4746372434828017
MDHS0_SI900,-0.443631649017334
MDHS0_SX180,-0.5878873712876264
MDHS0_SX270,-0.4408424131331905
MDHS0_SX360,-0.5678834607524257
MDHS0_SX450,-0.5474207046184134
MDHS0_SX90,-0.593237533569336
MDJM0_SI1455,-0.7732234597206116
MDJM0_SI2085,-0.7948977319817794
MDJM0_SI825,-0.7245252397325304
MDJM0_SX105,-0.45193710923194885
MDJM0_SX15,-0.8620280027389526
MDJM0_SX195,-0.6119777072559703
MDJM0_SX285,-0.6754153021450701
MDJM0_SX375,-0.7892212286228086
MDKS0_SI1066,-0.8394755487856658
MDKS0_SI1696,-0.6663385588547279
MDKS0_SI2326,-0.783472107677925
MDKS0_SX166,-0.8708058634111958
MDKS0_SX256,-0.827769134983872
MDKS0_SX346,-0.8695381320252711
MDKS0_SX436,-1.0032755810281504
MDKS0_SX76,-0.7409830547514415
MDLB0_SI1306,-0.7007494729662699
MDLB0_SI1936,-0.9321822357177735
MDLB0_SI676,-0.6974183429371227
MDLB0_SX136,-0.733295723243996
MDLB0_SX226,-0.6332173120407831
MDLB0_SX316,-0.5058462208714979
MDLB0_SX406,-0.6495744323730469
MDLB0_SX46,-0.6459726518200289
MDLC0_SI1395,-0.7482503255208334
MDLC0_SI2025,-1.0173990830131199
MDLC0_SI765,-0.9423957623933491
MDLC0_SX135,-0.9612220941587936
MDLC0_SX225,-0.922045319168656
MDLC0_SX315,-1.0403975125016838
MDLC0_SX405,-0.8498074299580342
MDLC0_SX45,-0.92144376039505
MDLC1_SI1435,-0.7058145461543914
MDLC1_SI2065,-0.6277983983357748
MDLC1_SI2144,-0.728503772190639
MDLC1_SX175,-0.6690983091081891
MDLC1_SX265,-0.6358416707892167
MDLC1_SX355,-0.5902557373046875
MDLC1_SX445,-0.6319646562848772
MDLC1_SX85,-0.6170319949879366
MDLC2_SI1614,-0.5653000354766846
MDLC2_SI2244,-0.6279431343078613
MDLC2_SI984,-0.6308183316831235
MDLC2_SX174,-0.6479631819815006
MDLC2_SX264,-0.8135445206253616
MDLC2_SX354,-0.5351729801722935
MDLC2_SX444,-0.8833170890808105
MDLC2_SX84,-0.6949748992919922
MDLH0_SI1960,-1.034835366641774
MDLH0_SI574,-0.9525679712710173
MDLH0_SI700,-0.9935247421264648
MDLH0_SX160,-0.8101520538330078
MDLH0_SX250,-0.9309348081931089
MDLH0_SX340,-0.7486195718088458
MDLH0_SX430,-0.8905415636427859
MDLH0_SX70,-0.6259585618972778
MDLM0_SI1234,-0.6570854731968471
MDLM0_SI1864,-0.771774593152498
MDLM0_SI604,-0.7994451522827148
MDLM0_SX154,-0.736639678478241
MDLM0_SX244,-0.5042517592267293
MDLM0_SX334,-0.5924397877284459
MDLM0_SX424,-0.5983916691371373
MDLM0_SX64,-0.6430679321289062
MDLR0_SI1233,-0.7214349931286227
MDLR0_SI1863,-0.5993853674994575
MDLR0_SI603,-0.943341104607833
MDLR0_SX153,-0.8165956050791638
MDLR0_SX243,-0.8530941498585236
MDLR0_SX333,-0.8042903900146484
MDLR0_SX423,-0.8203942672066067
MDLR0_SX63,-0.6638964516775948
MDLR1_SI1299,-0.6088577172695062
MDLR1_SI1929,-0.680060727255685
MDLR1_SI669,-0.8502565792628697
MDLR1_SX129,-0.7323604992457798
MDLR1_SX219,-0.9332724071684337
MDLR1_SX309,-0.8804779939873274
MDLR1_SX39,-0.5248329525902158
MDLR1_SX399,-1.0488408187340046
MDMA0_SI1238,-0.5492324829101562
MDMA0_SI1430,-0.706221530311986
MDMA0_SI2060,-0.5788192171039004
MDMA0_SX170,-0.698321955544608
MDMA0_SX260,-0.6202672178095038
MDMA0_SX350,-0.770437123824139
MDMA0_SX440,-0.7167210578918457
MDMA0_SX80,-0.5850828806559245
MDMT0_SI1832,-0.708392688206264
MDMT0_SI2341,-0.934917238023546
MDMT0_SI572,-0.8821463775634766
MDMT0_SX122,-0.7674413299560547
MDMT0_SX212,-0.8559370040893555
MDMT0_SX302,-0.8912945474897113
MDMT0_SX32,-0.7195555005754743
MDMT0_SX392,-0.6742989296136901
MDNS0_SI1011,-0.7099523700651575
MDNS0_SI2271,-0.6686361694335937
MDNS0_SI873,-0.6217649459838868
MDNS0_SX111,-0.6659893528107674
MDNS0_SX201,-0.8636766897665488
MDNS0_SX21,-0.8519661313011533
MDNS0_SX291,-0.7988539864035213
MDNS0_SX381,-0.5620029818627142
MDPB0_SI1760,-0.6816020461748231
MDPB0_SI2126,-0.6568626501621344
MDPB0_SI866,-0.5990949828049232
MDPB0_SX146,-0.46712622771392
MDPB0_SX236,-0.7436054114139441
MDPB0_SX326,-0.7207522922092013
MDPB0_SX416,-0.6805947167532784
MDPB0_SX56,-0.5830755931575123
MDPK0_SI1053,-0.5325518215403837
MDPK0_SI1683,-0.6277268091837566
MDPK0_SI552,-0.6875211596488953
MDPK0_SX153,-0.65838623046875
MDPK0_SX243,-0.7007110595703125
MDPK0_SX333,-0.7136710030691964
MDPK0_SX423,-0.6373198136039402
MDPK0_SX63,-0.47580663781417043
MDPS0_SI1651,-0.9940689849853516
MDPS0_SI1979,-0.8290733036242033
MDPS0_SI719,-0.8527295248849052
MDPS0_SX179,-0.744594373201069
MDPS0_SX269,-0.6012120928083148
MDPS0_SX359,-0.5484177907307942
MDPS0_SX449,-0.6946517457353308
MDPS0_SX89,-0.5786447267274599
MDRD0_SI1382,-0.6147215101453993
MDRD0_SI2012,-0.9345924114358837
MDRD0_SI752,-0.6919127917680584
MDRD0_SX122,-0.9379035949707031
MDRD0_SX212,-0.8514182350852273
MDRD0_SX302,-0.6649146397908529
MDRD0_SX32,-0.7712116771274142
MDRD0_SX392,-0.760687510172526
MDSJ0_SI1462,-0.6082202911376953
MDSJ0_SI2092,-0.6602755579455145
MDSJ0_SI832,-0.7203135619292388
MDSJ0_SX112,-0.8014900544110466
MDSJ0_SX22,-0.7656124778415846
MDSJ0_SX292,-0.5929946151434207
MDSJ0_SX382,-0.7648561795552572
MDSJ0_SX438,-0.7344247436523438
MDSS0_SI1881,-0.7423087633573092
MDSS0_SI2087,-0.8928270754606827
MDSS0_SI621,-0.6714007918899124
MDSS0_SX171,-0.7791599126962515
MDSS0_SX261,-0.7932847064474354
MDSS0_SX351,-0.6926777119539222
MDSS0_SX441,-0.6850888464185927
MDSS0_SX81,-0.425818715776716
MDSS1_SI1327,-0.9082331339518229
MDSS1_SI1713,-0.6150013418758616
MDSS1_SI697,-0.6310357527299361
MDSS1_SX157,-0.9272379721364667
MDSS1_SX247,-0.6580588167363947
MDSS1_SX337,-0.7924640243117874
MDSS1_SX427,-0.7465270007098163
MDSS1_SX67,-0.4839343547821045
MDTB0_SI1200,-0.5685852898491753
MDTB0_SI1830,-0.7708804156329181
MDTB0_SI570,-0.8588145169344815
MDTB0_SX120,-0.962728394402398
MDTB0_SX210,-0.7420076751708984
MDTB0_SX300,-0.7408020414155105
MDTB0_SX321,-0.6675007629394532
MDTB0_SX390,-0.5990084597938939
MDWD0_SI1260,-0.6255117563100961
MDWD0_SI1890,-0.7051211647365404
MDWD0_SI557,-0.6943153493544635
MDWD0_SX180,-0.6633515954017639
MDWD0_SX270,-0.5115222613016764
MDWD0_SX360,-0.4870443055123994
MDWD0_SX450,-0.5341200395063921
MDWD0_SX90,-0.780196533203125
MDWH0_SI1168,-0.5078487396240234
MDWH0_SI1925,-0.6484234458521793
MDWH0_SI665,-0.8620099154385653
MDWH0_SX125,-0.5896118658560293
MDWH0_SX215,-0.8438064472095387
MDWH0_SX305,-0.6351227914133379
MDWH0_SX35,-0.4876582463582357
MDWH0_SX395,-0.9257039779271835
MDWM0_SI1546,-0.9177250581629136
MDWM0_SI2176,-0.5855308175086975
MDWM0_SI916,-0.6530853271484375
MDWM0_SX106,-0.8114278793334961
MDWM0_SX16,-1.0604971931094216
MDWM0_SX286,-0.5615340214149624
MDWM0_SX376,-0.6748235749035347
MDWM0_SX433,-0.5647599356515067
MEAL0_SI1547,-0.7858967099870954
MEAL0_SI2177,-0.7671555911793428
MEAL0_SI917,-0.7923508846398556
MEAL0_SX107,-0.4672561221652561
MEAL0_SX197,-0.6735264460245768
MEAL0_SX287,-0.6837712393866645
MEAL0_SX347,-0.5749941392378374
MEAL0_SX377,-0.6449645604842749
MEDR0_SI1374,-0.6186622731825885
MEDR0_SI2004,-0.5192755699157715
MEDR0_SI744,-0.581982709923569
MEDR0_SX114,-0.5990598996480306
MEDR0_SX204,-0.7062689661979675
MEDR0_SX24,-0.9576644030484286
MEDR0_SX294,-0.5493379592895508
MEDR0_SX384,-0.6962656767471976
MEFG0_SI465,-0.876179550633286
MEFG0_SI491,-0.8618078231811523
MEFG0_SI598,-0.7519662894454657
MEFG0_SX105,-0.6208927790323894
MEFG0_SX15,-1.1627333856398059
MEFG0_SX195,-0.7152565320332845
MEFG0_SX285,-1.2181301774649784
MEFG0_SX375,-0.7955944754860618
MEGJ0_SI1337,-1.017765998840332
MEGJ0_SI1967,-0.8388868967692057
MEGJ0_SI707,-0.9914621206430289
MEGJ0_SX167,-1.1323134899139404
MEGJ0_SX257,-0.8482476014357346
MEGJ0_SX3,-1.142612338066101
MEGJ0_SX437,-0.8745652868392619
MEGJ0_SX77,-0.8979200967928258
MEJL0_SI1592,-0.7108097565479767
MEJL0_SI1654,-0.7383680758268937
MEJL0_SI962,-0.7781483849813772
MEJL0_SX152,-0.5707051277160644
MEJL0_SX242,-0.8192397356033325
MEJL0_SX332,-0.5974464870634533
MEJL0_SX422,-0.6703639711652484
MEJL0_SX62,-0.569360378176667
MEJS0_SI1240,-0.7621282168797084
MEJS0_SI1870,-0.5920585106159079
MEJS0_SI610,-0.7375671598646376
MEJS0_SX160,-0.779943344440866
MEJS0_SX250,-0.7017675546499399
MEJS0_SX340,-0.6670533382531368
MEJS0_SX430,-0.9616883884776722
MEJS0_SX70,-0.8202452226118608
MESG0_SI1332,-0.7525189876556396
MESG0_SI1962,-0.8153064434344952
MESG0_SI702,-1.0607001168387278
MESG0_SX162,-1.269564710344587
MESG0_SX252,-0.7595866147209617
MESG0_SX342,-0.828946590423584
MESG0_SX432,-0.736468505859375
MESG0_SX72,-0.4434772491455078
MESJ0_SI2039,-0.7616938077486478
MESJ0_SI2257,-0.6245509060946378
MESJ0_SI997,-0.8556637234157987
MESJ0_SX187,-0.6574227593161843
MESJ0_SX277,-0.7166764068603516
MESJ0_SX367,-0.5427285923677332
MESJ0_SX7,-0.7230209986368815
MESJ0_SX97,-0.5760649998982748
MEWM0_SI1348,-0.8601578303745815
MEWM0_SI1978,-0.7289021809895834
MEWM0_SI718,-0.6407001394974557
MEWM0_SX178,-0.8742398348721591
MEWM0_SX268,-0.7426877370694789
MEWM0_SX358,-0.9794972031204788
MEWM0_SX448,-0.5541955355940194
MEWM0_SX88,-0.594739174356266
MFER0_SI1492,-0.5346234363058339
MFER0_SI2122,-0.7605853361241958
MFER0_SI862,-0.6454153060913086
MFER0_SX142,-0.6033833959828252
MFER0_SX232,-0.7060162804343484
MFER0_SX322,-0.5360790021491774
MFER0_SX412,-0.4843879699707031
MFER0_SX52,-0.47555016308296016
MFMC0_SI1132,-0.9051245734805152
MFMC0_SI1762,-0.7389290268356735
MFMC0_SI502,-0.8979901075363159
MFMC0_SX142,-0.7960325200506981
MFMC0_SX232,-0.7079780318520286
MFMC0_SX322,-0.7292803035062903
MFMC0_SX412,-0.7276631288750227
MFMC0_SX52,-0.6483678181966146
MFRM0_SI1155,-0.8041754828559028
MFRM0_SI1717,-0.7916286332266671
MFRM0_SI1785,-0.9725153305951286
MFRM0_SX165,-0.7802401065826416
MFRM0_SX255,-0.8297202370383523
MFRM0_SX345,-1.0972715786525182
MFRM0_SX435,-0.7853631178538004
MFRM0_SX75,-0.4686381022135417
MFWK0_SI1249,-0.5608539581298828
MFWK0_SI1879,-0.7094311890778718
MFWK0_SI619,-0.6308079295688205
MFWK0_SX169,-0.7699429581804973
MFWK0_SX259,-1.0176497066722197
MFWK0_SX349,-0.9024069555874529
MFWK0_SX439,-0.6027067396375868
MFWK0_SX79,-0.6530415604754192
MFXS0_SI1674,-0.6918895509507921
MFXS0_SI2225,-0.8373821973800659
MFXS0_SI2304,-0.6521537368362015
MFXS0_SX144,-0.7980599836869673
MFXS0_SX234,-0.7676571677712833
MFXS0_SX324,-0.5883945635895231
MFXS0_SX414,-0.5366451352141625
MFXS0_SX54,-0.715072038438585
MFXV0_SI1005,-0.8485096825493706
MFXV0_SI1342,-0.7454105723987926
MFXV0_SI1635,-0.6603544553120931
MFXV0_SX105,-0.47496767605052276
MFXV0_SX15,-1.0294255343350498
MFXV0_SX195,-0.663002055624257
MFXV0_SX285,-0.6541340616014268
MFXV0_SX375,-0.8654669784918064
MGAF0_SI1282,-0.7377892165887551
MGAF0_SI1912,-0.8416555268423898
MGAF0_SI652,-0.8956966400146484
MGAF0_SX112,-0.8133395512898763
MGAF0_SX202,-0.6341539621353149
MGAF0_SX22,-0.9055287497384208
MGAF0_SX292,-0.6413411120979153
MGAF0_SX382,-0.7921698286726668
MGAG0_SI1321,-0.7939455132735403
MGAG0_SI645,-0.7997524427331012
MGAG0_SI691,-0.6593338012695312
MGAG0_SX151,-0.6819287233574446
MGAG0_SX241,-0.6754963994026184
MGAG0_SX331,-0.6489871631969105
MGAG0_SX421,-0.5949190957205636
MGAG0_SX61,-0.8679911825391982
MGAK0_SI1036,-0.8289210220863079
MGAK0_SI1666,-0.9815852573939732
MGAK0_SI2296,-0.62648070199149
MGAK0_SX136,-0.7122431972570586
MGAK0_SX226,-0.6151900407744617
MGAK0_SX316,-0.5518081270415207
MGAK0_SX406,-0.6083105437609614
MGAK0_SX46,-0.4341470041582661
MGAR0_SI1212,-0.6289812723795573
MGAR0_SI1694,-0.7437121527535575
MGAR0_SI1842,-0.5343358119328817
MGAR0_SX132,-0.8304371704926362
MGAR0_SX222,-0.5178049178350539
MGAR0_SX312,-0.6169357299804688
MGAR0_SX402,-0.5819112062454224
MGAR0_SX42,-0.5350961049397787
MGAW0_SI1165,-0.6990628242492676
MGAW0_SI1802,-0.7648223350787985
MGAW0_SI535,-0.6725781985691616
MGAW0_SX175,-0.718793355501615
MGAW0_SX265,-0.7093352211846246
MGAW0_SX355,-0.8441223502159119
MGAW0_SX445,-0.7971969246864319
MGAW0_SX85,-0.6243922710418701
MGES0_SI1481,-0.8905858993530273
MGES0_SI2111,-1.3252792358398438
MGES0_SI851,-0.9300125562227689
MGES0_SX131,-0.7689431508382162
MGES0_SX221,-0.727165000383244
MGES0_SX311,-0.8827261491255327
MGES0_SX401,-0.7997947692871094
MGES0_SX41,-0.6333880704991958
MGJC0_SI1256,-0.6770412445068359
MGJC0_SI1335,-0.7067824183283625
MGJC0_SI1965,-0.6568346553378634
MGJC0_SX165,-0.8377095735990084
MGJC0_SX255,-0.7914107827579274
MGJC0_SX345,-0.9747851799274313
MGJC0_SX435,-0.7642736629563935
MGJC0_SX75,-0.776419460773468
MGRL0_SI1497,-0.7663695427679247
MGRL0_SI2127,-0.6499937842873966
MGRL0_SI867,-0.6856940847928407
MGRL0_SX147,-0.5263550780540289
MGRL0_SX237,-0.6822320152731502
MGRL0_SX327,-0.5398828946627103
MGRL0_SX417,-0.7228502976266962
MGRL0_SX57,-0.4503437042236328
MGRP0_SI1317,-0.7951530600493809
MGRP0_SI1947,-0.9431283397059287
MGRP0_SI687,-1.0258283615112305
MGRP0_SX147,-0.7943184894064198
MGRP0_SX237,-0.7655844939382452
MGRP0_SX327,-0.6263508872380332
MGRP0_SX417,-0.7625122572246351
MGRP0_SX57,-0.7536128549014821
MGSH0_SI1176,-0.6898916363716125
MGSH0_SI1806,-0.8306020100911459
MGSH0_SI546,-0.8498364907723887
MGSH0_SX127,-0.9100247224171957
MGSH0_SX186,-0.850247416002997
MGSH0_SX276,-0.8285650014877319
MGSH0_SX6,-1.0790473497830904
MGSH0_SX96,-1.0309135648939345
MGSL0_SI1164,-0.765866756439209
MGSL0_SI534,-0.4914693435033162
MGSL0_SI797,-0.5831847335353042
MGSL0_SX174,-0.6073308980689859
MGSL0_SX264,-0.6376700224699797
MGSL0_SX354,-0.9493032886135963
MGSL0_SX444,-0.699169313585436
MGSL0_SX84,-0.7005152702331543
MGXP0_SI1087,-0.6943586137559679
MGXP0_SI457,-1.0433006944327519
MGXP0_SI525,-0.8090114593505859
MGXP0_SX187,-0.7820720672607422
MGXP0_SX277,-0.6919006620134626
MGXP0_SX367,-0.6614813274807401
MGXP0_SX7,-0.7270598575986665
MGXP0_SX97,-0.802831996570934
MHBS0_SI1575,-0.5492001610833246
MHBS0_SI2205,-0.6923713106097598
MHBS0_SI945,-0.7288204775018207
MHBS0_SX135,-0.6100851839238947
MHBS0_SX225,-0.8280446712787335
MHBS0_SX315,-0.9638598305838448
MHBS0_SX405,-0.5518074551144162
MHBS0_SX45,-0.5815039548006925
MHIT0_SI1613,-0.8114287636496804
MHIT0_SI2243,-0.6834407806396484
MHIT0_SI983,-0.7935630798339843
MHIT0_SX173,-0.8953248596191407
MHIT0_SX263,-0.7397680282592773
MHIT0_SX353,-0.762294017907345
MHIT0_SX443,-0.9581737518310547
MHIT0_SX83,-0.6314305485905828
MHJB0_SI1017,-0.6265344089931912
MHJB0_SI1647,-0.7760541313572934
MHJB0_SI2277,-0.8696889196123395
MHJB0_SX117,-0.701859381891066
MHJB0_SX207,-0.7167816162109375
MHJB0_SX27,-0.6480735778808594
MHJB0_SX297,-0.6956564380276588
MHJB0_SX387,-0.7234283924102783
MHMG0_SI1365,-0.8659119009971619
MHMG0_SI1995,-0.533299446105957
MHMG0_SI735,-0.8356831868489584
MHMG0_SX105,-0.4540638327598572
MHMG0_SX15,-0.9046642780303955
MHMG0_SX195,-0.5940215110778808
MHMG0_SX285,-0.6154552102088928
MHMG0_SX375,-0.7098787307739258
MHMR0_SI1119,-0.757581768613873
MHMR0_SI1692,-0.7490631237364652
MHMR0_SI489,-0.8097741007804871
MHMR0_SX129,-0.9060213300916884
MHMR0_SX219,-0.8553740035655887
MHMR0_SX309,-0.7588227434856135
MHMR0_SX39,-0.5897898790312976
MHMR0_SX399,-1.106275063973886
MHRM0_SI1475,-0.7179365539550782
MHRM0_SI2218,-0.6416847831324527
MHRM0_SI958,-0.9883229515769265
MHRM0_SX148,-0.7864229872420028
MHRM0_SX238,-0.5513635782095102
MHRM0_SX328,-0.8598609275006234
MHRM0_SX418,-0.6212040750603927
MHRM0_SX58,-0.6144282023111979
MHXL0_SI1772,-0.6397565953871783
MHXL0_SI512,-0.6508253458383921
MHXL0_SI612,-0.6769938102135291
MHXL0_SX152,-0.46817636489868164
MHXL0_SX242,-0.9570598602294922
MHXL0_SX332,-0.6429433590028344
MHXL0_SX422,-0.7404083158911728
MHXL0_SX62,-0.6931647820906206
MILB0_SI2163,-0.6636243300004439
MILB0_SI807,-0.642104325471101
MILB0_SI903,-0.6830719456528173
MILB0_SX183,-0.9914798736572266
MILB0_SX273,-0.8360657691955566
MILB0_SX3,-0.727097715650286
MILB0_SX363,-0.5455394018264044
MILB0_SX93,-0.6267681884765625
MJAC0_SI1331,-0.6844491714086288
MJAC0_SI2148,-0.868896484375
MJAC0_SI701,-0.7623706940681704
MJAC0_SX251,-0.7933488258948693
MJAC0_SX307,-1.0821291923522949
MJAC0_SX341,-0.7078761100769043
MJAC0_SX431,-0.7955683657997533
MJAC0_SX71,-0.8160635849525189
MJAE0_SI1524,-0.8890497308028372
MJAE0_SI1999,-1.1246216032240126
MJAE0_SI2154,-0.7123702764511108
MJAE0_SX174,-0.7017522652943929
MJAE0_SX264,-0.8589422949429216
MJAE0_SX354,-0.965446808758904
MJAE0_SX444,-0.8383750400027713
MJAE0_SX84,-0.9463396072387695
MJAI0_SI1604,-0.7096874872843425
MJAI0_SI682,-0.5730029179499699
MJAI0_SI710,-0.6899165137339447
MJAI0_SX164,-0.5809078216552734
MJAI0_SX254,-0.7472529638381231
MJAI0_SX344,-0.9688747723897299
MJAI0_SX434,-0.6835573060171944
MJAI0_SX74,-0.5914730745203355
MJBG0_SI1232,-0.6057114712027616
MJBG0_SI1724,-0.8292260851178851
MJBG0_SI1862,-0.5795043706893921
MJBG0_SX152,-0.5715117681594122
MJBG0_SX242,-0.8004077189677471
MJBG0_SX332,-0.5838392469618056
MJBG0_SX422,-0.7253725005359184
MJBG0_SX62,-0.4875750223795573
MJDA0_SI1031,-0.7394202947616577
MJDA0_SI1661,-0.9449511135325712
MJDA0_SI2291,-0.681463860176705
MJDA0_SX131,-0.4971536187564625
MJDA0_SX221,-0.690483651510099
MJDA0_SX311,-0.6568872625177556
MJDA0_SX401,-0.6129803793770926
MJDA0_SX41,-0.6379623413085938
MJDC0_SI1161,-0.8622552490234375
MJDC0_SI2165,-1.56984543800354
MJDC0_SI531,-1.0051926435050318
MJDC0_SX171,-0.9443684013522401
MJDC0_SX261,-0.6324368823658336
MJDC0_SX351,-0.94073486328125
MJDC0_SX441,-0.7857549330767464
MJDC0_SX81,-0.7401193421462486
MJDE0_SI1120,-0.8173791766166687
MJDE0_SI463,-1.0802096366882323
MJDE0_SI490,-0.7732892243758492
MJDE0_SX130,-0.7576203626744887
MJDE0_SX220,-0.6797740936279297
MJDE0_SX310,-0.8491259123149671
MJDE0_SX40,-0.6719433328379756
MJDE0_SX400,-0.7895446405178164
MJDG0_SI1042,-0.6190671920776367
MJDG0_SI1672,-0.6394999821980795
MJDG0_SI1705,-0.6755293386953848
MJDG0_SX142,-0.5264089003853176
MJDG0_SX232,-0.5526417856631072
MJDG0_SX322,-0.6133766770362854
MJDG0_SX412,-0.5890955058011141
MJDG0_SX52,-0.40927235976509424
MJDM0_SI1340,-0.7136094336416207
MJDM0_SI1937,-0.9792547907148089
MJDM0_SI974,-0.7343435287475586
MJDM0_SX170,-0.8226694790822155
MJDM0_SX260,-0.687526612054734
MJDM0_SX350,-0.742375467337814
MJDM0_SX440,-0.6287488540013632
MJDM0_SX80,-0.4987598419189453
MJEB0_SI1286,-0.689207117608253
MJEB0_SI1916,-0.8097032970852323
MJEB0_SI656,-0.5979820728302002
MJEB0_SX170,-0.6599954084916548
MJEB0_SX206,-0.7623382661400772
MJEB0_SX26,-0.8841035461425781
MJEB0_SX296,-0.7298031468545237
MJEB0_SX386,-0.5558567047119141
MJEB1_SI1467,-0.6527826409590872
MJEB1_SI2097,-0.9040632536917022
MJEB1_SI837,-0.8847999572753906
MJEB1_SX117,-0.7013320922851562
MJEB1_SX207,-1.0619549751281738
MJEB1_SX27,-0.7444187927246094
MJEB1_SX297,-0.8620336594120148
MJEB1_SX387,-0.7896986265440245
MJEE0_SI1237,-0.88842528905624
MJEE0_SI1867,-0.5852917851628484
MJEE0_SI607,-1.049308353000217
MJEE0_SX157,-0.7109102010726929
MJEE0_SX247,-0.757804350419478
MJEE0_SX337,-0.6506743431091309
MJEE0_SX427,-0.9472382409232003
MJEE0_SX67,-0.599405895579945
MJFH0_SI1107,-0.8767440915107727
MJFH0_SI1737,-0.6954960823059082
MJFH0_SI477,-0.685780642325418
MJFH0_SX117,-0.5908554712931315
MJFH0_SX207,-0.8273085753122965
MJFH0_SX27,-0.7955818176269531
MJFH0_SX297,-0.9128002166748047
MJFH0_SX387,-0.7152688309953019
MJFR0_SI1605,-0.797617989617425
MJFR0_SI2235,-0.6382438197280421
MJFR0_SI975,-0.8690078735351563
MJFR0_SX165,-0.873630142211914
MJFR0_SX255,-0.9053828981187608
MJFR0_SX345,-1.2536749521891275
MJFR0_SX435,-0.8209815392127404
MJFR0_SX75,-0.7049925255052971
MJHI0_SI1328,-0.5718473196029663
MJHI0_SI555,-0.7238149642944336
MJHI0_SI698,-0.8475290934244791
MJHI0_SX158,-0.5311774866921561
MJHI0_SX248,-0.8498341487004206
MJHI0_SX338,-0.931110600062779
MJHI0_SX428,-0.5914614783393012
MJHI0_SX68,-0.7491283977732939
MJJB0_SI1139,-0.6387767134041622
MJJB0_SI1277,-0.7047126293182373
MJJB0_SI1769,-0.9341790080070496
MJJB0_SX149,-0.6123537915818235
MJJB0_SX239,-0.6748640802171495
MJJB0_SX329,-0.6199934005737304
MJJB0_SX419,-0.8868768021867082
MJJB0_SX59,-0.8498286467332107
MJJJ0_SI1163,-0.5192770957946777
MJJJ0_SI1793,-0.6230983173145968
MJJJ0_SI533,-0.9627576028147051
MJJJ0_SX173,-0.8642158508300781
MJJJ0_SX263,-0.6218420225998451
MJJJ0_SX353,-0.7521364150508758
MJJJ0_SX443,-0.8468847274780273
MJJJ0_SX83,-0.594678105534734
MJJM0_SI1251,-0.7664950052897136
MJJM0_SI1457,-0.648614721783137
MJJM0_SI827,-0.6296252688846072
MJJM0_SX107,-0.7640624046325684
MJJM0_SX17,-1.288528060913086
MJJM0_SX197,-0.8385415077209473
MJJM0_SX287,-0.7204234976517526
MJJM0_SX377,-0.6081047058105469
MJKR0_SI1201,-0.972774217713554
MJKR0_SI1831,-1.0013504028320312
MJKR0_SI571,-0.6861532423231337
MJKR0_SX121,-0.7386251310022866
MJKR0_SX211,-0.9128393285414752
MJKR0_SX301,-0.9333510147897821
MJKR0_SX31,-1.1294278364915113
MJKR0_SX391,-1.0032709121704102
MJLB0_SI1616,-0.9855394999186198
MJLB0_SI2246,-1.0757649033157914
MJLB0_SI986,-0.635646357680812
MJLB0_SX176,-0.6883106665177778
MJLB0_SX266,-0.6169084118258569
MJLB0_SX356,-0.7439402377966678
MJLB0_SX446,-0.4313784379225511
MJLB0_SX86,-0.6599561014483052
MJLG1_SI1012,-0.6062293894150678
MJLG1_SI1642,-0.8513103212629046
MJLG1_SI2272,-0.5109477285611428
MJLG1_SX112,-0.6460764601423934
MJLG1_SX202,-0.41828815460205077
MJLG1_SX22,-0.7165377790277655
MJLG1_SX292,-0.3750322753307866
MJLG1_SX382,-0.6692895155686599
MJLS0_SI1096,-0.7497289180755615
MJLS0_SI1726,-0.8136125802993774
MJLS0_SI466,-0.5579439360519935
MJLS0_SX106,-0.6851753870646159
MJLS0_SX16,-1.0875453040713357
MJLS0_SX196,-0.6653768902733213
MJLS0_SX286,-0.6042833889231962
MJLS0_SX376,-0.6122490564982096
MJMA0_SI1495,-0.7355282432154605
MJMA0_SI2125,-0.7392009588388296
MJMA0_SI865,-0.5498725573221842
MJMA0_SX145,-0.7145274235652044
MJMA0_SX235,-0.5738006591796875
MJMA0_SX325,-0.8012134552001953
MJMA0_SX415,-0.6398394372728136
MJMA0_SX55,-0.5949964735243055
MJMD0_SI1028,-0.8509021172156701
MJMD0_SI1658,-1.0326050758361816
MJMD0_SI2288,-0.8073338705395895
MJMD0_SX128,-0.6192631403605143
MJMD0_SX218,-0.6466977709815616
MJMD0_SX308,-0.6535778606639189
MJMD0_SX38,-0.44630347850710844
MJMD0_SX398,-0.7622101362361464
MJMM0_SI1255,-0.5990597407023112
MJMM0_SI1885,-0.7844048959237558
MJMM0_SI625,-0.5322460847742417
MJMM0_SX175,-0.7415980945933949
MJMM0_SX265,-0.5535780416952597
MJMM0_SX355,-0.6115312865286162
MJMM0_SX445,-0.6504139619715074
MJMM0_SX85,-0.6292596143834731
MJPG0_SI1191,-0.7574961045209099
MJPG0_SI1821,-0.6405592293574892
MJPG0_SI561,-0.6107863733323954
MJPG0_SX111,-0.6351713251184534
MJPG0_SX201,-0.7646431514195033
MJPG0_SX21,-0.5955706119537354
MJPG0_SX291,-0.9269300000420932
MJPG0_SX381,-0.5088520972959457
MJPM0_SI1368,-0.7772517204284668
MJPM0_SI1998,-0.6676222483317057
MJPM0_SI738,-0.5713003976004464
MJPM0_SX108,-0.6545325385199653
MJPM0_SX18,-0.8242066123268821
MJPM0_SX198,-0.9408262187036974
MJPM0_SX288,-0.9048098187113918
MJPM0_SX378,-0.8170821541234067
MJPM1_SI1897,-0.6933665556066176
MJPM1_SI2280,-0.645627195184881
MJPM1_SI761,-0.6791883196149554
MJPM1_SX131,-0.8425737789699009
MJPM1_SX221,-0.5893238158453078
MJPM1_SX311,-0.8310596699617347
MJPM1_SX401,-0.6436912218729655
MJPM1_SX41,-0.5611949621462354
MJRA0_SI1236,-0.9678405125935873
MJRA0_SI1866,-0.9769929998061236
MJRA0_SI606,-0.7100372314453125
MJRA0_SX156,-0.6629614728562375
MJRA0_SX246,-0.6908935819353376
MJRA0_SX336,-0.649418866192853
MJRA0_SX426,-0.9080722911937816
MJRA0_SX66,-0.5187074300405141
MJRG0_SI1366,-1.0673368181501115
MJRG0_SI1996,-0.8182331323623657
MJRG0_SI736,-0.8667482178786705
MJRG0_SX106,-0.746885871887207
MJRG0_SX16,-0.9033073243640718
MJRG0_SX286,-0.7068138122558594
MJRG0_SX352,-0.6500640059962417
MJRG0_SX376,-0.7900438076112328
MJRH0_SI1125,-0.6374150326377467
MJRH0_SI1755,-0.8459058489118304
MJRH0_SI1840,-0.6164810543968564
MJRH0_SX135,-0.6788197959341654
MJRH0_SX225,-0.8580562273661295
MJRH0_SX315,-0.8620008059910366
MJRH0_SX405,-0.5929229323928421
MJRH0_SX45,-0.7745785251740487
MJRH1_SI1558,-0.7877947720614347
MJRH1_SI1774,-0.8838852714089787
MJRH1_SI514,-0.7449121804072939
MJRH1_SX154,-0.6868749506333295
MJRH1_SX244,-0.6759202593848819
MJRH1_SX334,-0.7857450036441579
MJRH1_SX424,-0.6019577699549058
MJRH1_SX64,-0.8625755310058594
MJRK0_SI1662,-0.6890455722808838
MJRK0_SI2103,-0.8984351438634536
MJRK0_SI880,-0.8649558327414772
MJRK0_SX160,-0.9093148973253038
MJRK0_SX250,-0.6368014506804638
MJRK0_SX340,-0.7431886119227256
MJRK0_SX430,-0.7694393793741862
MJRK0_SX70,-0.5714319229125977
MJRP0_SI1835,-0.5124921458108085
MJRP0_SI1845,-0.6620454480571132
MJRP0_SI585,-0.6949790000915528
MJRP0_SX135,-0.797623027454723
MJRP0_SX225,-0.9060517883300782
MJRP0_SX315,-0.92927428654262
MJRP0_SX405,-0.5011151631673177
MJRP0_SX45,-0.4945973820156521
MJSR0_SI1424,-0.7951275263077173
MJSR0_SI2054,-0.8356689194501457
MJSR0_SI794,-0.8771794864109584
MJSR0_SX164,-0.710696772525185
MJSR0_SX254,-1.0568953922816686
MJSR0_SX344,-0.8188026746114095
MJSR0_SX434,-0.8841412353515625
MJSR0_SX74,-0.8262580633163452
MJWG0_SI2155,-0.5630111013139997
MJWG0_SI813,-0.7470748901367188
MJWG0_SI895,-0.8362628643329327
MJWG0_SX175,-0.7019550459725517
MJWG0_SX265,-0.8749775164055101
MJWG0_SX355,-0.8196472044913999
MJWG0_SX445,-0.9684360388553503
MJWG0_SX85,-0.7409520004734849
MJWS0_SI1143,-0.8801950639294039
MJWS0_SI1773,-0.8709066564386542
MJWS0_SI513,-0.4910996085719058
MJWS0_SX153,-0.7019050886046212
MJWS0_SX243,-0.765889098004597
MJWS0_SX333,-0.8688442654079861
MJWS0_SX423,-0.7973283131917318
MJWS0_SX63,-0.556138139022024
MJWT0_SI1291,-0.4469985365867615
MJWT0_SI1381,-0.6632157583085317
MJWT0_SI751,-1.0251601248076467
MJWT0_SX121,-0.7279037573398688
MJWT0_SX211,-0.5981146868537454
MJWT0_SX301,-0.8064320714850175
MJWT0_SX31,-0.8183863604510272
MJWT0_SX391,-1.0027382499293278
MJXA0_SI1507,-0.6160414769099309
MJXA0_SI2137,-1.151042211623419
MJXA0_SI877,-0.6321694430182961
MJXA0_SX157,-0.7106527131179283
MJXA0_SX247,-0.7182325809559924
MJXA0_SX337,-0.7137318172970334
MJXA0_SX427,-0.7989359635573167
MJXA0_SX67,-0.5128806509622713
MJXL0_SI1172,-0.6258814452124424
MJXL0_SI1795,-0.7018722085391774
MJXL0_SI542,-0.7228678426434917
MJXL0_SX182,-0.9609867593516475
MJXL0_SX272,-0.6659478407639724
MJXL0_SX362,-0.9426754542759487
MJXL0_SX452,-0.6719616109674628
MJXL0_SX92,-0.7239889417375837
MKAG0_SI1609,-0.8247885196766955
MKAG0_SI2239,-0.9664860534667968
MKAG0_SI979,-0.6211512780958607
MKAG0_SX169,-0.8511460467082698
MKAG0_SX259,-0.896376726103992
MKAG0_SX30,-0.4537747192382813
MKAG0_SX439,-0.5856042944866678
MKAG0_SX79,-0.6874272546102834
MKAH0_SI1528,-0.8296881781684028
MKAH0_SI2158,-0.8246431350708008
MKAH0_SI898,-0.6279304728788488
MKAH0_SX178,-0.8362798309326172
MKAH0_SX268,-0.7051641774732013
MKAH0_SX358,-0.7459977248619343
MKAH0_SX448,-0.636150598526001
MKAH0_SX88,-0.7127064069112142
MKAJ0_SI1414,-0.6724153518676758
MKAJ0_SI2044,-0.7217795330545177
MKAJ0_SI784,-0.5256592355123381
MKAJ0_SX154,-0.5824942434987714
MKAJ0_SX244,-0.7783868740766476
MKAJ0_SX334,-0.8138828935294316
MKAJ0_SX424,-0.5456149718340706
MKAJ0_SX64,-0.6256755722893609
MKAM0_SI1250,-0.7837882302024147
MKAM0_SI1316,-0.7920855960330447
MKAM0_SI1465,-0.5089792675442166
MKAM0_SX146,-0.5358565739222936
MKAM0_SX236,-0.7207598532399824
MKAM0_SX326,-0.8022268887223869
MKAM0_SX416,-0.8582175219500506
MKAM0_SX56,-0.7198963630490187
MKDB0_SI2132,-0.6909917028326737
MKDB0_SI588,-0.7562127606622104
MKDB0_SI872,-0.5839872360229492
MKDB0_SX152,-0.7775049907405202
MKDB0_SX242,-0.6756978937097498
MKDB0_SX332,-0.5932644245236419
MKDB0_SX422,-0.6311857642197027
MKDB0_SX62,-0.6393054962158203
MKDD0_SI1567,-0.5903492736816406
MKDD0_SI2197,-0.7726044905813116
MKDD0_SI937,-0.6537107467651367
MKDD0_SX127,-0.6502588106238324
MKDD0_SX217,-0.8245017528533936
MKDD0_SX307,-0.5665413992745536
MKDD0_SX37,-0.4702565544529965
MKDD0_SX397,-0.6500444973216337
MKDT0_SI2153,-0.6799398852932838
MKDT0_SI814,-0.7159217575849113
MKDT0_SI893,-0.8051577175364775
MKDT0_SX173,-0.9544198608398438
MKDT0_SX263,-0.6823998178754535
MKDT0_SX353,-0.8786982297897339
MKDT0_SX443,-1.090692454370959
MKDT0_SX83,-0.7920694623674666
MKES0_SI1253,-0.8453275589715867
MKES0_SI1883,-0.896750230055589
MKES0_SI623,-0.6604053356029369
MKES0_SX173,-0.8213536739349365
MKES0_SX263,-0.7618913321659483
MKES0_SX353,-0.6870618300004439
MKES0_SX443,-0.8729730606079101
MKES0_SX83,-0.5709877516094007
MKJO0_SI1517,-0.8634254818870908
MKJO0_SI2147,-0.6279867923620975
MKJO0_SI887,-0.7307619518703885
MKJO0_SX167,-0.49717098582874647
MKJO0_SX257,-0.8374442320603591
MKJO0_SX424,-0.5678776332310268
MKJO0_SX437,-0.5606136322021484
MKJO0_SX77,-0.5963369551159087
MKLN0_SI1598,-0.6859266757965088
MKLN0_SI2228,-0.7258294423421224
MKLN0_SI968,-0.7433393001556396
MKLN0_SX158,-0.760447374979655
MKLN0_SX248,-0.7315932964456493
MKLN0_SX338,-0.8926377826266818
MKLN0_SX428,-0.6182258605957032
MKLN0_SX68,-0.6977802045417555
MKLR0_SI1059,-0.6212793350219726
MKLR0_SI1689,-0.7310047149658203
MKLR0_SI2319,-0.6464899557608145
MKLR0_SX159,-0.5643080605400933
MKLR0_SX249,-1.040346805865948
MKLR0_SX339,-0.6105846281974546
MKLR0_SX429,-0.5790301186697824
MKLR0_SX69,-0.702046275138855
MKLS0_SI1437,-0.7950966006419697
MKLS0_SI1533,-1.1322038550125926
MKLS0_SI2067,-1.0293532371520997
MKLS0_SX177,-0.8128176879882812
MKLS0_SX267,-0.9466786506848458
MKLS0_SX357,-0.813592529296875
MKLS0_SX447,-0.8303623199462891
MKLS0_SX87,-0.8722153270945829
MKLS1_SI1545,-1.3795071263467111
MKLS1_SI2175,-0.8406926859980044
MKLS1_SI915,-0.7654271619073276
MKLS1_SX105,-0.6927546839560231
MKLS1_SX15,-0.8751851250143612
MKLS1_SX195,-0.620853042602539
MKLS1_SX285,-0.6010624567667643
MKLS1_SX375,-0.7371902465820312
MKLW0_SI1571,-0.692867001620206
MKLW0_SI1844,-1.1807050704956055
MKLW0_SI2201,-0.6389820575714111
MKLW0_SX131,-0.6325870860706676
MKLW0_SX221,-0.6639912778680975
MKLW0_SX311,-0.7188923722606594
MKLW0_SX401,-0.6434130441574824
MKLW0_SX41,-0.7230720520019531
MKRG0_SI1491,-0.733827694979581
MKRG0_SI2121,-0.8360608187588778
MKRG0_SI861,-0.9516956894486038
MKRG0_SX141,-0.6461368872194874
MKRG0_SX231,-0.9326183145696466
MKRG0_SX31,-0.7660936208871695
MKRG0_SX411,-0.6876782148312299
MKRG0_SX51,-0.4571413312639509
MKXL0_SI1185,-0.5042897953706629
MKXL0_SI1815,-0.5950588650173612
MKXL0_SI1958,-0.5337835947672526
MKXL0_SX105,-0.3410151696974231
MKXL0_SX15,-0.8387632966041565
MKXL0_SX195,-0.6907634320466415
MKXL0_SX285,-0.5421151807231288
MKXL0_SX375,-0.608028803116236
MLBC0_SI1239,-0.7641735076904297
MLBC0_SI1869,-0.9105634689331055
MLBC0_SI609,-0.6654376670962474
MLBC0_SX159,-0.5421814274143528
MLBC0_SX249,-0.7379877383892353
MLBC0_SX339,-0.61784626455868
MLBC0_SX429,-0.5711376667022705
MLBC0_SX69,-0.6824341365269252
MLEL0_SI1246,-0.8496879471672906
MLEL0_SI1876,-0.9830168724060059
MLEL0_SI616,-0.8349068549371534
MLEL0_SX166,-0.6010947793217029
MLEL0_SX256,-0.7365785837173462
MLEL0_SX346,-0.5756148902737365
MLEL0_SX436,-0.9634556977645211
MLEL0_SX76,-0.552244035821212
MLJC0_SI1225,-0.6685298197978252
MLJC0_SI1855,-0.7916833476016396
MLJC0_SI595,-0.7361831149539432
MLJC0_SX145,-0.8510349958370893
MLJC0_SX235,-0.9105560039651805
MLJC0_SX325,-0.7078320538556134
MLJC0_SX415,-0.7966535929087046
MLJC0_SX55,-0.6648511019620028
MLJH0_SI1324,-0.9737491607666016
MLJH0_SI1422,-0.7837708885989972
MLJH0_SI694,-0.8683535601641681
MLJH0_SX154,-0.6284534136454264
MLJH0_SX244,-0.8286003960503472
MLJH0_SX334,-0.7825657237659801
MLJH0_SX424,-0.6912482125418526
MLJH0_SX64,-0.7481059498257108
MLNS0_SI1407,-0.5829379490443638
MLNS0_SI2037,-0.7269721984863281
MLNS0_SI777,-0.8104392780977137
MLNS0_SX147,-0.5771999359130859
MLNS0_SX237,-1.0101764076634456
MLNS0_SX327,-0.7106007074905654
MLNS0_SX417,-0.7142546727107122
MLNS0_SX57,-0.7401873680853075
MLSH0_SI1417,-0.6885392622514205
MLSH0_SI2047,-0.7534548236477759
MLSH0_SI787,-0.738809076944987
MLSH0_SX157,-0.7947701045445034
MLSH0_SX247,-0.7498460023299508
MLSH0_SX337,-0.6297399520874023
MLSH0_SX427,-0.7396176883152553
MLSH0_SX67,-0.7591068631126767
MMAA0_SI1588,-0.6016873378379672
MMAA0_SI2105,-0.902283935546875
MMAA0_SI845,-0.4711044773910985
MMAA0_SX125,-0.7180129741800243
MMAA0_SX215,-0.6927799534153294
MMAA0_SX305,-0.49925453322274344
MMAA0_SX35,-0.6132282257080078
MMAA0_SX395,-0.8048558846498147
MMAB1_SI1494,-0.8439790937635634
MMAB1_SI2124,-0.709931640625
MMAB1_SI864,-0.966262442166688
MMAB1_SX144,-1.2232626712683476
MMAB1_SX234,-0.744343208544182
MMAB1_SX324,-0.6648912869966948
MMAB1_SX414,-0.6692516978194074
MMAB1_SX54,-0.7040626102023655
MMAG0_SI1126,-0.9053920399058949
MMAG0_SI1756,-0.7416385650634766
MMAG0_SI496,-0.7017812199062772
MMAG0_SX136,-0.704252666897244
MMAG0_SX226,-0.687236467997233
MMAG0_SX316,-0.9102271507526266
MMAG0_SX406,-0.5826309204101563
MMAG0_SX46,-0.5065755248069763
MMAM0_SI1597,-0.7227842542860243
MMAM0_SI1668,-0.8938534545898438
MMAM0_SI2227,-0.8992975098746163
MMAM0_SX157,-0.9410788013089088
MMAM0_SX247,-0.7828696707020635
MMAM0_SX337,-0.8269700270432693
MMAM0_SX427,-0.6269513643704928
MMAM0_SX67,-0.8678807710346422
MMAR0_SI1336,-0.8007080441429502
MMAR0_SI1966,-0.9014557925137606
MMAR0_SI706,-0.47536389967974496
MMAR0_SX166,-0.6391469319661458
MMAR0_SX256,-0.7262515425682068
MMAR0_SX346,-0.8065780798594157
MMAR0_SX436,-0.8939358393351237
MMAR0_SX76,-0.6398630875807542
MMBS0_SI1151,-0.7912206296567563
MMBS0_SI1781,-1.274558385213216
MMBS0_SI521,-0.6804174002954515
MMBS0_SX161,-0.6495870443490835
MMBS0_SX251,-0.5267664238258645
MMBS0_SX341,-0.6683461449363015
MMBS0_SX431,-0.7167047924465604
MMBS0_SX71,-0.6821832964497228
MMCC0_SI1338,-0.762768200465611
MMCC0_SI1968,-0.6491520139906142
MMCC0_SI708,-0.8573141355772276
MMCC0_SX168,-0.7246152559916178
MMCC0_SX258,-0.8745105049826882
MMCC0_SX348,-0.6103169123331705
MMCC0_SX438,-0.7034371185302735
MMCC0_SX78,-0.5813131661250673
MMDB0_SI1358,-0.615440305074056
MMDB0_SI1617,-0.49808814308860083
MMDB0_SI987,-0.8122660924517919
MMDB0_SX177,-0.7212720284095178
MMDB0_SX267,-0.8759448263380263
MMDB0_SX357,-0.7514178817336624
MMDB0_SX447,-0.74072265625
MMDB0_SX87,-0.4470544141881606
MMDG0_SI1780,-0.8609646883877841
MMDG0_SI2035,-0.7759504732878312
MMDG0_SI520,-0.5137430139490076
MMDG0_SX160,-0.8747051073157269
MMDG0_SX250,-1.0967083442501906
MMDG0_SX340,-1.040021954160748
MMDG0_SX430,-0.6344987401422465
MMDG0_SX70,-0.7219551259821112
MMDM0_SI1311,-0.8727794885635376
MMDM0_SI1941,-0.7759340377081008
MMDM0_SI681,-0.7060247236682523
MMDM0_SX141,-0.620859998337766
MMDM0_SX231,-1.1430653658780185
MMDM0_SX321,-0.6691747578707609
MMDM0_SX411,-0.794934346125676
MMDM0_SX51,-0.6806163344272348
MMDM1_SI1650,-0.45511601952945485
MMDM1_SI2043,-1.1781213659989207
MMDM1_SI783,-0.5837472809685601
MMDM1_SX153,-0.5106023152669271
MMDM1_SX243,-0.6829781055450439
MMDM1_SX333,-0.6945575791962293
MMDM1_SX423,-0.6837279137144697
MMDM1_SX63,-0.7097838265555245
MMDS0_SI1343,-0.6586876635281544
MMDS0_SI1973,-0.9601056840684679
MMDS0_SI713,-0.5882323980331421
MMDS0_SX173,-0.8164692719777426
MMDS0_SX263,-0.7096306836163556
MMDS0_SX353,-0.8435816611013105
MMDS0_SX443,-0.9945981343587239
MMDS0_SX83,-0.6153210231236049
MMEA0_SI1388,-0.6086382461806475
MMEA0_SI2018,-0.6206838289896647
MMEA0_SI758,-0.6069290407242314
MMEA0_SX128,-0.5194420133318219
MMEA0_SX218,-0.6879720687866211
MMEA0_SX308,-0.6237844824790955
MMEA0_SX38,-0.7791653156280518
MMEA0_SX398,-0.6659464952422351
MMEB0_SI1357,-0.5783473827220775
MMEB0_SI1987,-0.755953755872003
MMEB0_SI727,-0.7221632737379807
MMEB0_SX187,-0.9443465641566685
MMEB0_SX327,-0.7710971832275391
MMEB0_SX367,-0.7148792042451746
MMEB0_SX7,-0.66197996873122
MMEB0_SX97,-0.9868039403642926
MMGC0_SI1305,-0.7280457060215837
MMGC0_SI1935,-0.7199005951752534
MMGC0_SI2184,-0.840684061465056
MMGC0_SX135,-0.6390797875144265
MMGC0_SX225,-0.8354696344446253
MMGC0_SX315,-0.8902221548146215
MMGC0_SX405,-0.6423580463115985
MMGC0_SX45,-0.7683183496648615
MMGG0_SI1079,-0.8398126602172852
MMGG0_SI1709,-0.7811241149902344
MMGG0_SI2339,-0.7264424526330197
MMGG0_SX179,-0.7160666114405582
MMGG0_SX269,-0.6008687700544085
MMGG0_SX359,-0.609796863132053
MMGG0_SX449,-0.6690493213887118
MMGG0_SX89,-0.5954782586348685
MMGK0_SI1322,-0.713840290651483
MMGK0_SI1952,-0.6283647312837488
MMGK0_SI692,-0.629538688659668
MMGK0_SX152,-0.5613725507581556
MMGK0_SX242,-0.5874814714704241
MMGK0_SX332,-0.5278776168823243
MMGK0_SX422,-0.7424900837433643
MMGK0_SX62,-0.681085928892478
MMJB1_SI1408,-0.4981942990931069
MMJB1_SI2038,-0.5951534572400545
MMJB1_SI778,-1.1362602233886718
MMJB1_SX148,-0.7368797611545872
MMJB1_SX238,-0.5333655145433214
MMJB1_SX328,-0.6114274263381958
MMJB1_SX418,-0.5242731632330478
MMJB1_SX58,-0.5128309910113995
MMLM0_SI1527,-1.0170301290658803
MMLM0_SI2150,-0.6939614159720284
MMLM0_SI897,-0.8052792087677987
MMLM0_SX177,-0.6226589202880859
MMLM0_SX267,-0.8381175086611793
MMLM0_SX357,-0.6536482369027486
MMLM0_SX447,-0.65598671524613
MMLM0_SX87,-0.588955579485212
MMPM0_SI1061,-0.5918636322021484
MMPM0_SI1691,-0.78868366690243
MMPM0_SI2321,-0.8119352514093573
MMPM0_SX161,-0.6515621110504749
MMPM0_SX251,-0.5649747668572191
MMPM0_SX341,-0.601399564743042
MMPM0_SX431,-0.6368618011474609
MMPM0_SX71,-0.6483503157092679
MMRP0_SI2034,-0.3607484340667725
MMRP0_SI717,-0.7730120704287574
MMRP0_SI774,-0.7791902269635882
MMRP0_SX144,-0.9504109086661503
MMRP0_SX234,-0.7473872689639821
MMRP0_SX324,-0.6412473320960999
MMRP0_SX414,-0.5901649111793155
MMRP0_SX54,-0.7457861105600992
MMSM0_SI1106,-0.5001688003540039
MMSM0_SI1736,-0.776297124226888
MMSM0_SI476,-0.5857961728022649
MMSM0_SX116,-0.7159122184470847
MMSM0_SX206,-0.6515462512061709
MMSM0_SX26,-0.8631505612973813
MMSM0_SX296,-0.6548372904459635
MMSM0_SX386,-0.6154150009155274
MMVP0_SI1284,-0.8539464227084456
MMVP0_SI1914,-0.8512959656892
MMVP0_SI654,-0.9939933445142664
MMVP0_SX114,-0.7347339939426731
MMVP0_SX204,-1.0186756018436316
MMVP0_SX294,-0.8754770344701307
MMVP0_SX347,-0.7979871749877929
MMVP0_SX384,-1.039239176997432
MMWB0_SI1619,-0.680267030542547
MMWB0_SI2249,-0.6794178009033203
MMWB0_SI989,-0.4380545365182977
MMWB0_SX179,-0.7142882224840995
MMWB0_SX269,-0.6432491030011859
MMWB0_SX359,-0.5942778380020804
MMWB0_SX449,-0.5350235957725376
MMWB0_SX89,-0.6108733935233874
MMWS0_SI1518,-1.01227648117963
MMWS0_SI559,-1.003495216369629
MMWS0_SI888,-1.081110567659945
MMWS0_SX168,-1.0434038374159071
MMWS0_SX258,-1.029351739322438
MMWS0_SX348,-0.7923291524251302
MMWS0_SX438,-0.8731963634490967
MMWS0_SX78,-0.8348471323649088
MMWS1_SI1071,-0.6121471486193069
MMWS1_SI1701,-0.7557875497000558
MMWS1_SI2331,-0.5723123550415039
MMWS1_SX261,-0.7283401489257812
MMWS1_SX27,-0.6056622695922852
MMWS1_SX351,-0.6633463514612076
MMWS1_SX441,-0.4181899494594998
MMWS1_SX81,-0.4274984995524089
MMXS0_SI2136,-0.6120580785414752
MMXS0_SI629,-0.7013721789343882
MMXS0_SI876,-0.466522287439417
MMXS0_SX156,-0.6544034697792747
MMXS0_SX246,-0.6670064290364583
MMXS0_SX336,-0.6930770167598018
MMXS0_SX426,-0.7946409277013831
MMXS0_SX66,-0.6959278519089157
MNET0_SI1446,-0.900169516509434
MNET0_SI2076,-1.056053410405698
MNET0_SI816,-0.8234744322927374
MNET0_SX186,-0.7422095331652411
MNET0_SX276,-0.8484971523284912
MNET0_SX366,-0.8236123627307368
MNET0_SX6,-1.3195572694142659
MNET0_SX96,-0.9595116509331597
MNTW0_SI1068,-0.7722585645772643
MNTW0_SI1698,-0.7508482050012659
MNTW0_SI2328,-0.9403996467590332
MNTW0_SX168,-0.6416613967330368
MNTW0_SX202,-0.8557579040527343
MNTW0_SX258,-0.784711064519109
MNTW0_SX348,-0.7480382919311523
MNTW0_SX78,-0.5460844039916992
MPAR0_SI1576,-0.9882691327263328
MPAR0_SI2206,-0.8034148306216834
MPAR0_SI946,-0.5804332284366384
MPAR0_SX136,-0.5115863398501748
MPAR0_SX226,-0.7156440920946074
MPAR0_SX316,-0.5732831032045426
MPAR0_SX406,-0.7122790018717448
MPAR0_SX46,-0.9903416103786893
MPEB0_SI1034,-0.7263575604087428
MPEB0_SI1860,-0.5691727291453968
MPEB0_SI600,-0.70390625
MPEB0_SX150,-0.6035971487722089
MPEB0_SX240,-0.6425595760345459
MPEB0_SX330,-0.6846020849127519
MPEB0_SX420,-0.7378384060329861
MPEB0_SX60,-0.5078743268858712
MPFU0_SI1258,-0.6590342165818855
MPFU0_SI1888,-1.3815326690673828
MPFU0_SI628,-0.5133679707845052
MPFU0_SX178,-0.637021681841682
MPFU0_SX268,-0.5473324088163154
MPFU0_SX358,-0.9327661452754852
MPFU0_SX448,-0.4746226370334625
MPFU0_SX88,-0.42860136226731904
MPGH0_SI1554,-0.8016682404738206
MPGH0_SI675,-0.7835777282714844
MPGH0_SI924,-0.5264491456927676
MPGH0_SX114,-0.5994818138353752
MPGH0_SX204,-0.6825587980208858
MPGH0_SX24,-0.838520504179455
MPGH0_SX294,-0.6475021498543876
MPGH0_SX384,-0.8236841201782227
MPGR0_SI1410,-0.7986175395824291
MPGR0_SI2040,-0.7198492685953776
MPGR0_SI780,-0.9739306640625
MPGR0_SX150,-0.5478771209716797
MPGR0_SX240,-0.7013508401265959
MPGR0_SX330,-0.8473993765341269
MPGR0_SX420,-0.7539658440483941
MPGR0_SX60,-0.6234892272949218
MPGR1_SI1269,-0.7238301753997802
MPGR1_SI1499,-0.8309806020636308
MPGR1_SI2129,-0.7397489045795641
MPGR1_SX149,-0.7518657186756963
MPGR1_SX239,-0.5848223005022322
MPGR1_SX329,-0.6828905252309946
MPGR1_SX419,-0.9172541300455729
MPGR1_SX59,-0.7547886657714844
MPMB0_SI1501,-0.9669095207663143
MPMB0_SI2131,-0.8652583228217231
MPMB0_SI871,-0.8878094522576583
MPMB0_SX151,-0.6867892985441246
MPMB0_SX241,-0.8470486727627841
MPMB0_SX331,-0.8517821255852195
MPMB0_SX421,-0.9340488330737965
MPMB0_SX61,-0.7639292081197103
MPPC0_SI1412,-0.6662102937698364
MPPC0_SI2042,-0.6484191634438254
MPPC0_SI782,-0.6682952534068715
MPPC0_SX152,-0.5983474254608154
MPPC0_SX242,-0.6947212219238281
MPPC0_SX332,-0.515070052373977
MPPC0_SX422,-0.6345809459686279
MPPC0_SX62,-0.6031778025072675
MPRB0_SI1205,-0.6629738346222909
MPRB0_SI1215,-0.846818672036225
MPRB0_SI575,-0.9953177018599076
MPRB0_SX125,-0.7278794508713943
MPRB0_SX215,-0.8015347480773926
MPRB0_SX305,-0.5209156036376953
MPRB0_SX35,-0.5335172017415365
MPRB0_SX395,-0.6218408258949838
MPRD0_SI1431,-0.5932169357935587
MPRD0_SI2061,-0.8447108268737793
MPRD0_SI801,-0.8398889505638266
MPRD0_SX171,-0.7897451895254629
MPRD0_SX261,-0.852851947148641
MPRD0_SX351,-0.852667438740633
MPRD0_SX441,-0.4930633745695415
MPRD0_SX81,-0.6889531816755022
MPRK0_SI1097,-0.7986817440744174
MPRK0_SI1727,-1.2350074768066406
MPRK0_SI467,-0.8519349209097928
MPRK0_SX107,-0.8072241677178277
MPRK0_SX17,-1.0698304857526506
MPRK0_SX197,-0.789604107538859
MPRK0_SX287,-0.7600439071655274
MPRK0_SX377,-0.6192022505260649
MPRT0_SI1210,-0.8120207156775132
MPRT0_SI495,-0.914180664789109
MPRT0_SI580,-0.7377411723136902
MPRT0_SX130,-0.5614919970112462
MPRT0_SX220,-0.5792955844960315
MPRT0_SX310,-0.7434324376723346
MPRT0_SX40,-0.47069261338975693
MPRT0_SX400,-0.6878614136666963
MPSW0_SI1067,-0.753373426549575
MPSW0_SI1697,-0.8431035483755717
MPSW0_SI2327,-0.7382370521282328
MPSW0_SX167,-0.6371188371077828
MPSW0_SX24,-0.8543489547002883
MPSW0_SX257,-0.7933544679121538
MPSW0_SX437,-0.6753947978117028
MPSW0_SX77,-0.7169951862759061
MRAB0_SI1224,-1.0403387281629775
MRAB0_SI1854,-0.9574055391199449
MRAB0_SI594,-0.6467438573422639
MRAB0_SX144,-0.9290582021077474
MRAB0_SX234,-0.7524523735046387
MRAB0_SX324,-0.5042486644926525
MRAB0_SX414,-0.667417758848609
MRAB0_SX54,-0.5194764879014757
MRAB1_SI1478,-0.6453430469219501
MRAB1_SI2108,-0.5729076067606608
MRAB1_SI848,-0.733889434297206
MRAB1_SX128,-0.8617557949490018
MRAB1_SX218,-0.6931465693882534
MRAB1_SX308,-0.9190681681913488
MRAB1_SX38,-0.6523278100149972
MRAB1_SX398,-0.824261510094931
MRAI0_SI1954,-0.6172029270845301
MRAI0_SI2052,-0.7298783419425028
MRAI0_SI792,-0.8454161590000369
MRAI0_SX162,-1.088882565498352
MRAI0_SX252,-0.699924526792584
MRAI0_SX342,-0.7294459091989618
MRAI0_SX432,-0.6912136840820312
MRAI0_SX72,-0.8254597737238958
MRAM0_SI1275,-0.888798086983817
MRAM0_SI1905,-0.5019494258996212
MRAM0_SI1951,-0.73747132619222
MRAM0_SX105,-0.5561311783329133
MRAM0_SX15,-0.7794307708740235
MRAM0_SX195,-0.7347298463185629
MRAM0_SX285,-0.620572426739861
MRAM0_SX375,-0.6999622247157953
MRAV0_SI1008,-0.8654793739318848
MRAV0_SI1638,-0.8837566375732422
MRAV0_SI2268,-0.6823634766695792
MRAV0_SX108,-0.6597129203177787
MRAV0_SX18,-1.0716002679640246
MRAV0_SX198,-0.93966551749937
MRAV0_SX288,-0.7552158444426781
MRAV0_SX378,-0.8947445796086237
MRBC0_SI1665,-0.77064697265625
MRBC0_SI1859,-0.9125319798787435
MRBC0_SI599,-0.47149863609900844
MRBC0_SX149,-0.7651851488196332
MRBC0_SX239,-0.6206363987278294
MRBC0_SX329,-0.6651597116507736
MRBC0_SX419,-0.7210783707468134
MRBC0_SX59,-0.7433896636962891
MRCG0_SI1428,-0.7932413777997417
MRCG0_SI2058,-1.1283063386615955
MRCG0_SI798,-0.6772597386286809
MRCG0_SX168,-0.8440529858624494
MRCG0_SX258,-0.8982980057999894
MRCG0_SX348,-0.6246531168619792
MRCG0_SX438,-0.7502502130002392
MRCG0_SX78,-0.9510745386923513
MRCW0_SI1371,-0.6647918701171875
MRCW0_SI2001,-0.6050753244539586
MRCW0_SI741,-0.74777346751729
MRCW0_SX111,-0.4605426130623653
MRCW0_SX201,-0.7442702157156807
MRCW0_SX21,-0.6432229518890381
MRCW0_SX291,-0.712094783782959
MRCW0_SX381,-0.5220398409613247
MRDD0_SI1050,-0.6312607851895419
MRDD0_SI1680,-0.8669512006971571
MRDD0_SI2310,-0.8834876307734737
MRDD0_SX150,-0.6503690288912866
MRDD0_SX240,-0.7255724906921387
MRDD0_SX277,-0.7433140618460519
MRDD0_SX330,-0.9389183998107911
MRDD0_SX60,-0.7522102931760392
MRDM0_SI1044,-0.7969121336936951
MRDM0_SI1595,-0.8474297841389974
MRDM0_SI965,-0.7412770011208274
MRDM0_SX155,-0.7342533631758257
MRDM0_SX245,-0.8233558791024345
MRDM0_SX335,-1.0174572337757457
MRDM0_SX425,-0.6059578083179615
MRDM0_SX65,-0.6019819936444682
MRDS0_SI1167,-0.8449478149414062
MRDS0_SI1797,-0.5957687864912317
MRDS0_SI537,-0.7502475027310647
MRDS0_SX177,-0.40695167541503907
MRDS0_SX267,-0.7390375395078916
MRDS0_SX357,-0.7930420825355932
MRDS0_SX447,-0.551647526877267
MRDS0_SX87,-0.618644194169478
MREE0_SI1104,-0.9071839129338499
MREE0_SI1734,-0.7952785491943359
MREE0_SI1959,-0.804242473537639
MREE0_SX114,-0.7532570813153241
MREE0_SX204,-0.9586035410563151
MREE0_SX24,-0.9039410300876783
MREE0_SX294,-0.7911443381473936
MREE0_SX384,-0.610560417175293
MREH1_SI1599,-0.7140704668485202
MREH1_SI2229,-1.4297259012858072
MREH1_SI969,-0.7175211830744668
MREH1_SX159,-0.7473114415218955
MREH1_SX249,-0.6833022308349609
MREH1_SX339,-0.7353843565910093
MREH1_SX429,-0.4891755240304129
MREH1_SX69,-0.7518822881910536
MREM0_SI1591,-0.8735187530517579
MREM0_SI511,-0.7965276203458271
MREM0_SI961,-1.1247458738439224
MREM0_SX151,-0.8230773078070747
MREM0_SX241,-0.8508156863125887
MREM0_SX331,-0.9816985410802505
MREM0_SX421,-0.7558443281385634
MREM0_SX61,-0.9677432210821855
MREW1_SI1500,-0.6387622091505263
MREW1_SI2130,-0.6021046956380208
MREW1_SI870,-0.6434213804162067
MREW1_SX150,-0.5151493318619267
MREW1_SX240,-0.5611563205718995
MREW1_SX330,-0.7501210908632021
MREW1_SX420,-0.696911272795304
MREW1_SX60,-0.6167006773107192
MRFK0_SI1076,-0.7589273452758789
MRFK0_SI1706,-0.6369576661483102
MRFK0_SI2336,-1.1198352972666423
MRFK0_SX176,-0.7854188772348257
MRFK0_SX266,-0.8153612860317888
MRFK0_SX356,-0.8476930194430881
MRFK0_SX446,-0.5846695123716842
MRFK0_SX86,-0.538835346698761
MRFL0_SI1156,-0.5883125171326754
MRFL0_SI1786,-0.6856003284454346
MRFL0_SI526,-0.6917959028674711
MRFL0_SX166,-0.7123493467058454
MRFL0_SX256,-0.739817202091217
MRFL0_SX346,-0.7880392489225968
MRFL0_SX436,-0.7923774719238281
MRFL0_SX76,-0.6991362571716309
MRGM0_SI1162,-0.7010157169439853
MRGM0_SI1792,-0.9189761312384355
MRGM0_SI532,-0.9033882958548409
MRGM0_SX172,-1.2017385901474371
MRGM0_SX262,-0.8473084767659506
MRGM0_SX416,-0.8667085354144757
MRGM0_SX442,-0.8040002187093099
MRGM0_SX82,-0.622507656321806
MRGS0_SI1356,-0.7220256410796067
MRGS0_SI1986,-0.8947941462198893
MRGS0_SI726,-0.7293258535450903
MRGS0_SX186,-0.7640599851255063
MRGS0_SX276,-0.9021401838822798
MRGS0_SX366,-0.6892789204915365
MRGS0_SX6,-1.1627945709228515
MRGS0_SX96,-0.6542882389492459
MRHL0_SI1515,-0.8627608163016183
MRHL0_SI2145,-0.5785184399834995
MRHL0_SI885,-0.6090306537907298
MRHL0_SX165,-0.5656535570011583
MRHL0_SX255,-0.6388724831973805
MRHL0_SX345,-0.710986682346889
MRHL0_SX435,-0.669136280916175
MRHL0_SX75,-0.4782032330830892
MRJB1_SI1020,-0.6896010733939506
MRJB1_SI1413,-0.7972532419057993
MRJB1_SI2021,-0.7549398916739004
MRJB1_SX120,-0.8616025875776242
MRJB1_SX210,-0.6137026596069336
MRJB1_SX30,-0.5311236381530762
MRJB1_SX300,-0.5352877255143791
MRJB1_SX390,-0.8368824108226879
MRJH0_SI1519,-0.7830518834731158
MRJH0_SI889,-0.9856418393692881
MRJH0_SI914,-0.8087309837341309
MRJH0_SX169,-0.7368294471918151
MRJH0_SX259,-0.8249021530151367
MRJH0_SX307,-0.7356257915496827
MRJH0_SX439,-0.8398459414218334
MRJH0_SX79,-0.6821400246969084
MRJM0_SI1095,-0.5786581420898438
MRJM0_SI1228,-0.6582571665445963
MRJM0_SI1858,-0.8600752457328464
MRJM0_SX148,-0.8475254161937816
MRJM0_SX238,-0.5336950201737253
MRJM0_SX328,-0.6819987195603391
MRJM0_SX418,-0.7049082279205322
MRJM0_SX58,-0.47585861899636006
MRJM1_SI1298,-0.628691888624622
MRJM1_SI1928,-0.7172596189710829
MRJM1_SI668,-0.7790244131377249
MRJM1_SX128,-0.6218797895643446
MRJM1_SX218,-0.76522216796875
MRJM1_SX308,-0.7724506590101454
MRJM1_SX38,-0.5876179649716332
MRJM1_SX398,-0.7674816930016806
MRJT0_SI1498,-0.7698894891983423
MRJT0_SI1805,-0.8723667144775391
MRJT0_SI868,-0.7401972739927231
MRJT0_SX148,-0.8132231944316143
MRJT0_SX238,-0.7340844290597098
MRJT0_SX328,-0.7360160502981632
MRJT0_SX418,-0.8650688171386719
MRJT0_SX58,-0.6686055963689631
MRKM0_SI1267,-0.5684608994868764
MRKM0_SI1391,-0.6247940710035421
MRKM0_SI637,-0.6933756741610441
MRKM0_SX187,-1.0062576475597562
MRKM0_SX277,-0.6772781654640481
MRKM0_SX367,-0.5685980740715476
MRKM0_SX7,-0.8797502164487485
MRKM0_SX97,-0.7835321426391602
MRLD0_SI1594,-0.8741632349350873
MRLD0_SI2224,-1.0251017350416918
MRLD0_SI964,-0.8098485177023369
MRLD0_SX154,-0.5138604713208748
MRLD0_SX244,-0.748792602902367
MRLD0_SX334,-0.9373255104854189
MRLD0_SX424,-0.6552684042188857
MRLD0_SX64,-0.5113148408777574
MRLJ0_SI1420,-0.6357340941558013
MRLJ0_SI2050,-0.5217486933657998
MRLJ0_SI790,-0.6365097045898438
MRLJ0_SX160,-0.6870860145205543
MRLJ0_SX250,-0.6621034467542494
MRLJ0_SX340,-0.663888142026704
MRLJ0_SX430,-0.6345475238302479
MRLJ0_SX70,-0.5392750826748934
MRLJ1_SI1671,-0.6288048137318004
MRLJ1_SI2301,-0.6700237274169922
MRLJ1_SI2332,-0.6242287423875597
MRLJ1_SX141,-0.7243537124322386
MRLJ1_SX231,-1.1082350124012341
MRLJ1_SX321,-0.6854763031005859
MRLJ1_SX411,-0.7052498817443847
MRLJ1_SX51,-0.5663848504787539
MRLK0_SI1468,-0.7769208188916816
MRLK0_SI2140,-1.0417797906058175
MRLK0_SI843,-0.7537839072091239
MRLK0_SX123,-0.951097651890346
MRLK0_SX213,-0.7567285722301852
MRLK0_SX303,-1.0382018770490373
MRLK0_SX33,-0.8176769748810799
MRLK0_SX393,-1.0048518642302482
MRLR0_SI1196,-0.5235126379764441
MRLR0_SI1826,-0.6969694410051618
MRLR0_SI566,-0.9877805465306991
MRLR0_SX116,-0.6995260962124529
MRLR0_SX206,-0.8613566398620606
MRLR0_SX26,-0.7850666779738206
MRLR0_SX296,-0.77046080196605
MRLR0_SX386,-0.6559178488595145
MRMB0_SI1581,-0.588795636151288
MRMB0_SI2211,-0.8660019383285985
MRMB0_SI951,-0.7237659560309516
MRMB0_SX141,-0.6143206357955933
MRMB0_SX231,-0.7620884577433268
MRMB0_SX321,-0.6050887213812934
MRMB0_SX411,-0.6962921436016376
MRMB0_SX51,-0.6909512310493283
MRMG0_SI1080,-0.7065781425027287
MRMG0_SI1710,-0.7982744401501071
MRMG0_SI2340,-0.6424027300895528
MRMG0_SX180,-0.6369803746541342
MRMG0_SX270,-0.6349387764930725
MRMG0_SX360,-0.636222243309021
MRMG0_SX450,-0.8090599377950033
MRMG0_SX90,-0.6876649475097656
MRMH0_SI1021,-0.615376509152926
MRMH0_SI1349,-0.721279341599037
MRMH0_SI2281,-0.5507027217320033
MRMH0_SX121,-0.6329573117769681
MRMH0_SX211,-0.8021665630918561
MRMH0_SX301,-0.6948943782497097
MRMH0_SX31,-0.5777545858312536
MRMH0_SX391,-0.8115244413677015
MRML0_SI1421,-1.0833468627929688
MRML0_SI2051,-1.37921423070571
MRML0_SI791,-1.2114242784904712
MRML0_SX161,-1.0031446310190053
MRML0_SX251,-0.844916820526123
MRML0_SX341,-0.9557872045607794
MRML0_SX431,-1.1013401576450892
MRML0_SX71,-1.1785137571137527
MRMS0_SI1113,-0.7979595578950027
MRMS0_SI2057,-0.6618570963541667
MRMS0_SI2100,-1.010237148829869
MRMS0_SX120,-0.8490330832345145
MRMS0_SX210,-0.6939535522460938
MRMS0_SX30,-0.5101678848266602
MRMS0_SX300,-0.6273858105694806
MRMS0_SX390,-0.5306537527787057
MRPC1_SI1482,-0.6155969528924852
MRPC1_SI2026,-0.44551701979203656
MRPC1_SI2112,-0.8029090656953699
MRPC1_SX132,-1.0020272226044626
MRPC1_SX222,-0.649659538269043
MRPC1_SX312,-0.619640138414171
MRPC1_SX402,-0.6352269649505615
MRPC1_SX42,-0.5949499130249023
MRRE0_SI1334,-0.635260638068704
MRRE0_SI704,-0.8324942308313706
MRRE0_SI952,-0.6415252080039372
MRRE0_SX164,-0.6467939164903429
MRRE0_SX254,-0.7026678997537364
MRRE0_SX344,-0.9583834075927734
MRRE0_SX434,-0.8380964142935616
MRRE0_SX74,-0.49646720886230467
MRSO0_SI1206,-0.8263220865218366
MRSO0_SI1659,-0.8721416261461046
MRSO0_SI2289,-0.9177031363210371
MRSO0_SX129,-1.0997476906612003
MRSO0_SX219,-0.8017980402166193
MRSO0_SX309,-0.8737878566834985
MRSO0_SX39,-0.6132565009884718
MRSO0_SX399,-1.1816907082834551
MRSP0_SI1429,-0.8116880232287992
MRSP0_SI2059,-0.715190839767456
MRSP0_SI799,-0.8308442831039429
MRSP0_SX169,-0.7885057358514695
MRSP0_SX196,-0.9587898254394531
MRSP0_SX259,-0.8784344321803043
MRSP0_SX439,-0.5925030086351477
MRSP0_SX79,-0.5979592800140381
MRTC0_SI1458,-0.6415560795710638
MRTC0_SI2088,-0.8887050265357608
MRTC0_SI828,-0.6241205060804212
MRTC0_SX108,-0.520408190213717
MRTC0_SX18,-1.0558637803600681
MRTC0_SX198,-0.9412220637003581
MRTC0_SX288,-0.9335131977879724
MRTC0_SX378,-0.8604301061385717
MRTJ0_SI1551,-0.8097268967401414
MRTJ0_SI2032,-0.5709691643714905
MRTJ0_SI772,-0.627383041381836
MRTJ0_SX142,-0.7049968025901101
MRTJ0_SX232,-0.7948689778645833
MRTJ0_SX322,-0.9011652975371389
MRTJ0_SX412,-0.8063321547074751
MRTJ0_SX52,-0.6424954596986162
MRVG0_SI1140,-0.8283492922782898
MRVG0_SI1770,-0.5898065874653478
MRVG0_SI510,-0.645321293881065
MRVG0_SX150,-0.6142234802246094
MRVG0_SX240,-0.5264087367702175
MRVG0_SX330,-0.7720469368828667
MRVG0_SX420,-0.6693467485143784
MRVG0_SX60,-0.7135377502441407
MRWA0_SI1603,-0.5485473087855748
MRWA0_SI2233,-0.8927206882210665
MRWA0_SI973,-1.0461601930506088
MRWA0_SX163,-0.8780659123470909
MRWA0_SX253,-1.0359477233886718
MRWA0_SX343,-0.631488844405773
MRWA0_SX433,-0.7185071763538179
MRWA0_SX73,-0.4694926287676837
MRWS0_SI1102,-0.7220432947552393
MRWS0_SI1732,-0.891106432134455
MRWS0_SI472,-0.7985783490267667
MRWS0_SX112,-0.7516677519854378
MRWS0_SX202,-0.5874929842741593
MRWS0_SX22,-0.8438675290062314
MRWS0_SX292,-0.6117789347966512
MRWS0_SX382,-0.640589714050293
MRXB0_SI1585,-0.5723685158623589
MRXB0_SI2215,-0.6538158479284067
MRXB0_SI955,-0.8384241277521307
MRXB0_SX145,-0.7944396092341497
MRXB0_SX235,-0.6189660039441339
MRXB0_SX325,-0.9960714067731585
MRXB0_SX415,-1.0154770745171442
MRXB0_SX55,-0.6231882849404978
MSAH1_SI1049,-0.7219514846801758
MSAH1_SI1679,-0.5630465984344483
MSAH1_SI2309,-0.8110247254371643
MSAH1_SX149,-0.5943055152893066
MSAH1_SX239,-0.6940422587924533
MSAH1_SX329,-0.6578638995135272
MSAH1_SX419,-0.8027598922317093
MSAH1_SX59,-0.688154935836792
MSAS0_SI1376,-0.774116345305941
MSAS0_SI2006,-0.8465752457127427
MSAS0_SI746,-1.001303005218506
MSAS0_SX116,-0.97095276759221
MSAS0_SX206,-0.8510305823349371
MSAS0_SX26,-1.097394503079928
MSAS0_SX296,-0.8585907329212535
MSAS0_SX386,-0.8147059473498114
MSAT0_SI1526,-1.0803512047077048
MSAT0_SI2156,-0.8267716831631131
MSAT0_SI896,-0.7237228393554688
MSAT0_SX176,-0.6864264351981026
MSAT0_SX266,-0.7691394542825634
MSAT0_SX356,-0.6167743137904576
MSAT0_SX446,-0.5609485812303496
MSAT0_SX86,-0.6530095992549774
MSAT1_SI1073,-0.8873232673196232
MSAT1_SI1703,-0.6316197713216146
MSAT1_SI2333,-0.7311408659991097
MSAT1_SX173,-0.6238085556030274
MSAT1_SX263,-0.5522114549364362
MSAT1_SX353,-0.6659611384073894
MSAT1_SX443,-0.7881238119942802
MSAT1_SX83,-0.6456500159369575
MSDB0_SI1007,-0.6380226529877762
MSDB0_SI1637,-0.6100206682758946
MSDB0_SI2267,-0.719279838330818
MSDB0_SX107,-0.5720434718661838
MSDB0_SX17,-0.9466594696044922
MSDB0_SX197,-0.5792212677001953
MSDB0_SX287,-0.5463413911707261
MSDB0_SX377,-0.5870247865334536
MSDH0_SI2113,-0.6789681752522786
MSDH0_SI2240,-0.6307517101890162
MSDH0_SI980,-0.6976605928861178
MSDH0_SX170,-0.6275870249821589
MSDH0_SX260,-0.4984984979396913
MSDH0_SX350,-0.7129536842813298
MSDH0_SX440,-0.618021128128986
MSDH0_SX80,-0.49660372734069824
MSDS0_SI1077,-0.7505911509195964
MSDS0_SI1707,-0.8506407207912869
MSDS0_SI2337,-0.85040739810828
MSDS0_SX177,-0.7265947782076322
MSDS0_SX267,-1.0329173161433294
MSDS0_SX357,-0.790061857642197
MSDS0_SX447,-0.7407293701171875
MSDS0_SX87,-0.741362122928395
MSEM1_SI1440,-0.7529736655099052
MSEM1_SI2070,-0.9493233465379284
MSEM1_SI810,-0.8917997479438782
MSEM1_SX180,-0.815146976047092
MSEM1_SX270,-0.7386956983996976
MSEM1_SX360,-0.8023908676639679
MSEM1_SX450,-0.8086964151133662
MSEM1_SX90,-0.90039979494535
MSES0_SI1589,-0.7623164313180106
MSES0_SI2216,-0.9107770919799805
MSES0_SI2219,-1.0028465906778972
MSES0_SX149,-0.7107772403293185
MSES0_SX239,-0.640667234148298
MSES0_SX329,-0.640158799978403
MSES0_SX419,-0.7828611425451331
MSES0_SX59,-0.7719690799713135
MSFH0_SI1216,-0.9619839477539063
MSFH0_SI1738,-1.0442576775184045
MSFH0_SI586,-0.8864278197288513
MSFH0_SX136,-0.7729588676901424
MSFH0_SX226,-0.7234528405325753
MSFH0_SX316,-0.7462895938328334
MSFH0_SX406,-0.8936376368745844
MSFH0_SX46,-0.9438096938594696
MSFV0_SI1262,-0.9379990895589193
MSFV0_SI1892,-1.029773800872093
MSFV0_SI632,-0.5910113550001576
MSFV0_SX182,-1.0944861536440642
MSFV0_SX272,-0.7368207860876013
MSFV0_SX362,-1.0312018283577853
MSFV0_SX452,-0.9560238382090693
MSFV0_SX92,-0.8267556871686663
MSJK0_SI1596,-0.7531609853108724
MSJK0_SI2226,-0.867221318758451
MSJK0_SI966,-0.6839429793819305
MSJK0_SX156,-0.8194323453036222
MSJK0_SX246,-0.5663758554766255
MSJK0_SX336,-0.8129111550071023
MSJK0_SX426,-0.9340057373046875
MSJK0_SX66,-0.6165308952331543
MSMC0_SI1907,-0.9241536855697632
MSMC0_SI509,-0.7021680738105148
MSMC0_SI647,-0.5913464228312174
MSMC0_SX107,-0.6591831843058268
MSMC0_SX17,-0.9592615127563476
MSMC0_SX197,-0.6887202262878418
MSMC0_SX287,-0.6451384393792403
MSMC0_SX377,-0.6116348359642959
MSMR0_SI1150,-0.5671624077690972
MSMR0_SI1405,-0.6192695498466492
MSMR0_SI775,-0.7173222050522313
MSMR0_SX145,-0.5834861446071316
MSMR0_SX235,-0.7483293599095838
MSMR0_SX325,-0.7327384948730469
MSMR0_SX415,-0.7277342478434244
MSMR0_SX55,-0.5505477160942264
MSMS0_SI1433,-0.7459443899301382
MSMS0_SI2063,-0.5276188850402832
MSMS0_SI803,-0.6172606998019748
MSMS0_SX173,-0.852498155959109
MSMS0_SX263,-0.8015497752598354
MSMS0_SX353,-0.7414446184712071
MSMS0_SX443,-1.2602365428003772
MSMS0_SX83,-0.7606617898652048
MSRG0_SI1221,-0.526684859703327
MSRG0_SI1851,-0.672948746454148
MSRG0_SI591,-0.7726112093244281
MSRG0_SX141,-0.5027547563825335
MSRG0_SX231,-0.7688739950006659
MSRG0_SX321,-0.8023205971231266
MSRG0_SX411,-0.6940598964691163
MSRG0_SX51,-0.4607202018179545
MSRR0_SI1131,-0.5981943467084099
MSRR0_SI1761,-0.8600187481574293
MSRR0_SI501,-0.6663950310378778
MSRR0_SX141,-0.656920166015625
MSRR0_SX231,-1.5424780412153765
MSRR0_SX30,-0.4193815612792969
MSRR0_SX411,-0.846908471523187
MSRR0_SX51,-0.5807073333046653
MSTF0_SI1396,-0.7788785117013114
MSTF0_SI766,-0.41977558135986326
MSTF0_SI852,-0.6996402740478516
MSTF0_SX136,-0.7526831260094275
MSTF0_SX226,-0.5434846878051758
MSTF0_SX316,-0.5739315296041554
MSTF0_SX406,-0.5762452284495035
MSTF0_SX46,-0.6381590366363525
MSVS0_SI1568,-0.5637913407950566
MSVS0_SI2198,-0.6191157960055167
MSVS0_SI938,-0.8269616466457561
MSVS0_SX128,-0.9075818061828613
MSVS0_SX218,-0.5721979141235352
MSVS0_SX308,-0.6203026491052964
MSVS0_SX38,-0.6750335239228749
MSVS0_SX398,-0.8469607883029514
MTAB0_SI1572,-0.9674321376916134
MTAB0_SI2202,-1.4624823331832886
MTAB0_SI942,-0.8404129772651486
MTAB0_SX132,-1.2533241907755535
MTAB0_SX222,-0.7815481185913086
MTAB0_SX312,-0.8152994616278286
MTAB0_SX402,-0.6758317386402803
MTAB0_SX42,-0.6684772122290826
MTAS0_SI1385,-0.7622554642813546
MTAS0_SI2015,-0.7195885731623723
MTAS0_SI755,-0.7715108201310441
MTAS0_SX125,-0.5969890866960798
MTAS0_SX215,-0.7893843931310317
MTAS0_SX305,-0.6182575225830078
MTAS0_SX35,-0.5377549467415645
MTAS0_SX395,-0.8707255227225167
MTAT0_SI1110,-0.6807990777687948
MTAT0_SI1740,-0.8927411788549179
MTAT0_SI811,-0.8273744415818599
MTAT0_SX120,-0.9563637839423286
MTAT0_SX210,-0.7137379455566406
MTAT0_SX30,-0.5053262329101562
MTAT0_SX300,-0.6905076768663194
MTAT0_SX390,-0.6956172118315825
MTAT1_SI1409,-0.8414960919004498
MTAT1_SI1627,-0.6476992054989463
MTAT1_SI779,-0.6188913741201725
MTAT1_SX149,-0.6503139495849609
MTAT1_SX239,-0.5524303333179371
MTAT1_SX329,-0.6403442665382668
MTAT1_SX419,-0.9414155289933488
MTAT1_SX59,-0.5101159981318882
MTBC0_SI1173,-0.8800893783569336
MTBC0_SI1803,-0.6441496119779699
MTBC0_SI543,-0.6958269391741071
MTBC0_SX183,-0.8755553460890247
MTBC0_SX273,-0.7852783818398753
MTBC0_SX347,-0.8506187438964844
MTBC0_SX363,-0.7898226006086483
MTBC0_SX93,-0.8932769775390625
MTCS0_SI1972,-0.5862577302115304
MTCS0_SI2265,-1.0606271303617036
MTCS0_SI712,-0.8130209692593279
MTCS0_SX172,-0.6264587879180908
MTCS0_SX262,-0.7143790337347216
MTCS0_SX352,-0.6420777540940504
MTCS0_SX442,-0.6708694955577021
MTCS0_SX82,-0.6125473134657916
MTDB0_SI1401,-0.565938793244909
MTDB0_SI2031,-0.9476108551025391
MTDB0_SI771,-0.6261315892954342
MTDB0_SX141,-0.6651646361059073
MTDB0_SX231,-1.3019822727550159
MTDB0_SX321,-0.7850739288330079
MTDB0_SX411,-0.7237365429217999
MTDB0_SX51,-0.5568903514317104
MTDP0_SI1274,-0.83367919921875
MTDP0_SI1521,-1.1026850099916812
MTDP0_SI2151,-0.7483182855554529
MTDP0_SX171,-0.8136460113525391
MTDP0_SX261,-1.1479063767653246
MTDP0_SX351,-1.073393653420841
MTDP0_SX441,-0.8133667095287426
MTDP0_SX81,-0.6001459394182478
MTER0_SI1157,-0.6184571981430054
MTER0_SI1787,-0.6347176869710286
MTER0_SI527,-0.8768570423126221
MTER0_SX167,-0.899895648567044
MTER0_SX17,-1.0675756454467773
MTER0_SX257,-1.0199087524414063
MTER0_SX437,-0.8168206722178357
MTER0_SX77,-0.6264090415758964
MTJG0_SI1520,-0.701211656842913
MTJG0_SI2157,-0.7693580218723842
MTJG0_SI890,-0.8402797154017857
MTJG0_SX170,-0.9601039886474609
MTJG0_SX260,-0.7222864968436105
MTJG0_SX350,-0.842749615104831
MTJG0_SX440,-0.9153470993041992
MTJG0_SX80,-0.757671882366312
MTJM0_SI1226,-0.6976693725585937
MTJM0_SI1856,-0.857977294921875
MTJM0_SI655,-0.8595921144647113
MTJM0_SX146,-0.8734246983247644
MTJM0_SX236,-0.7621416276501071
MTJM0_SX326,-0.6639170153387661
MTJM0_SX416,-0.747239006890191
MTJM0_SX56,-0.8296978950500489
MTJS0_SI1192,-0.4174038410186768
MTJS0_SI1822,-0.8971520808705112
MTJS0_SI562,-0.7699940790895556
MTJS0_SX112,-0.7960172925676618
MTJS0_SX202,-0.7255861033564028
MTJS0_SX22,-0.6197673797607421
MTJS0_SX292,-0.44294516894282127
MTJS0_SX382,-0.773705920657596
MTJU0_SI2020,-0.8002074559529623
MTJU0_SI2269,-1.1520553588867188
MTJU0_SI760,-0.5450081825256348
MTJU0_SX130,-0.5403403079870975
MTJU0_SX220,-0.7102542204015395
MTJU0_SX310,-0.7131908004348343
MTJU0_SX40,-0.44008486321631896
MTJU0_SX400,-0.680905513274364
MTKD0_SI1187,-0.8171595335006714
MTKD0_SI1817,-0.7856247943380604
MTKD0_SI630,-0.6593170166015625
MTKD0_SX107,-0.5267078296558277
MTKD0_SX17,-1.4150778770446777
MTKD0_SX197,-0.8589586416880289
MTKD0_SX287,-0.8053048451741537
MTKD0_SX377,-0.8037263870239257
MTKP0_SI1023,-0.8744792938232422
MTKP0_SI2283,-0.8490778142755682
MTKP0_SI454,-0.6987968703447762
MTKP0_SX123,-0.705561351776123
MTKP0_SX213,-0.6164691027473
MTKP0_SX303,-1.1037184616615032
MTKP0_SX33,-0.6715007424354553
MTKP0_SX393,-0.7193658274988974
MTLB0_SI1134,-0.5068824878637341
MTLB0_SI1764,-0.5778786659240722
MTLB0_SI504,-0.8022749764578683
MTLB0_SX144,-0.7054735819498698
MTLB0_SX234,-0.7161579132080078
MTLB0_SX324,-0.46495396540715145
MTLB0_SX414,-0.46272803515922734
MTLB0_SX54,-0.562733442887016
MTLC0_SI1313,-0.6173085139347957
MTLC0_SI1477,-0.7506421602689303
MTLC0_SI847,-0.9244474931196733
MTLC0_SX127,-0.5139313141504923
MTLC0_SX217,-0.6233398730938251
MTLC0_SX307,-0.5779121138832786
MTLC0_SX37,-0.48569972340653583
MTLC0_SX397,-0.6033681233723959
MTML0_SI1065,-0.7893525903875177
MTML0_SI1695,-0.8867579323904855
MTML0_SI2325,-0.7232974125788763
MTML0_SX165,-0.831373759678432
MTML0_SX255,-0.8994489727598248
MTML0_SX345,-0.7431646347045898
MTML0_SX435,-0.7588478088378906
MTML0_SX75,-0.6997518847065587
MTMN0_SI1064,-0.7787829807826451
MTMN0_SI2324,-0.6477907044546944
MTMN0_SI582,-0.8452068826426631
MTMN0_SX164,-0.9539632343110585
MTMN0_SX254,-0.8438035716181216
MTMN0_SX344,-1.0884342193603516
MTMN0_SX434,-0.8310563975367052
MTMN0_SX74,-0.7571724162382238
MTMT0_SI1118,-0.6872961928204793
MTMT0_SI1748,-0.7641751906451058
MTMT0_SI488,-0.7812051039475661
MTMT0_SX128,-0.7533428050853588
MTMT0_SX218,-0.6869733447120303
MTMT0_SX308,-0.8257016268643466
MTMT0_SX38,-0.5769530209628019
MTMT0_SX398,-0.7734120975841176
MTPF0_SI1235,-0.6064177168176529
MTPF0_SI1865,-0.7095455256375399
MTPF0_SI605,-0.5986634593898967
MTPF0_SX155,-0.5531414985656739
MTPF0_SX245,-0.7373036657060895
MTPF0_SX335,-0.6545741898672921
MTPF0_SX425,-0.697901169459025
MTPF0_SX65,-0.5464023590087891
MTPG0_SI1383,-0.785195646614864
MTPG0_SI2013,-0.4037299156188965
MTPG0_SI753,-0.8088024591995497
MTPG0_SX123,-0.810641098022461
MTPG0_SX213,-0.7773734410603841
MTPG0_SX303,-0.8210953679578058
MTPG0_SX33,-0.731398182530557
MTPG0_SX393,-0.8005591883803859
MTPP0_SI1508,-0.6546778678894043
MTPP0_SI2138,-0.7297396226362749
MTPP0_SI878,-0.5101303877653899
MTPP0_SX158,-0.7721093495686849
MTPP0_SX248,-0.7798705101013184
MTPP0_SX338,-0.5719599337191195
MTPP0_SX428,-0.5590618848800659
MTPP0_SX68,-0.6890638575834387
MTPR0_SI1600,-0.8351597033048931
MTPR0_SI2230,-0.6384146213531494
MTPR0_SI506,-0.5836919602893648
MTPR0_SX160,-0.7394128882366678
MTPR0_SX250,-0.8067848988068409
MTPR0_SX340,-0.956237256526947
MTPR0_SX430,-0.7615624970080805
MTPR0_SX70,-0.5650269190470377
MTQC0_SI1441,-1.1345552884615384
MTQC0_SI2071,-1.192813509986514
MTQC0_SI480,-0.9515685205874236
MTQC0_SX181,-1.010294812790891
MTQC0_SX271,-0.7964747548103333
MTQC0_SX361,-0.8032402992248535
MTQC0_SX451,-1.1129017998190487
MTQC0_SX91,-0.6757175738994892
MTRC0_SI1623,-0.5485076388797244
MTRC0_SI589,-0.5772659778594971
MTRC0_SI993,-0.8184601238795689
MTRC0_SX170,-0.5920336587088448
MTRC0_SX183,-0.673578065017174
MTRC0_SX273,-0.642481803894043
MTRC0_SX363,-0.6897778034210205
MTRC0_SX93,-0.6782478332519531
MTRR0_SI1548,-0.7801570892333984
MTRR0_SI2178,-0.5653978983561198
MTRR0_SI918,-0.7420431657270952
MTRR0_SX108,-0.5186725616455078
MTRR0_SX18,-0.9693776492414803
MTRR0_SX198,-0.787541389465332
MTRR0_SX288,-0.7726475915243459
MTRR0_SX378,-0.9510422756797389
MTRT0_SI1227,-0.8936766920418575
MTRT0_SI1857,-0.9807077135358538
MTRT0_SI597,-0.8191026799819049
MTRT0_SX147,-0.8269927615211123
MTRT0_SX237,-1.1569587919447157
MTRT0_SX254,-0.8923195430210659
MTRT0_SX417,-0.7288095951080322
MTRT0_SX57,-0.5450827690862841
MTWH1_SI1512,-0.564175009727478
MTWH1_SI2142,-0.6717256546020508
MTWH1_SI882,-0.6075496077537537
MTWH1_SX162,-0.6415176391601562
MTWH1_SX252,-0.6682798113141741
MTWH1_SX342,-0.582239563400681
MTWH1_SX432,-0.7019363852108226
MTWH1_SX72,-0.45338994485360606
MTXS0_SI1060,-1.0405481778658354
MTXS0_SI1690,-0.6042766094207763
MTXS0_SI2320,-0.6992938600737473
MTXS0_SX160,-0.8850806878537548
MTXS0_SX250,-1.0641765594482422
MTXS0_SX340,-0.6964392826474947
MTXS0_SX430,-0.8031767175552693
MTXS0_SX70,-0.5708819798060826
MVJH0_SI1556,-0.8176463145130085
MVJH0_SI2186,-0.7580027231355992
MVJH0_SI926,-0.57447979901288
MVJH0_SX116,-0.6242650349934896
MVJH0_SX206,-0.7311034679412842
MVJH0_SX26,-0.865176274226262
MVJH0_SX296,-0.6036235173543294
MVJH0_SX386,-0.5988965188303301
MVLO0_SI1147,-0.7298251320334042
MVLO0_SI1777,-1.121673856462751
MVLO0_SI517,-0.7640402360395951
MVLO0_SX157,-0.7092855626886542
MVLO0_SX247,-0.6917146723321144
MVLO0_SX337,-0.8503787392064145
MVLO0_SX427,-0.7314310455322266
MVLO0_SX67,-0.5868045452029206
MVRW0_SI1485,-0.6875003232794293
MVRW0_SI2115,-0.526317646628932
MVRW0_SI855,-0.5948968320279509
MVRW0_SX135,-0.8756198883056641
MVRW0_SX225,-0.5892677673926721
MVRW0_SX315,-0.7337291980611866
MVRW0_SX405,-0.7945985794067383
MVRW0_SX45,-0.6364289486046993
MWAC0_SI1601,-0.8513053894042969
MWAC0_SI2231,-0.9022104363692435
MWAC0_SI971,-0.7562628778918036
MWAC0_SX161,-0.8009103268993144
MWAC0_SX251,-0.7606301937463149
MWAC0_SX341,-0.7061150573020758
MWAC0_SX431,-0.7043120792933872
MWAC0_SX71,-0.6478999968497984
MWAD0_SI1062,-0.5035125960164996
MWAD0_SI1749,-0.6539519627888998
MWAD0_SI2322,-0.6278630985933191
MWAD0_SX162,-0.8192171096801758
MWAD0_SX252,-0.5781457424163818
MWAD0_SX342,-0.62833129035102
MWAD0_SX432,-0.49625792593326207
MWAD0_SX72,-0.4995996735312722
MWAR0_SI1045,-0.7072930416818393
MWAR0_SI1675,-0.8137547342400802
MWAR0_SI2305,-0.8627257876925998
MWAR0_SX145,-0.6505341278879266
MWAR0_SX235,-0.5792215281519396
MWAR0_SX325,-1.03748046875
MWAR0_SX415,-0.7365393108791776
MWAR0_SX55,-0.5651379046232804
MWCH0_SI1622,-0.8494043804350353
MWCH0_SI1895,-0.7417732647487095
MWCH0_SI2252,-0.8465347290039062
MWCH0_SX182,-0.9683985276655718
MWCH0_SX272,-0.7495598602294922
MWCH0_SX362,-0.8362855457124256
MWCH0_SX452,-0.8482203917069868
MWCH0_SX92,-0.6184783823349896
MWDK0_SI1436,-0.625353473727986
MWDK0_SI2017,-0.5192290306091308
MWDK0_SI806,-0.8227491939769072
MWDK0_SX176,-0.7110888163248698
MWDK0_SX266,-0.6326634806971396
MWDK0_SX356,-0.7584552764892578
MWDK0_SX446,-0.6927617235881526
MWDK0_SX86,-0.7465943654378255
MWEM0_SI1320,-0.7778468661838107
MWEM0_SI1393,-0.6238680481910706
MWEM0_SI1950,-0.5968235778808594
MWEM0_SX150,-0.7421700795491536
MWEM0_SX240,-0.5733419719495272
MWEM0_SX330,-0.7139854431152344
MWEM0_SX420,-0.6208432889452168
MWEM0_SX60,-0.5458359231754225
MWGR0_SI1606,-0.6354650548986487
MWGR0_SI2236,-0.8019510904947916
MWGR0_SI976,-0.7431325276692708
MWGR0_SX166,-0.7392818187845165
MWGR0_SX256,-0.7697448152484316
MWGR0_SX346,-0.765020868052607
MWGR0_SX436,-0.5820275497436523
MWGR0_SX76,-0.5299155084710372
MWRE0_SI1057,-0.8412610567533053
MWRE0_SI1687,-0.9132622718811035
MWRE0_SI2317,-0.5564383915492467
MWRE0_SX157,-0.9027352862887912
MWRE0_SX247,-0.6314258178075155
MWRE0_SX337,-0.6282064697959207
MWRE0_SX427,-0.8512030001039859
MWRE0_SX67,-0.6643838246663412
MWRP0_SI1443,-0.5524416565895081
MWRP0_SI1525,-0.8109928432263827
MWRP0_SI2073,-0.6646693420410156
MWRP0_SX183,-0.6577848434448242
MWRP0_SX273,-0.6550011788645098
MWRP0_SX3,-0.667875099182129
MWRP0_SX363,-0.5868242870677601
MWRP0_SX93,-0.5720351537068685
MWSB0_SI1626,-0.9776077928214237
MWSB0_SI2256,-0.6830054196444425
MWSB0_SI996,-0.9164591770546109
MWSB0_SX186,-0.6556951082669772
MWSB0_SX276,-0.731975257396698
MWSB0_SX366,-0.6258678076402197
MWSB0_SX6,-0.649094475640191
MWSB0_SX96,-0.6774602689241108
MWSH0_SI1426,-0.7954952300540985
MWSH0_SI2266,-0.6544011433919271
MWSH0_SI796,-0.9128859043121338
MWSH0_SX166,-0.6303803962573671
MWSH0_SX256,-0.8245098807594993
MWSH0_SX346,-0.6978926225142046
MWSH0_SX436,-0.7707645098368326
MWSH0_SX76,-0.7554116725921631
MZMB0_SI1166,-0.4801210206130455
MZMB0_SI1796,-1.1004894658138877
MZMB0_SI536,-0.8681851300326261
MZMB0_SX176,-0.6001061995824178
MZMB0_SX266,-0.6289248610987808
MZMB0_SX356,-0.6587132347954644
MZMB0_SX446,-0.43607587814331056
MZMB0_SX86,-0.5910791754722595
