MAKR0_SI722,-0.043891657801235426
MAKR0_SX182,-0.14120235443115234
MAKR0_SX272,-7.081922376528382e-08
MAKR0_SX362,-0.04711255573091053
MAKR0_SX452,-0.09432055354118347
MAKR0_SX92,-0.024769329663478966
MAPV0_SI1293,-0.09249276963491289
MAPV0_SI1923,-0.1017899140715599
MAPV0_SI663,-0.0884264966715937
MAPV0_SX123,-0.14894093785967147
MAPV0_SX213,-0.04306172240864147
MAPV0_SX303,-0.06911360806432264
MAPV0_SX33,-0.06426243946470063
MAPV0_SX393,-0.06876743541044347
MARC0_SI1188,-2.2186173333062067e-07
MARC0_SI1818,-0.038924888769785566
MARC0_SI558,-0.0680646361136923
MARC0_SX108,-1.0935730945978623e-06
MARC0_SX18,-0.07317936420440674
MARC0_SX198,-0.03471536189317703
MARC0_SX288,-0.09573781781080293
MARC0_SX378,-0.052675658464431764
MARW0_SI1276,-7.855188515451219e-07
MARW0_SI1906,-2.902966958505136e-07
MARW0_SI646,-0.09013384580612183
MARW0_SX106,-0.05440816879272461
MARW0_SX16,-0.08843524683089483
MARW0_SX286,-0.05769396305084228
MARW0_SX349,-0.06859819889068604
MARW0_SX376,-0.09804900696403102
MBAR0_SI1319,-0.03590781726534405
MBAR0_SI1949,-0.035171045976526594
MBAR0_SI689,-0.0909821589787801
MBAR0_SX149,-0.09966324786750638
MBAR0_SX239,-0.005755967953625847
MBAR0_SX329,-0.047282353887018166
MBAR0_SX419,-0.09341281813544196
MBAR0_SX59,-0.09704300990471473
MBBR0_SI1055,-0.04781874020894369
MBBR0_SI1685,-3.8519501686096194e-07
MBBR0_SI2315,-0.08634263735551101
MBBR0_SX155,-0.027777499930803164
MBBR0_SX245,-0.07859848163746021
MBBR0_SX335,-0.0326075553894043
MBBR0_SX425,-7.360224397136615e-07
MBBR0_SX65,-9.203796480505844e-07
MBCG0_SI2217,-0.04237670248205012
MBCG0_SI486,-3.6785217083018756e-07
MBCG0_SI957,-0.12154203874093515
MBCG0_SX147,-0.0736533432472043
MBCG0_SX237,-0.049416336417198184
MBCG0_SX327,-0.05798673268520471
MBCG0_SX417,-0.059179418965389856
MBCG0_SX57,-3.2562093110755086e-07
MBEF0_SI1281,-0.08451487801291725
MBEF0_SI1911,-0.07084419992234972
MBEF0_SI651,-0.12432035099376332
MBEF0_SX111,-0.07630864211491176
MBEF0_SX201,-0.05951841009987725
MBEF0_SX21,-0.09895851016044617
MBEF0_SX291,-0.10104126314963063
MBEF0_SX381,-7.644632895445002e-07
MBGT0_SI1341,-1.5574449207633734e-07
MBGT0_SI1841,-0.07007676142233389
MBGT0_SI711,-0.03721615163291373
MBGT0_SX171,-0.07768152344901606
MBGT0_SX261,-0.14299577713012696
MBGT0_SX351,-0.1317819230099942
MBGT0_SX441,-7.110647857189178e-07
MBGT0_SX81,-1.2378991146654109e-06
MBJV0_SI1247,-0.05164260575265595
MBJV0_SI1877,-0.1222459731563445
MBJV0_SI617,-0.06387691008738983
MBJV0_SX167,-0.11167978203814963
MBJV0_SX257,-0.08794464667638142
MBJV0_SX347,-0.057537917433113886
MBJV0_SX437,-0.10952254401312934
MBJV0_SX77,-0.07444108857048883
MBMA0_SI1222,-0.1343367146510704
MBMA0_SI1852,-0.15946917235851288
MBMA0_SI592,-0.12714255483526932
MBMA0_SX142,-0.0963676084171642
MBMA0_SX232,-0.045922447334636345
MBMA0_SX322,-0.1055054014379328
MBMA0_SX412,-0.059906987256782
MBMA0_SX52,-0.09460357102480801
MBMA1_SI2207,-0.05183510780334473
MBMA1_SI2214,-0.08360185342676499
MBMA1_SI954,-0.05244193971157074
MBMA1_SX144,-0.07483157515525818
MBMA1_SX234,-0.032343569923849666
MBMA1_SX324,-0.04368387858072917
MBMA1_SX414,-0.07075012020948457
MBMA1_SX54,-0.06334863020026166
MBML0_SI1169,-0.05033738613128662
MBML0_SI1799,-0.09236524899800619
MBML0_SI539,-0.10879436466428968
MBML0_SX179,-0.070154654013144
MBML0_SX269,-1.1313760686399682e-06
MBML0_SX359,-0.052280357148912215
MBML0_SX449,-0.05288149448151284
MBML0_SX89,-0.06025588512420654
MBOM0_SI1014,-0.10146223823979215
MBOM0_SI1644,-0.08368862908461998
MBOM0_SI2274,-0.04114934238227638
MBOM0_SX114,-2.108370166309681e-06
MBOM0_SX204,-0.02109512782865955
MBOM0_SX294,-6.67184238033048e-07
MBOM0_SX311,-0.06448987126350403
MBOM0_SX384,-0.14973103481790292
MBSB0_SI1353,-0.03133942647413774
MBSB0_SI1983,-5.040905977550306e-07
MBSB0_SI723,-0.057155637741088866
MBSB0_SX183,6.346296085471944e-08
MBSB0_SX273,-0.0242394023928149
MBSB0_SX3,-0.027456574141979218
MBSB0_SX363,-1.0775778459251991e-06
MBSB0_SX93,-1.2187908093134563e-06
MBTH0_SI2102,-0.10356180291426809
MBTH0_SI505,-9.694154464846683e-07
MBTH0_SI757,-0.04966100624629429
MBTH0_SX122,-0.06920177378553025
MBTH0_SX212,-0.07795509966936978
MBTH0_SX302,-0.02973359227180481
MBTH0_SX32,-0.07607338879559492
MBTH0_SX392,-0.09405660061609178
MBWP0_SI1531,-0.04403249706540789
MBWP0_SI1969,-0.04284888505935669
MBWP0_SI709,-0.08539040883382161
MBWP0_SX169,-0.08230009189871855
MBWP0_SX259,-0.06505825712874129
MBWP0_SX349,-0.05255682237686649
MBWP0_SX439,-0.11161329579907794
MBWP0_SX79,-0.06401304403940837
MCAE0_SI1447,-0.030588863259654934
MCAE0_SI2077,-0.11005637812059979
MCAE0_SI817,-0.08342356152004665
MCAE0_SX187,-0.11333751678466797
MCAE0_SX277,-0.0504450981433575
MCAE0_SX367,-0.11337274823869978
MCAE0_SX7,-0.12502004419054305
MCAE0_SX97,-0.07564496224926363
MCAL0_SI1138,-0.07146471341451009
MCAL0_SI1768,-7.640492618693748e-07
MCAL0_SI508,-1.5379310670224102e-06
MCAL0_SX148,-0.0963150599063971
MCAL0_SX238,-0.0375533832444085
MCAL0_SX328,-0.09181784546893576
MCAL0_SX418,-0.12057991027832031
MCAL0_SX58,-0.08305169951240972
MCDC0_SI1292,-0.058195695732579086
MCDC0_SI1922,-0.06362940803650886
MCDC0_SI662,-0.05230926022385106
MCDC0_SX122,-0.0730729051258253
MCDC0_SX212,-0.10717505077983058
MCDC0_SX302,-0.07930933577673775
MCDC0_SX32,-0.06102861856159411
MCDC0_SX392,-0.05484335367069688
MCDD0_SI1513,-0.035204291343688965
MCDD0_SI2143,-0.08026694528984302
MCDD0_SI883,-0.023971454093330784
MCDD0_SX163,-6.507175999718743e-07
MCDD0_SX253,-0.08602813194537985
MCDD0_SX343,-0.05713394347657549
MCDD0_SX433,-2.8546119845190713e-07
MCDD0_SX73,-7.558417947668778e-07
MCDR0_SI1154,-0.04566579818725586
MCDR0_SI1784,-0.06142710802847879
MCDR0_SI524,-0.06550262714254446
MCDR0_SX164,-0.07511914344060988
MCDR0_SX254,-0.08611072897911072
MCDR0_SX344,-0.11347224315007527
MCDR0_SX434,-0.054268215383802144
MCDR0_SX74,-0.16187019909129424
MCEF0_SI1135,-0.08611219951084682
MCEF0_SI1765,-0.06610782006207634
MCEF0_SI842,-0.05431961628698533
MCEF0_SX145,-8.874359503729133e-07
MCEF0_SX235,-0.10505078684899115
MCEF0_SX325,-0.061620661845574014
MCEF0_SX415,-0.08920348012769544
MCEF0_SX55,-1.8509782358007721e-06
MCEW0_SI1442,-0.06834425926208496
MCEW0_SI2072,-0.06377062959186101
MCEW0_SI812,-0.06122618610576048
MCEW0_SX182,-0.07926565692538307
MCEW0_SX272,-0.10337789853413899
MCEW0_SX362,-0.09605151553486668
MCEW0_SX452,-0.06855656789696735
MCEW0_SX92,-0.10866933009203743
MCHL0_SI1347,-0.09220850467681885
MCHL0_SI1404,-0.11991327317034611
MCHL0_SI1977,-0.12524991234143576
MCHL0_SX177,-0.07255714416503906
MCHL0_SX267,-0.11406456457602011
MCHL0_SX357,-0.07943413064286516
MCHL0_SX447,-0.08777339370162399
MCHL0_SX87,-0.02749977328560569
MCLK0_SI1660,-0.09117662244372898
MCLK0_SI2290,-0.1243722135370428
MCLK0_SI650,-0.05157796811249297
MCLK0_SX130,-7.605618413756875e-07
MCLK0_SX220,-0.04258958660826391
MCLK0_SX310,-0.04937982208588544
MCLK0_SX40,-1.1969190533515455e-06
MCLK0_SX400,-0.13559620910220677
MCLM0_SI1456,-0.08077162884651347
MCLM0_SI2086,-0.1195139633981805
MCLM0_SI826,-0.055781226409109014
MCLM0_SX106,-0.11931079228719076
MCLM0_SX16,-0.16928159622918992
MCLM0_SX196,-0.1433939536412557
MCLM0_SX286,-0.092866018706677
MCLM0_SX376,-0.08795774855264803
MCPM0_SI1194,-0.07724002599716187
MCPM0_SI1824,-0.07428903747023198
MCPM0_SI564,-0.09731570157137784
MCPM0_SX114,-0.05732773445747994
MCPM0_SX204,-0.04344548384348552
MCPM0_SX24,-0.0672267892143943
MCPM0_SX294,-0.0539240470299354
MCPM0_SX384,-0.09637049266270228
MCRE0_SI1121,-8.357345329702128e-07
MCRE0_SI1725,-0.05114274099469185
MCRE0_SI1751,-0.08342177309888474
MCRE0_SX131,-0.0647806630415075
MCRE0_SX221,-0.017724841833114624
MCRE0_SX24,-0.07587558314913795
MCRE0_SX401,-0.07677346009474534
MCRE0_SX41,-0.031201372146606444
MCSS0_SI1380,-0.05978233127270715
MCSS0_SI688,-0.05211495161056519
MCSS0_SI750,-0.07619603723287582
MCSS0_SX120,-0.07245480047689902
MCSS0_SX210,-0.029525246620178223
MCSS0_SX30,-4.38690185546875e-07
MCSS0_SX300,-0.06724328023416025
MCSS0_SX390,-0.09073884619606866
MCTH0_SI1209,-0.09941274691850711
MCTH0_SI1839,-0.10708823800086975
MCTH0_SI579,-0.10020521879196168
MCTH0_SX129,-0.10672992467880249
MCTH0_SX219,-0.12445587203616187
MCTH0_SX309,-0.09373264196442395
MCTH0_SX39,-0.06758390403375393
MCTH0_SX399,-0.08321481737597235
MCTM0_SI1350,-0.0691327918659557
MCTM0_SI1980,-0.09434520721435546
MCTM0_SI720,-0.04555913805961609
MCTM0_SX180,-0.09210260936192104
MCTM0_SX270,-0.05005180835723877
MCTM0_SX360,-8.273721417231906e-07
MCTM0_SX450,-0.11556720733642578
MCTM0_SX90,-1.914730226552045e-06
MCXM0_SI1351,-0.11114223798116048
MCXM0_SI1981,-0.12058222770690918
MCXM0_SI721,-0.1283948092625059
MCXM0_SX181,-0.05598563088311089
MCXM0_SX271,-0.0595319621703204
MCXM0_SX361,-0.10307343078382088
MCXM0_SX451,-0.1654452085494995
MCXM0_SX91,-4.301313310861588e-07
MDAC0_SI1261,-8.887205368433243e-07
MDAC0_SI1837,-0.014602218208641842
MDAC0_SI631,-7.360605365138943e-07
MDAC0_SX181,-0.06274206587608824
MDAC0_SX271,-0.12338490919633345
MDAC0_SX361,-0.03377471991947719
MDAC0_SX451,-0.055223678020720784
MDAC0_SX91,-5.07118710555841e-07
MDAS0_SI1266,-0.056704021990299225
MDAS0_SI1896,-9.324786991908633e-07
MDAS0_SI636,-0.05130520619844135
MDAS0_SX186,-1.0152848867269663e-06
MDAS0_SX21,-0.0818906341280256
MDAS0_SX276,-0.08816675986013105
MDAS0_SX6,-0.08898989677429199
MDAS0_SX96,-9.64929731216634e-07
MDBB1_SI1006,-0.1121824582417806
MDBB1_SI1636,-8.432230410667566e-07
MDBB1_SI2056,-0.06068856108422373
MDBB1_SX106,-0.09471121911079652
MDBB1_SX16,-0.03917764482044038
MDBB1_SX196,-0.1262657982962472
MDBB1_SX286,-0.05074814254162358
MDBB1_SX376,-0.06413871486012529
MDBP0_SI1158,-0.10848430583351537
MDBP0_SI1788,-0.10994211463041084
MDBP0_SI528,-0.0753977515480735
MDBP0_SX168,-0.08507508497971755
MDBP0_SX258,-0.11955981505544562
MDBP0_SX348,-0.0927133858203888
MDBP0_SX438,-0.028826218025357116
MDBP0_SX78,-0.08619313855325023
MDCD0_SI1415,-0.03564071333086168
MDCD0_SI2045,-0.11494816939036051
MDCD0_SI785,-0.11761992772420247
MDCD0_SX155,-0.08617843069681307
MDCD0_SX245,-0.07893616577674603
MDCD0_SX335,-0.1044710332697088
MDCD0_SX425,-0.11714968085289001
MDCD0_SX65,-0.0800873541062878
MDCM0_SI1480,-0.05419591215790295
MDCM0_SI2110,-0.04001802664536696
MDCM0_SI850,-0.05835051149935336
MDCM0_SX130,-0.05757621795900406
MDCM0_SX220,-0.07085446601218366
MDCM0_SX310,-0.062278003403634735
MDCM0_SX40,-0.055298471450805665
MDCM0_SX400,-0.0635480107487859
MDDC0_SI1419,-0.051995031417362274
MDDC0_SI2049,-0.1914058993844425
MDDC0_SI789,-0.07398480903811572
MDDC0_SX159,-9.224630701236235e-07
MDDC0_SX249,-8.184892626909109e-07
MDDC0_SX339,-0.12852899730205536
MDDC0_SX429,-1.9222104645057306e-06
MDDC0_SX69,-0.07579704486962521
MDED0_SI1170,-0.06283431342153838
MDED0_SI1800,-0.12217538587508663
MDED0_SI540,-0.05542627709810851
MDED0_SX180,-0.0612550941673485
MDED0_SX270,-1.0799939142695318e-06
MDED0_SX360,-0.04584570853940902
MDED0_SX450,-0.07843104998270671
MDED0_SX90,-0.07544034004211425
MDEF0_SI1123,-0.07704623540242513
MDEF0_SI1563,-9.268295724649687e-07
MDEF0_SI2193,-0.05107263256521786
MDEF0_SX123,-0.0654409544808524
MDEF0_SX213,-6.182076063968482e-07
MDEF0_SX303,-0.024037135971917048
MDEF0_SX33,-0.03265079855918884
MDEF0_SX393,-0.06226346890131632
MDEM0_SI1868,-0.03357266233517574
MDEM0_SI608,-0.09817417462666829
MDEM0_SI800,-1.2267067526968627e-06
MDEM0_SX158,-4.992545090599692e-07
MDEM0_SX248,-0.08718760260220232
MDEM0_SX338,-0.11046740947625576
MDEM0_SX428,-0.033186996524984184
MDEM0_SX68,-8.122261726494991e-07
MDHL0_SI1439,-0.06448716467077081
MDHL0_SI2069,-0.0837065577507019
MDHL0_SI809,-0.03862889715143152
MDHL0_SX179,-0.06056961887761166
MDHL0_SX269,-2.1852818982941763e-07
MDHL0_SX359,-0.0309466732872857
MDHL0_SX449,-0.0899496184455024
MDHL0_SX89,-4.858253911758462e-07
MDHS0_SI1530,-0.046584216031161224
MDHS0_SI2160,-6.10430207517412e-07
MDHS0_SI900,-1.654712052965936e-06
MDHS0_SX180,-0.034849128302405864
MDHS0_SX270,-7.954803286045189e-07
MDHS0_SX360,-1.7338073033193547e-06
MDHS0_SX450,-6.980324619786537e-07
MDHS0_SX90,-0.04193439960479736
MDJM0_SI1455,-0.07938116788864136
MDJM0_SI2085,-0.01819754117413571
MDJM0_SI825,-0.11769297387864855
MDJM0_SX105,-8.104543667286634e-07
MDJM0_SX15,-0.06153854727745056
MDJM0_SX195,-0.07008827816356313
MDJM0_SX285,-0.06539175017126675
MDJM0_SX375,-0.0620912516989359
MDKS0_SI1066,-0.019288441409235416
MDKS0_SI1696,-0.06021324930519893
MDKS0_SI2326,-0.06111263065803342
MDKS0_SX166,-0.04461395740509033
MDKS0_SX256,-0.07405760793974905
MDKS0_SX346,-0.05463497979300363
MDKS0_SX436,-0.08896083417146103
MDKS0_SX76,-0.06072903814769927
MDLB0_SI1306,-0.053371826807657875
MDLB0_SI1936,-0.04850727081298828
MDLB0_SI676,-0.07834715734828603
MDLB0_SX136,-0.07458895224112051
MDLB0_SX226,-0.035359936101096015
MDLB0_SX316,-7.381931936834008e-07
MDLB0_SX406,-0.08774275779724121
MDLB0_SX46,-0.04614267426152383
MDLC0_SI1395,-0.08193248690980853
MDLC0_SI2025,-0.06017079042351764
MDLC0_SI765,-0.12666345897473788
MDLC0_SX135,-0.08788814655570097
MDLC0_SX225,-0.09759306907653809
MDLC0_SX315,-0.09905046430127375
MDLC0_SX405,-0.08014145412960567
MDLC0_SX45,-0.06614091992378235
MDLC1_SI1435,-0.08774598952262633
MDLC1_SI2065,-0.0810226599375407
MDLC1_SI2144,-0.06489295051211402
MDLC1_SX175,-0.08869628395353045
MDLC1_SX265,-0.03360838011691445
MDLC1_SX355,-0.090629393054593
MDLC1_SX445,-0.012702031646456037
MDLC1_SX85,-0.053405975594240075
MDLC2_SI1614,-8.359784260392189e-07
MDLC2_SI2244,-0.04551647305488586
MDLC2_SI984,-0.030213437698505544
MDLC2_SX174,-0.06133455150532273
MDLC2_SX264,-0.07106163766649035
MDLC2_SX354,-6.600216563258853e-07
MDLC2_SX444,-0.142827570438385
MDLC2_SX84,-0.05690572659174601
MDLH0_SI1960,-0.05164691981147317
MDLH0_SI574,-0.07315412811611009
MDLH0_SI700,-0.15171371698379515
MDLH0_SX160,-0.07841609871905783
MDLH0_SX250,-0.07275996452722794
MDLH0_SX340,-0.1080649898898217
MDLH0_SX430,-0.06415992087506234
MDLH0_SX70,-0.0421277383963267
MDLM0_SI1234,-0.0873471805027553
MDLM0_SI1864,-0.045118281715794614
MDLM0_SI604,-0.05899057218006679
MDLM0_SX154,-0.05763768404722214
MDLM0_SX244,-9.761509917131285e-07
MDLM0_SX334,-0.05227452516555786
MDLM0_SX424,-0.02845712218965803
MDLM0_SX64,-0.06721457753862653
MDLR0_SI1233,-0.06330684692628923
MDLR0_SI1863,-0.050270931588278875
MDLR0_SI603,-0.07649809435794228
MDLR0_SX153,-0.09103511242156333
MDLR0_SX243,-0.0650492509206136
MDLR0_SX333,-0.08042254447937011
MDLR0_SX423,-0.0745962961860325
MDLR0_SX63,-0.08569350242614746
MDLR1_SI1299,-0.058298710065010265
MDLR1_SI1929,-0.05100330710411072
MDLR1_SI669,-0.06348077739988055
MDLR1_SX129,-0.06429859144347054
MDLR1_SX219,-0.06457362856183733
MDLR1_SX309,-0.06419639809187068
MDLR1_SX39,-1.411330664441699e-06
MDLR1_SX399,-0.10104189247920595
MDMA0_SI1238,-6.130763462611608e-07
MDMA0_SI1430,-0.0853873240320306
MDMA0_SI2060,-1.7947373139163987e-06
MDMA0_SX170,-0.025458712662969316
MDMA0_SX260,-0.0877980806610801
MDMA0_SX350,-0.058686738111534895
MDMA0_SX440,-0.10056048631668091
MDMA0_SX80,-3.660718599955241e-07
MDMT0_SI1832,-0.006559180361883981
MDMT0_SI2341,-0.05697335137261285
MDMT0_SI572,-0.06144148826599121
MDMT0_SX122,-0.04741297245025635
MDMT0_SX212,-0.06619375402277167
MDMT0_SX302,-0.08387511968612671
MDMT0_SX32,-0.046836744035993305
MDMT0_SX392,-0.05641661688338879
MDNS0_SI1011,-0.08638339746193807
MDNS0_SI2271,-0.042640695571899416
MDNS0_SI873,-0.06991506417592366
MDNS0_SX111,-0.06288757631855627
MDNS0_SX201,-0.059041512979043496
MDNS0_SX21,-0.08329129219055176
MDNS0_SX291,-0.09691023125368006
MDNS0_SX381,-4.3229890927191704e-07
MDPB0_SI1760,-0.06473378415377636
MDPB0_SI2126,-0.0719597095098251
MDPB0_SI866,-0.024524043346273488
MDPB0_SX146,-2.7019681560026633e-06
MDPB0_SX236,-0.0667072209444913
MDPB0_SX326,-0.019747235156871653
MDPB0_SX416,-0.07318967580795288
MDPB0_SX56,-6.102779546536777e-07
MDPK0_SI1053,-7.688214442596825e-07
MDPK0_SI1683,-0.04358892440795899
MDPK0_SI552,-0.06262660026550293
MDPK0_SX153,-0.03428394743736754
MDPK0_SX243,-0.08941900134086608
MDPK0_SX333,-0.054497480392456055
MDPK0_SX423,-0.06842429223267929
MDPK0_SX63,-8.320693220747145e-07
MDPS0_SI1651,-0.08137081146240234
MDPS0_SI1979,-0.13144031323884664
MDPS0_SI719,-0.05821348939623151
MDPS0_SX179,-0.09042874762886449
MDPS0_SX269,-0.10151250873293195
MDPS0_SX359,-8.0565611521403e-07
MDPS0_SX449,-0.06757928970012259
MDPS0_SX89,-8.284240155606657e-07
MDRD0_SI1382,-0.09749790474220559
MDRD0_SI2012,-0.12217531533076845
MDRD0_SI752,-0.06580076843011574
MDRD0_SX122,-0.058439244164360894
MDRD0_SX212,-0.05660294944589788
MDRD0_SX302,-0.07497758070627848
MDRD0_SX32,-0.06583982043796116
MDRD0_SX392,-0.0665648551214309
MDSJ0_SI1462,-0.03946551084518433
MDSJ0_SI2092,-0.06388966790561018
MDSJ0_SI832,-0.05431583121016219
MDSJ0_SX112,-0.058575233992408306
MDSJ0_SX22,-0.048365572224492615
MDSJ0_SX292,-0.04684011608946557
MDSJ0_SX382,-0.02019780543115404
MDSJ0_SX438,-0.05735744476318359
MDSS0_SI1881,-0.08183526992797852
MDSS0_SI2087,-0.06321096938589345
MDSS0_SI621,-0.018014042764096648
MDSS0_SX171,-0.06208382203028752
MDSS0_SX261,-0.081748366355896
MDSS0_SX351,-0.10859783328309351
MDSS0_SX441,-0.046885821554395885
MDSS0_SX81,-6.239329065595355e-07
MDSS1_SI1327,-0.07969382074144152
MDSS1_SI1713,-0.049418782486635095
MDSS1_SI697,-0.06450830372897061
MDSS1_SX157,-0.11659457606654014
MDSS1_SX247,-0.06050278381867842
MDSS1_SX337,-0.05480759852641338
MDSS1_SX427,-0.03547873099644979
MDSS1_SX67,-1.6996855265460908e-06
MDTB0_SI1200,-5.025012291702701e-07
MDTB0_SI1830,-0.06704068828273464
MDTB0_SI570,-0.0861074534329501
MDTB0_SX120,-0.11099681589338514
MDTB0_SX210,-0.048413257598876956
MDTB0_SX300,-0.08079814910888672
MDTB0_SX321,-0.04640472412109375
MDTB0_SX390,-0.08089709281921387
MDWD0_SI1260,-0.07287916036752554
MDWD0_SI1890,-0.054519736248513924
MDWD0_SI557,-0.03800021199619069
MDWD0_SX180,-0.054388295859098434
MDWD0_SX270,-5.697210629781087e-07
MDWD0_SX360,-1.0203838235501088e-06
MDWD0_SX450,-9.1997737234289e-07
MDWD0_SX90,-0.06489840507507325
MDWH0_SI1168,-4.226067027107614e-07
MDWH0_SI1925,-0.05206035940270675
MDWH0_SI665,-0.0486051548611034
MDWH0_SX125,-0.039016922314961754
MDWH0_SX215,-0.11035099545040646
MDWH0_SX305,-0.02230563279121153
MDWH0_SX35,-1.026783138513565e-06
MDWH0_SX395,-0.06913341620029548
MDWM0_SI1546,-0.062148269485024846
MDWM0_SI2176,-1.3669487088918686e-06
MDWM0_SI916,-0.07741592407226562
MDWM0_SX106,-0.11694337526957194
MDWM0_SX16,-0.07935526825132824
MDWM0_SX286,-4.0223772777929243e-07
MDWM0_SX376,-0.036691494104338855
MDWM0_SX433,-4.862834300313677e-07
MEAL0_SI1547,-0.04759169902120318
MEAL0_SI2177,-0.1368093771093032
MEAL0_SI917,-0.026359428058971058
MEAL0_SX107,-1.8301523394054836e-06
MEAL0_SX197,-0.14936784903208414
MEAL0_SX287,-0.04464880625406901
MEAL0_SX347,-5.751695425715297e-07
MEAL0_SX377,-0.04995456108680138
MEDR0_SI1374,-0.028783202171325684
MEDR0_SI2004,-1.3639529546101888e-06
MEDR0_SI744,-1.022917674664332e-06
MEDR0_SX114,-0.0748224589559767
MEDR0_SX204,-0.04169093817472458
MEDR0_SX24,-0.11518496816808527
MEDR0_SX294,-7.049335787693659e-07
MEDR0_SX384,-0.06881626274274744
MEFG0_SI465,-0.11103520248875473
MEFG0_SI491,-0.08674634354455131
MEFG0_SI598,-0.06119995491177428
MEFG0_SX105,-0.04089220364888509
MEFG0_SX15,-0.10697637065764397
MEFG0_SX195,-0.06017602980136871
MEFG0_SX285,-0.047951418777991986
MEFG0_SX375,-0.05314528400247747
MEGJ0_SI1337,-0.0738970915476481
MEGJ0_SI1967,-0.08377662632200453
MEGJ0_SI707,-0.10255914468031663
MEGJ0_SX167,-0.09996745983759563
MEGJ0_SX257,-0.03716147175202003
MEGJ0_SX3,-0.050735242664813995
MEGJ0_SX437,-0.12196608807178254
MEGJ0_SX77,-0.07663015621464427
MEJL0_SI1592,-0.022078816707317647
MEJL0_SI1654,-0.05201277007227358
MEJL0_SI962,-0.10409953982331031
MEJL0_SX152,-3.015447873622179e-07
MEJL0_SX242,-0.06393015384674072
MEJL0_SX332,-0.05094343707675025
MEJL0_SX422,-0.058551214990161714
MEJL0_SX62,-7.421422619805779e-07
MEJS0_SI1240,-0.06452648554529462
MEJS0_SI1870,-0.04126430379933324
MEJS0_SI610,-0.04477550586064657
MEJS0_SX160,-0.06059485800722812
MEJS0_SX250,-0.08985038904043344
MEJS0_SX340,-0.054409117409677216
MEJS0_SX430,-0.07940405607223511
MEJS0_SX70,-0.010560750283978203
MESG0_SI1332,-0.05100487470626831
MESG0_SI1962,-0.05739035514684824
MESG0_SI702,-0.1713867051260812
MESG0_SX162,-0.10248601777212961
MESG0_SX252,-0.039027848664452046
MESG0_SX342,-0.12529834111531576
MESG0_SX432,-0.06348811496387828
MESG0_SX72,-7.154385093599558e-07
MESJ0_SI2039,-0.06661009788513184
MESJ0_SI2257,-0.05705703388560902
MESJ0_SI997,-0.059150907728407115
MESJ0_SX187,-0.032914345914667305
MESJ0_SX277,-0.05055118083953857
MESJ0_SX367,-6.406403639737297e-07
MESJ0_SX7,-0.060424522558848066
MESJ0_SX97,-9.877704239139954e-07
MEWM0_SI1348,-0.09027109827314105
MEWM0_SI1978,-0.09210333559248182
MEWM0_SI718,-0.07264540069981625
MEWM0_SX178,-0.048646845600821755
MEWM0_SX268,-0.113613338005252
MEWM0_SX358,-0.07449675489355016
MEWM0_SX448,-1.266802553737793e-07
MEWM0_SX88,-0.0710410585208815
MFER0_SI1492,-7.147308402320208e-07
MFER0_SI2122,-0.0536267827538883
MFER0_SI862,-0.08074416319529215
MFER0_SX142,-0.06926259787186333
MFER0_SX232,-0.04516157507896423
MFER0_SX322,-6.639095249049591e-07
MFER0_SX412,-9.770970791578294e-07
MFER0_SX52,-6.449103593917154e-07
MFMC0_SI1132,-0.11100495429266066
MFMC0_SI1762,-0.019476323514371306
MFMC0_SI502,-0.059821851551532745
MFMC0_SX142,-0.0541581853907159
MFMC0_SX232,-0.04895529421893033
MFMC0_SX322,-0.01572664169704213
MFMC0_SX412,-0.09040539209232774
MFMC0_SX52,-0.10113065507676866
MFRM0_SI1155,-0.06692900039531567
MFRM0_SI1717,-0.0621406010219029
MFRM0_SI1785,-0.08491021044114057
MFRM0_SX165,-0.04807568788528442
MFRM0_SX255,-0.12046902829950507
MFRM0_SX345,-0.09607265676770892
MFRM0_SX435,-0.049287756284077965
MFRM0_SX75,-4.5311947663625084e-07
MFWK0_SI1249,-1.1553700460353867e-06
MFWK0_SI1879,-0.12183184976930972
MFWK0_SI619,-0.06609698798921373
MFWK0_SX169,-0.03635622233879275
MFWK0_SX259,-0.10789018518784467
MFWK0_SX349,-0.06018186026606066
MFWK0_SX439,-0.032332475980122885
MFWK0_SX79,-0.1047287568813417
MFXS0_SI1674,-0.07351377937528822
MFXS0_SI2225,-0.22103092074394226
MFXS0_SI2304,-0.03939142742672482
MFXS0_SX144,-0.06645756056814482
MFXS0_SX234,-0.053961764363681566
MFXS0_SX324,-0.09358379022398991
MFXS0_SX414,-1.6986608009807073e-06
MFXS0_SX54,-0.06694511307610405
MFXV0_SI1005,-0.08553024574562355
MFXV0_SI1342,-0.04912035754232696
MFXV0_SI1635,-0.04408475094371372
MFXV0_SX105,-2.2283262189696816e-07
MFXV0_SX15,-0.03495959079626835
MFXV0_SX195,-0.09827900969463846
MFXV0_SX285,-0.07035530275768703
MFXV0_SX375,-0.08287858381503965
MGAF0_SI1282,-0.09597857272038694
MGAF0_SI1912,-0.08579982178551811
MGAF0_SI652,-0.067443987902473
MGAF0_SX112,-0.05041429400444031
MGAF0_SX202,-0.019359650711218517
MGAF0_SX22,-0.0632209721065703
MGAF0_SX292,-0.06581128373437999
MGAF0_SX382,-0.0720821457940179
MGAG0_SI1321,-0.12180678049723308
MGAG0_SI645,-0.07530041881229567
MGAG0_SI691,-0.06003539778969504
MGAG0_SX151,-0.10391279708507449
MGAG0_SX241,-0.04800056293606758
MGAG0_SX331,-0.037883270870555534
MGAG0_SX421,-0.04105191230773926
MGAG0_SX61,-0.05530976586871677
MGAK0_SI1036,-0.09846009879276671
MGAK0_SI1666,-0.04947280202593122
MGAK0_SI2296,-0.08334272929600307
MGAK0_SX136,-0.05947563941018623
MGAK0_SX226,-0.07901182988794839
MGAK0_SX316,-1.868939605252496e-06
MGAK0_SX406,-0.04307563450871682
MGAK0_SX46,-1.333413585539787e-06
MGAR0_SI1212,-0.08220528420947847
MGAR0_SI1694,-0.06147399970463344
MGAR0_SI1842,-1.0678096108070652e-06
MGAR0_SX132,-0.03079424355481122
MGAR0_SX222,-3.6727648139709517e-07
MGAR0_SX312,-0.0636032482363143
MGAR0_SX402,-5.783513188362122e-07
MGAR0_SX42,-9.933020919561386e-07
MGAW0_SI1165,-0.06370961666107178
MGAW0_SI1802,-0.05013860094136205
MGAW0_SI535,-0.05510797245161874
MGAW0_SX175,-0.07106780547362107
MGAW0_SX265,-0.047316259808010526
MGAW0_SX355,-0.07738742232322693
MGAW0_SX445,-0.05597561225295067
MGAW0_SX85,-0.025906845927238464
MGES0_SI1481,-0.0719175934791565
MGES0_SI2111,-0.17140984535217285
MGES0_SI851,-0.13996204963097206
MGES0_SX131,-0.12734994888305665
MGES0_SX221,-0.08572422626406648
MGES0_SX311,-0.08718424710360441
MGES0_SX401,-0.06505097661699567
MGES0_SX41,-0.03290671460768756
MGJC0_SI1256,-0.06663294519696916
MGJC0_SI1335,-0.06866067164653056
MGJC0_SI1965,-0.039260771539476186
MGJC0_SX165,-0.10912381685697116
MGJC0_SX255,-0.07152245325200698
MGJC0_SX345,-0.11903332841807399
MGJC0_SX435,-0.09986751906725826
MGJC0_SX75,-0.026751184836030006
MGRL0_SI1497,-0.06499642710531911
MGRL0_SI2127,-0.062130093574523926
MGRL0_SI867,-0.07650177596045322
MGRL0_SX147,-5.120108293932538e-07
MGRL0_SX237,-0.06277740702909582
MGRL0_SX327,-1.2301839888095857e-06
MGRL0_SX417,-0.08914007638630114
MGRL0_SX57,-1.1569509903589884e-06
MGRP0_SI1317,-0.06355038229024636
MGRP0_SI1947,-0.06856766054707189
MGRP0_SI687,-0.0987544125980801
MGRP0_SX147,-0.05965257209280263
MGRP0_SX237,-0.04721077492362574
MGRP0_SX327,-0.0664301524086604
MGRP0_SX417,-0.1369718501442357
MGRP0_SX57,-0.08587430505191579
MGSH0_SI1176,-0.07030828297138214
MGSH0_SI1806,-0.12792203365228114
MGSH0_SI546,-0.08278052012125652
MGSH0_SX127,-0.07492614289124806
MGSH0_SX186,-0.0476617196510578
MGSH0_SX276,-0.08711619675159454
MGSH0_SX6,-0.10083128855778621
MGSH0_SX96,-0.06892828808890449
MGSL0_SI1164,-0.050926633179187775
MGSL0_SI534,-5.365979329023199e-07
MGSL0_SI797,-9.921689828236897e-07
MGSL0_SX174,-0.05764222594926942
MGSL0_SX264,-0.03444254839861834
MGSL0_SX354,-0.10074238623342206
MGSL0_SX444,-0.04901452322263975
MGSL0_SX84,-0.043896193305651345
MGXP0_SI1087,-0.08307930275245949
MGXP0_SI457,-0.14881058396964236
MGXP0_SI525,-0.05356613931984737
MGXP0_SX187,-0.12266379136305589
MGXP0_SX277,-0.05950190339769636
MGXP0_SX367,-0.05247962805959913
MGXP0_SX7,-0.047909588649355135
MGXP0_SX97,-0.029342082413760098
MHBS0_SI1575,-1.0227439988001777e-06
MHBS0_SI2205,-0.07616568334174878
MHBS0_SI945,-0.07835464154259633
MHBS0_SX135,-0.03910825740207325
MHBS0_SX225,-0.04567794157908513
MHBS0_SX315,-0.14091521501541138
MHBS0_SX405,-2.3065410976021275e-06
MHBS0_SX45,-9.811769952207352e-07
MHIT0_SI1613,-0.08818254326329086
MHIT0_SI2243,-0.12363233566284179
MHIT0_SI983,-0.07207837104797363
MHIT0_SX173,-0.1005930519104004
MHIT0_SX263,-0.0522871698651995
MHIT0_SX353,-0.1084617990435976
MHIT0_SX443,-0.08714089393615723
MHIT0_SX83,-0.06175741633853397
MHJB0_SI1017,-0.05399196015463935
MHJB0_SI1647,-0.05594304988258764
MHJB0_SI2277,-0.11171478884560722
MHJB0_SX117,-0.05353036619001819
MHJB0_SX207,-0.07308616845504097
MHJB0_SX27,-0.06739842891693115
MHJB0_SX297,-0.053940211572954734
MHJB0_SX387,-0.01920684576034546
MHMG0_SI1365,-0.04385907202959061
MHMG0_SI1995,-1.6115605831146241e-06
MHMG0_SI735,-0.0801219856529905
MHMG0_SX105,-1.0093597211380256e-06
MHMG0_SX15,-0.09494814276695251
MHMG0_SX195,-0.0842964768409729
MHMG0_SX285,-0.03757588192820549
MHMG0_SX375,-0.07723935842514038
MHMR0_SI1119,-0.0701341267788049
MHMR0_SI1692,-0.04900007917169939
MHMR0_SI489,-0.05561882629990578
MHMR0_SX129,-0.09333589341905382
MHMR0_SX219,-0.08614116491273392
MHMR0_SX309,-0.11791274605727778
MHMR0_SX39,-0.0710354316525343
MHMR0_SX399,-0.07436920978404858
MHRM0_SI1475,-0.031489040851593014
MHRM0_SI2218,-0.08477835906179328
MHRM0_SI958,-0.09484726732427423
MHRM0_SX148,-0.041557424777262916
MHRM0_SX238,-8.730455122601527e-07
MHRM0_SX328,-0.05163502185902697
MHRM0_SX418,-0.09531717551381964
MHRM0_SX58,-0.06424344754686542
MHXL0_SI1772,-0.054932475090026855
MHXL0_SI512,-0.04741417072914742
MHXL0_SI612,-0.039127542422367975
MHXL0_SX152,-3.1086542549019216e-07
MHXL0_SX242,-0.12910392549302843
MHXL0_SX332,-0.046287446487240674
MHXL0_SX422,-0.07802121232195598
MHXL0_SX62,-0.03143032572486184
MILB0_SI2163,-0.045894312136101
MILB0_SI807,-0.08299348089430067
MILB0_SI903,-0.0789507735859264
MILB0_SX183,-0.0691972396991871
MILB0_SX273,-0.09028767794370651
MILB0_SX3,-0.07539623975753784
MILB0_SX363,-6.968066805884951e-07
MILB0_SX93,-0.031161820888519286
MJAC0_SI1331,-0.07915185048029973
MJAC0_SI2148,-0.03220735703195844
MJAC0_SI701,-0.07816709241559429
MJAC0_SX251,-0.02398833861717811
MJAC0_SX307,-0.1102519154548645
MJAC0_SX341,-0.05668544173240662
MJAC0_SX431,-0.06949134876853541
MJAC0_SX71,-0.02434282261749794
MJAE0_SI1524,-0.11900451308802555
MJAE0_SI1999,-0.08625396092732747
MJAE0_SI2154,-0.051422491669654846
MJAE0_SX174,-0.10309563080469768
MJAE0_SX264,-0.051439161958365606
MJAE0_SX354,-0.11080649319817037
MJAE0_SX444,-0.09396939664273649
MJAE0_SX84,-0.052394953641024505
MJAI0_SI1604,-0.10228702227274576
MJAI0_SI682,-1.3745309283527044e-06
MJAI0_SI710,-0.11120644262281515
MJAI0_SX164,-8.79845835945823e-07
MJAI0_SX254,-0.03375961099352155
MJAI0_SX344,-0.09244708220163982
MJAI0_SX434,-0.022461024778229848
MJAI0_SX74,-0.05800035420586081
MJBG0_SI1232,-0.05081506662590559
MJBG0_SI1724,-0.10299433980669294
MJBG0_SI1862,-1.2558108816544216e-06
MJBG0_SX152,-7.382505351588839e-07
MJBG0_SX242,-0.12636968251821157
MJBG0_SX332,-6.917450163099501e-07
MJBG0_SX422,-0.08999575638189548
MJBG0_SX62,-2.13244024457203e-06
MJDA0_SI1031,-0.06684771925210953
MJDA0_SI1661,-0.01949853406232946
MJDA0_SI2291,-0.1078873196163693
MJDA0_SX131,-1.4901161193847656e-06
MJDA0_SX221,-0.10241451496031226
MJDA0_SX311,-0.06005419384349476
MJDA0_SX401,-0.04969641481127058
MJDA0_SX41,-0.06940998671189794
MJDC0_SI1161,-0.07598805904388428
MJDC0_SI2165,-0.1872558742761612
MJDC0_SI531,-0.07707330736063295
MJDC0_SX171,-0.09769149702422474
MJDC0_SX261,-0.049423174424604935
MJDC0_SX351,-0.0793019505434258
MJDC0_SX441,-0.07456479353063247
MJDC0_SX81,-0.019828710062750454
MJDE0_SI1120,-0.06397497653961182
MJDE0_SI463,-0.12224280834197998
MJDE0_SI490,-0.10114888177401778
MJDE0_SX130,-0.08514334173763499
MJDE0_SX220,-0.05368108749389648
MJDE0_SX310,-0.1105676952161287
MJDE0_SX40,-0.06372498947641124
MJDE0_SX400,-0.06668915399690954
MJDG0_SI1042,-0.034931570291519165
MJDG0_SI1672,-0.0740197350581487
MJDG0_SI1705,-0.05152024604656078
MJDG0_SX142,-1.0471412679180503e-06
MJDG0_SX232,-4.427426535150279e-07
MJDG0_SX322,-0.08525422215461731
MJDG0_SX412,-0.05839438871903853
MJDG0_SX52,-6.487167885769969e-07
MJDM0_SI1340,-0.08577059764488071
MJDM0_SI1937,-0.11339182513100761
MJDM0_SI974,-0.1233350389144
MJDM0_SX170,-0.0843175582165988
MJDM0_SX260,-0.07322180838811965
MJDM0_SX350,-0.08856078690173579
MJDM0_SX440,-0.06554892659187317
MJDM0_SX80,-1.0594725608825683e-06
MJEB0_SI1286,-0.05811928180938072
MJEB0_SI1916,-0.0861868527200487
MJEB0_SI656,-0.05761914849281311
MJEB0_SX170,-0.08527898788452148
MJEB0_SX206,-0.031357776827928494
MJEB0_SX26,-0.11641462326049805
MJEB0_SX296,-0.08554051768395209
MJEB0_SX386,-7.306105309849485e-07
MJEB1_SI1467,-0.03935703060083222
MJEB1_SI2097,-0.05834297700361772
MJEB1_SI837,-0.0968865459248171
MJEB1_SX117,-0.06630978186925253
MJEB1_SX207,-0.13805875182151794
MJEB1_SX27,-0.08090896606445312
MJEB1_SX297,-0.06852089205095845
MJEB1_SX387,-0.053329657863926246
MJEE0_SI1237,-0.029392422773899175
MJEE0_SI1867,-9.132247116114643e-07
MJEE0_SI607,-0.11945190694597033
MJEE0_SX157,-0.04851174354553223
MJEE0_SX247,-0.07804382931102406
MJEE0_SX337,-0.04334585070610046
MJEE0_SX427,-0.03835091420582363
MJEE0_SX67,-0.05865910378369418
MJFH0_SI1107,-0.1726546734571457
MJFH0_SI1737,-0.03854767978191376
MJFH0_SI477,-0.04635346981517056
MJFH0_SX117,-0.05835260550181071
MJFH0_SX207,-0.03949245562156042
MJFH0_SX27,-0.03939300060272217
MJFH0_SX297,-0.12310621738433838
MJFH0_SX387,-0.044465019896223736
MJFR0_SI1605,-0.06813469448605099
MJFR0_SI2235,-0.042879494753750885
MJFR0_SI975,-0.11197464466094971
MJFR0_SX165,-0.11892186403274536
MJFR0_SX255,-0.09076917833752102
MJFR0_SX345,-0.15046480496724446
MJFR0_SX435,-0.10674476623535156
MJFR0_SX75,-0.05324918934793183
MJHI0_SI1328,-1.7434208530175965e-06
MJHI0_SI555,-0.06560981699398585
MJHI0_SI698,-0.08089240959712438
MJHI0_SX158,-2.2098954234804425e-07
MJHI0_SX248,-0.0843425989151001
MJHI0_SX338,-0.08576077052525112
MJHI0_SX428,-0.03588041994306776
MJHI0_SX68,-0.09660705398110782
MJJB0_SI1139,-0.049272911301974594
MJJB0_SI1277,-0.08657486240069072
MJJB0_SI1769,-0.11483770608901978
MJJB0_SX149,-0.07372724756281426
MJJB0_SX239,-0.0454084575176239
MJJB0_SX329,-0.052104439735412594
MJJB0_SX419,-0.07240095654049435
MJJB0_SX59,-0.025598390744282648
MJJJ0_SI1163,-9.913935627992032e-07
MJJJ0_SI1793,-0.10614950516644646
MJJJ0_SI533,-0.10838688573529644
MJJJ0_SX173,-0.039127200841903687
MJJJ0_SX263,-0.09347776708931758
MJJJ0_SX353,-0.06501317024230957
MJJJ0_SX443,-0.029918007055918374
MJJJ0_SX83,-0.05582938967524348
MJJM0_SI1251,-0.09151893456776937
MJJM0_SI1457,-0.09917703725523867
MJJM0_SI827,-0.08711849676596152
MJJM0_SX107,-0.057131449381510414
MJJM0_SX17,-0.07545436024665833
MJJM0_SX197,-0.12012085318565369
MJJM0_SX287,-0.049252986907958984
MJJM0_SX377,-0.06831245887570264
MJKR0_SI1201,-0.09229927242926832
MJKR0_SI1831,-0.06105945507685343
MJKR0_SI571,-0.025544812944200305
MJKR0_SX121,-0.08131017917540015
MJKR0_SX211,-0.09034820865182315
MJKR0_SX301,-0.10190129907507646
MJKR0_SX31,-0.033119687667259805
MJKR0_SX391,-0.1026105523109436
MJLB0_SI1616,-0.15634119245741102
MJLB0_SI2246,-0.0637819281330815
MJLB0_SI986,-0.05379051511937922
MJLB0_SX176,-0.10282531651583585
MJLB0_SX266,-0.06263905955899146
MJLB0_SX356,-0.09633298353715376
MJLB0_SX446,-1.6878807517246175e-06
MJLB0_SX86,-0.12403099767623409
MJLG1_SI1012,-0.055952945176292866
MJLG1_SI1642,-0.05832351105553763
MJLG1_SI2272,-3.7584742146417875e-07
MJLG1_SX112,-0.04562107936756031
MJLG1_SX202,-4.2971689254045484e-07
MJLG1_SX22,-0.13436174392700195
MJLG1_SX292,-5.09392360554022e-07
MJLG1_SX382,-0.07156938772935134
MJLS0_SI1096,-0.06720756739377975
MJLS0_SI1726,-0.07143360376358032
MJLS0_SI466,-4.7067116046773974e-07
MJLS0_SX106,-0.07678627967834473
MJLS0_SX16,-0.06147193908691406
MJLS0_SX196,-0.08437970138731457
MJLS0_SX286,-0.06690563407598757
MJLS0_SX376,-0.03831988856905982
MJMA0_SI1495,-0.11142765848260176
MJMA0_SI2125,-0.094245406297537
MJMA0_SI865,-1.3969771922954048e-06
MJMA0_SX145,-0.028229019580743253
MJMA0_SX235,-3.0398368835449217e-07
MJMA0_SX325,-0.07710947513580323
MJMA0_SX415,-0.057772431108686656
MJMA0_SX55,-0.0615026421017117
MJMD0_SI1028,-0.05417153010001549
MJMD0_SI1658,-0.17092875242233277
MJMD0_SI2288,-0.06934115243336511
MJMD0_SX128,-0.026865237951278688
MJMD0_SX218,-0.07508128029959542
MJMD0_SX308,-0.12006309453178854
MJMD0_SX38,-5.540096872421198e-07
MJMD0_SX398,-0.06780587795168855
MJMM0_SI1255,-0.031069441636403402
MJMM0_SI1885,-0.02587410697230586
MJMM0_SI625,-7.348956868929022e-07
MJMM0_SX175,-0.05342633940956809
MJMM0_SX265,-5.951560278599327e-07
MJMM0_SX355,-0.04508175271930116
MJMM0_SX445,-0.07654113629285027
MJMM0_SX85,-0.03981088540133308
MJPG0_SI1191,-0.052111085723428166
MJPG0_SI1821,-0.049853999039222455
MJPG0_SI561,-0.06822092250242072
MJPG0_SX111,-0.07317753632863362
MJPG0_SX201,-0.12621628897530693
MJPG0_SX21,-0.10877317190170288
MJPG0_SX291,-0.10033777664447653
MJPG0_SX381,-3.749888316134832e-07
MJPM0_SI1368,-0.09124996832438878
MJPM0_SI1998,-0.016060728579759598
MJPM0_SI738,-4.008838108607701e-06
MJPM0_SX108,-0.07102476888232762
MJPM0_SX18,-0.09808338049686316
MJPM0_SX198,-0.0504768757984556
MJPM0_SX288,-0.05716542310492937
MJPM0_SX378,-0.05813111129559969
MJPM1_SI1897,-0.010770213954588947
MJPM1_SI2280,-0.06031886555931785
MJPM1_SI761,-0.08992536700501734
MJPM1_SX131,-0.14600656713758195
MJPM1_SX221,-0.041502910000937324
MJPM1_SX311,-0.06566963390428193
MJPM1_SX401,-0.09518222676383124
MJPM1_SX41,-1.0191047919101503e-06
MJRA0_SI1236,-0.08092844486236572
MJRA0_SI1866,-0.044742903288672954
MJRA0_SI606,-0.04733684062957764
MJRA0_SX156,-0.0901202546789291
MJRA0_SX246,-0.020125674349921092
MJRA0_SX336,-0.048930225548920805
MJRA0_SX426,-0.09534103805954391
MJRA0_SX66,-3.9632809725967614e-07
MJRG0_SI1366,-0.02555845124380929
MJRG0_SI1996,-0.054936785250902176
MJRG0_SI736,-0.08441244322678139
MJRG0_SX106,-0.051376024881998696
MJRG0_SX16,-0.02156885890733628
MJRG0_SX286,-0.06002309799194336
MJRG0_SX352,-0.0500563924962824
MJRG0_SX376,-0.04379276240744242
MJRH0_SI1125,-0.04797800277408801
MJRH0_SI1755,-0.08890196936471122
MJRH0_SI1840,-0.04394236821976919
MJRH0_SX135,-0.11433211768545755
MJRH0_SX225,-0.16019188364346823
MJRH0_SX315,-0.0553786073412214
MJRH0_SX405,-0.033669288093979295
MJRH0_SX45,-0.05001331913855768
MJRH1_SI1558,-0.10370099327780984
MJRH1_SI1774,-0.10367927130530863
MJRH1_SI514,-0.13892205008145037
MJRH1_SX154,-0.08338695413926069
MJRH1_SX244,-0.04628493388493856
MJRH1_SX334,-0.05125273325864006
MJRH1_SX424,-0.11533157264485079
MJRH1_SX64,-0.13752873738606772
MJRK0_SI1662,-0.09548057913780213
MJRK0_SI2103,-0.16576541171354406
MJRK0_SI880,-0.0878033377907493
MJRK0_SX160,-0.08340017000834148
MJRK0_SX250,-0.0771181094340789
MJRK0_SX340,-0.044582509225414645
MJRK0_SX430,-0.06808300316333771
MJRK0_SX70,-3.6173975483203926e-07
MJRP0_SI1835,-1.4711570526872363e-07
MJRP0_SI1845,-0.03244527309171615
MJRP0_SI585,-0.06570975184440613
MJRP0_SX135,-0.069400278004733
MJRP0_SX225,-0.16046504974365233
MJRP0_SX315,-0.07817668574196952
MJRP0_SX405,-6.473726696438259e-07
MJRP0_SX45,-7.2482599635906e-07
MJSR0_SI1424,-0.13138321118477064
MJSR0_SI2054,-0.07647191063832429
MJSR0_SI794,-0.10641902685165405
MJSR0_SX164,-0.037348697060032895
MJSR0_SX254,-0.09601748557317824
MJSR0_SX344,-0.04918772975603739
MJSR0_SX434,-0.04819559097290039
MJSR0_SX74,-0.03622440621256828
MJWG0_SI2155,-4.122433178313908e-07
MJWG0_SI813,-0.06155310544100675
MJWG0_SI895,-0.09631281632643479
MJWG0_SX175,-0.06927614552634102
MJWG0_SX265,-0.024627544663169167
MJWG0_SX355,-0.08113132753679829
MJWG0_SX445,-0.04535744768200499
MJWG0_SX85,-0.06777699065930916
MJWS0_SI1143,-0.07531709055746755
MJWS0_SI1773,-0.0766891927430124
MJWS0_SI513,-8.58860163900413e-07
MJWS0_SX153,-0.052118418351659236
MJWS0_SX243,-0.082654702954176
MJWS0_SX333,-0.05386977725558811
MJWS0_SX423,-0.037458481887976326
MJWS0_SX63,-5.058552089490388e-07
MJWT0_SI1291,-7.059690005917219e-07
MJWT0_SI1381,-0.03800745994325668
MJWT0_SI751,-0.06258112011533795
MJWT0_SX121,-0.06859844158857296
MJWT0_SX211,-0.03361973341773538
MJWT0_SX301,-0.08806798960033216
MJWT0_SX31,-0.03945715339095504
MJWT0_SX391,-0.10490684760244269
MJXA0_SI1507,-0.0482098047549908
MJXA0_SI2137,-0.09465877782730829
MJXA0_SI877,-0.03854589602526497
MJXA0_SX157,-0.10990466742679991
MJXA0_SX247,-0.08187409157448626
MJXA0_SX337,-0.0604541623914564
MJXA0_SX427,-0.03387789772107051
MJXA0_SX67,-1.6135504332984366e-06
MJXL0_SI1172,-0.06487002138231622
MJXL0_SI1795,-0.05973346794352812
MJXL0_SI542,-0.08070185876661731
MJXL0_SX182,-0.11874231048252272
MJXL0_SX272,-0.11291268238654503
MJXL0_SX362,-0.07505325476328532
MJXL0_SX452,-0.09386619654568759
MJXL0_SX92,-0.04463071482522147
MKAG0_SI1609,-0.07600643279704641
MKAG0_SI2239,-0.14757102966308594
MKAG0_SI979,-0.0587790435360324
MKAG0_SX169,-0.06327934962947195
MKAG0_SX259,-0.10149188157988757
MKAG0_SX30,-4.0178420022130015e-07
MKAG0_SX439,-9.885653802801086e-07
MKAG0_SX79,-0.06690039745596953
MKAH0_SI1528,-0.10720199346542358
MKAH0_SI2158,-0.10337136773502126
MKAH0_SI898,-0.04769587516784668
MKAH0_SX178,-0.10202787399291992
MKAH0_SX268,-0.04616456808045853
MKAH0_SX358,-0.044819301572339286
MKAH0_SX448,-0.08085114508867264
MKAH0_SX88,-0.07301365335782369
MKAJ0_SI1414,-0.06486137708028157
MKAJ0_SI2044,-0.09131972686104152
MKAJ0_SI784,-1.3868276898681028e-07
MKAJ0_SX154,-4.215070211719121e-07
MKAJ0_SX244,-0.0634164687914726
MKAJ0_SX334,-0.06452634005710997
MKAJ0_SX424,-1.437677864861839e-06
MKAJ0_SX64,-0.020109469691912334
MKAM0_SI1250,-0.10113875649192117
MKAM0_SI1316,-0.10304119780256941
MKAM0_SI1465,-1.4364493634073167e-06
MKAM0_SX146,-1.273151221019881e-06
MKAM0_SX236,-0.12613188066790182
MKAM0_SX326,-0.08291564316585145
MKAM0_SX416,-0.06638182534111871
MKAM0_SX56,-0.06671649072228408
MKDB0_SI2132,-0.02663739104019968
MKDB0_SI588,-0.09412794277585786
MKDB0_SI872,-1.2637671811956495e-07
MKDB0_SX152,-0.040249420375358766
MKDB0_SX242,-0.09029773119333628
MKDB0_SX332,-0.0279131434684576
MKDB0_SX422,-0.0683205767375667
MKDB0_SX62,-0.05742402076721191
MKDD0_SI1567,-0.10554431915283204
MKDD0_SI2197,-0.05880334502772281
MKDD0_SI937,-0.07786155541737874
MKDD0_SX127,-0.0465966566749241
MKDD0_SX217,-0.09775540232658386
MKDD0_SX307,-6.620373044695173e-07
MKDD0_SX37,-3.361216697253679e-07
MKDD0_SX397,-0.1089562878889196
MKDT0_SI2153,-0.058205989099317984
MKDT0_SI814,-0.09142047267849163
MKDT0_SI893,-0.09041495182934929
MKDT0_SX173,-0.1062773323059082
MKDT0_SX263,-0.06188841802733285
MKDT0_SX353,-0.06333121657371521
MKDT0_SX443,-0.0869382332111227
MKDT0_SX83,-0.07418218340192523
MKES0_SI1253,-0.042511749835241405
MKES0_SI1883,-0.05142342738616161
MKES0_SI623,-0.04727178591269034
MKES0_SX173,-0.07971442739168803
MKES0_SX263,-0.05591234667547818
MKES0_SX353,-0.09230876691413648
MKES0_SX443,-0.04115638732910156
MKES0_SX83,-5.882266123080626e-07
MKJO0_SI1517,-0.1293020589011056
MKJO0_SI2147,-0.0882809812372381
MKJO0_SI887,-0.03569016191694471
MKJO0_SX167,-7.363882931795988e-07
MKJO0_SX257,-0.11107105475205642
MKJO0_SX424,-6.085527794701713e-07
MKJO0_SX437,-7.243659786822997e-07
MKJO0_SX77,-0.037331586792355494
MKLN0_SI1598,-0.07641893128554027
MKLN0_SI2228,-0.07864344914754232
MKLN0_SI968,-0.0832655926545461
MKLN0_SX158,-0.07802087465922038
MKLN0_SX248,-0.09396192123150003
MKLN0_SX338,-0.05237562126583523
MKLN0_SX428,-0.03906531069013808
MKLN0_SX68,-0.0743887930205374
MKLR0_SI1059,-0.0422373104095459
MKLR0_SI1689,-0.05849297230060284
MKLR0_SI2319,-0.05486405337298358
MKLR0_SX159,-4.1136000719335345e-07
MKLR0_SX249,-0.11725552265460674
MKLR0_SX339,-0.06888190392524965
MKLR0_SX429,-1.0038859077862332e-06
MKLR0_SX69,-0.07638922333717346
MKLS0_SI1437,-0.0682848867822866
MKLS0_SI1533,-0.1038879532563059
MKLS0_SI2067,-0.1115066409111023
MKLS0_SX177,-0.07298373222351075
MKLS0_SX267,-0.07374345950591259
MKLS0_SX357,-0.04520502388477325
MKLS0_SX447,-0.07439143382585965
MKLS0_SX87,-0.095039402737337
MKLS1_SI1545,-0.06599772361017042
MKLS1_SI2175,-0.021606158951054447
MKLS1_SI915,-0.07760514062026451
MKLS1_SX105,-0.03418286385074738
MKLS1_SX15,-0.05081541397992302
MKLS1_SX195,-0.08420541763305664
MKLS1_SX285,-0.02031287948290507
MKLS1_SX375,-0.11931198399241377
MKLW0_SI1571,-0.03568120002746582
MKLW0_SI1844,-0.11801531165838242
MKLW0_SI2201,-0.02499912828207016
MKLW0_SX131,-0.04326173030968868
MKLW0_SX221,-0.05298117615959861
MKLW0_SX311,-0.08924102783203125
MKLW0_SX401,-0.08512899421510242
MKLW0_SX41,-0.10566024060519237
MKRG0_SI1491,-0.09228382110595704
MKRG0_SI2121,-0.07896559455178001
MKRG0_SI861,-0.07389906600669578
MKRG0_SX141,-0.04100408359449737
MKRG0_SX231,-0.1269296949559992
MKRG0_SX31,-0.0629188005740826
MKRG0_SX411,-0.06480665695972931
MKRG0_SX51,-5.778252844244153e-07
MKXL0_SI1185,-9.676989387063419e-07
MKXL0_SI1815,-0.08577426274617513
MKXL0_SI1958,-2.0590133014290285e-06
MKXL0_SX105,-1.0000672304041443e-06
MKXL0_SX15,-0.055510133504867554
MKXL0_SX195,-0.07368865738744321
MKXL0_SX285,-1.076939365556163e-06
MKXL0_SX375,-0.054628983522072815
MLBC0_SI1239,-0.046700958547921015
MLBC0_SI1869,-0.11719276688315651
MLBC0_SI609,-0.04330514688960842
MLBC0_SX159,-5.173137528677094e-07
MLBC0_SX249,-0.10655681903545673
MLBC0_SX339,-0.012483667801408208
MLBC0_SX429,-4.378613084554672e-07
MLBC0_SX69,-0.050213953426906044
MLEL0_SI1246,-0.05956719981299506
MLEL0_SI1876,-0.09272435903549195
MLEL0_SI616,-0.10320602693865376
MLEL0_SX166,-0.03200147919735666
MLEL0_SX256,-0.07928089052438736
MLEL0_SX346,-7.744410493392117e-07
MLEL0_SX436,-0.0441843841386878
MLEL0_SX76,-2.7304417208621375e-06
MLJC0_SI1225,-0.07913113929129936
MLJC0_SI1855,-0.16399669647216797
MLJC0_SI595,-0.06983073337658031
MLJC0_SX145,-0.051382835094745345
MLJC0_SX235,-0.03987448379911225
MLJC0_SX325,-0.07134590325532136
MLJC0_SX415,-0.08142459714734876
MLJC0_SX55,-0.06846805594184181
MLJH0_SI1324,-0.12838798522949219
MLJH0_SI1422,-0.09492152484495249
MLJH0_SI694,-0.0411807395316459
MLJH0_SX154,-0.046532779932022095
MLJH0_SX244,-0.04513313505384657
MLJH0_SX334,-0.08999410542574796
MLJH0_SX424,-0.07814346722194127
MLJH0_SX64,-0.0662517680062188
MLNS0_SI1407,-7.016101985105447e-07
MLNS0_SI2037,-0.06527473709800026
MLNS0_SI777,-0.0924228079178754
MLNS0_SX147,-1.9113882444798947e-06
MLNS0_SX237,-0.08887962291115209
MLNS0_SX327,-0.0934262841434802
MLNS0_SX417,-0.08869723784617889
MLNS0_SX57,-0.031131961653309483
MLSH0_SI1417,-0.04160421978343617
MLSH0_SI2047,-0.04976787490229453
MLSH0_SI787,-0.06457778215408325
MLSH0_SX157,-0.12312726974487305
MLSH0_SX247,-0.07528347554414169
MLSH0_SX337,-0.044760027527809144
MLSH0_SX427,-0.09001913240977696
MLSH0_SX67,-0.07718018690745036
MMAA0_SI1588,-0.06142631699057186
MMAA0_SI2105,-0.08060892105102539
MMAA0_SI845,-1.2350063832744844e-06
MMAA0_SX125,-0.06663756123904524
MMAA0_SX215,-0.07362138902818835
MMAA0_SX305,-1.1613259890249798e-06
MMAA0_SX35,-0.045853646596272786
MMAA0_SX395,-0.05842966299790602
MMAB1_SI1494,-0.11165067884657118
MMAB1_SI2124,-0.03558477401733398
MMAB1_SI864,-0.04247305041453878
MMAB1_SX144,-0.09858541777639677
MMAB1_SX234,-0.032999970696189186
MMAB1_SX324,-0.039925810006948614
MMAB1_SX414,-0.05442626301835223
MMAB1_SX54,-0.09320747587415908
MMAG0_SI1126,-0.09461862390691583
MMAG0_SI1756,-0.05881843090057373
MMAG0_SI496,-0.04905130465825399
MMAG0_SX136,-0.0745799806382921
MMAG0_SX226,-0.03746405385789417
MMAG0_SX316,-0.04766671821988862
MMAG0_SX406,-1.0627531446516513e-06
MMAG0_SX46,-1.6648934888507938e-06
MMAM0_SI1597,-0.05490396199402986
MMAM0_SI1668,-0.13679204940795897
MMAM0_SI2227,-0.10161465406417847
MMAM0_SX157,-0.15781973254296086
MMAM0_SX247,-0.08727945452151091
MMAM0_SX337,-0.11203960271982047
MMAM0_SX427,-0.055060968949244574
MMAM0_SX67,-0.09504990201247365
MMAR0_SI1336,-0.04481546651749384
MMAR0_SI1966,-0.0723481611772017
MMAR0_SI706,-2.9277426245457987e-07
MMAR0_SX166,-0.05895153284072876
MMAR0_SX256,-0.08766739070415497
MMAR0_SX346,-0.056788697838783264
MMAR0_SX436,-0.10873831311861674
MMAR0_SX76,-0.06551499855824006
MMBS0_SI1151,-0.10201540699711552
MMBS0_SI1781,-0.16605610847473146
MMBS0_SI521,-0.06519505129022113
MMBS0_SX161,-0.0806349515914917
MMBS0_SX251,-1.0138310581506058e-06
MMBS0_SX341,-0.0908528512174433
MMBS0_SX431,-0.04307825697792901
MMBS0_SX71,-0.042228241120615316
MMCC0_SI1338,-0.09569495916366577
MMCC0_SI1968,-0.024730132685767278
MMCC0_SI708,-0.06314389770095413
MMCC0_SX168,-0.09693202376365662
MMCC0_SX258,-0.06894945375847095
MMCC0_SX348,-0.04053341490881784
MMCC0_SX438,-0.09996151924133301
MMCC0_SX78,-6.110529848856145e-07
MMDB0_SI1358,-0.09738005002339681
MMDB0_SI1617,-1.1403304101391272e-06
MMDB0_SI987,-0.08575586288694352
MMDB0_SX177,-0.04560546233103825
MMDB0_SX267,-0.09174014462365045
MMDB0_SX357,-0.04785279969911318
MMDB0_SX447,-0.031451200063412
MMDB0_SX87,-8.398637874051929e-07
MMDG0_SI1780,-0.07279732010581276
MMDG0_SI2035,-0.08724055082901665
MMDG0_SI520,-1.22612392580187e-06
MMDG0_SX160,-0.06712123103763747
MMDG0_SX250,-0.08539541756234519
MMDG0_SX340,-0.10081422690189246
MMDG0_SX430,-0.07211273121383954
MMDG0_SX70,-0.06986697695472023
MMDM0_SI1311,-0.06628178060054779
MMDM0_SI1941,-0.14881238483247303
MMDM0_SI681,-0.047247098338219426
MMDM0_SX141,-0.05696569097802994
MMDM0_SX231,-0.18890367854725232
MMDM0_SX321,-0.06263658675280484
MMDM0_SX411,-0.13552368604219878
MMDM0_SX51,-0.07177342924960824
MMDM1_SI1650,-4.403524037436856e-07
MMDM1_SI2043,-0.14908611147027268
MMDM1_SI783,-8.356065437611607e-07
MMDM1_SX153,-1.3787591574238796e-06
MMDM1_SX243,-0.05951911211013794
MMDM1_SX333,-0.04563006089658153
MMDM1_SX423,-0.11256999157844706
MMDM1_SX63,-0.02132000412259783
MMDS0_SI1343,-0.06806727625289054
MMDS0_SI1973,-0.13263013627794054
MMDS0_SI713,-0.06784908473491669
MMDS0_SX173,-0.05492223799228668
MMDS0_SX263,-0.035156578929335984
MMDS0_SX353,-0.1517265535170032
MMDS0_SX443,-0.17644378344217937
MMDS0_SX83,-0.09071640968322754
MMEA0_SI1388,-0.06358458228030447
MMEA0_SI2018,-0.0033737216144800186
MMEA0_SI758,-0.09249847935092065
MMEA0_SX128,-7.066410034894943e-07
MMEA0_SX218,-0.052715332884537544
MMEA0_SX308,-0.09086322039365768
MMEA0_SX38,-0.014527721703052521
MMEA0_SX398,-0.0981766072715201
MMEB0_SI1357,-3.5221886786597745e-07
MMEB0_SI1987,-0.03139948022776637
MMEB0_SI727,-0.08971768159132737
MMEB0_SX187,-0.12525394984654017
MMEB0_SX327,-0.06161866188049316
MMEB0_SX367,-0.06444374252768124
MMEB0_SX7,-0.029536953339209922
MMEB0_SX97,-0.1283608078956604
MMGC0_SI1305,-0.08747645555916479
MMGC0_SI1935,-0.04211900040910051
MMGC0_SI2184,-0.01971236000890317
MMGC0_SX135,-0.07868609103289517
MMGC0_SX225,-0.13377423639650698
MMGC0_SX315,-0.05332991994660476
MMGC0_SX405,-0.04084241084563427
MMGC0_SX45,-0.07813200083645908
MMGG0_SI1079,-0.040515414873758954
MMGG0_SI1709,-0.09487729806166428
MMGG0_SI2339,-0.08788388425653632
MMGG0_SX179,-0.09010087188921477
MMGG0_SX269,-0.07176189763205391
MMGG0_SX359,-0.012041315767500135
MMGG0_SX449,-0.08577448008011798
MMGG0_SX89,-0.03660878068522403
MMGK0_SI1322,-0.07651058294005313
MMGK0_SI1952,-0.11643871840308695
MMGK0_SI692,-0.07305018901824951
MMGK0_SX152,-9.566853829735034e-07
MMGK0_SX242,-1.7723068594932556e-06
MMGK0_SX332,-5.120220521348528e-07
MMGK0_SX422,-0.10409308702517779
MMGK0_SX62,-0.03246858792427259
MMJB1_SI1408,-1.0871714571627174e-06
MMJB1_SI2038,-0.056791449847974275
MMJB1_SI778,-0.08311083316802978
MMJB1_SX148,-0.11457115895039327
MMJB1_SX238,-7.728676286610103e-07
MMJB1_SX328,-0.05518754323323568
MMJB1_SX418,-1.0182728799871909e-06
MMJB1_SX58,-1.220668379503947e-06
MMLM0_SI1527,-0.02999900854550875
MMLM0_SI2150,-0.050815050091062276
MMLM0_SI897,-0.16336045726653067
MMLM0_SX177,-0.09652920722961426
MMLM0_SX267,-0.0754477410089402
MMLM0_SX357,-0.03242123708492372
MMLM0_SX447,-0.07321648686020463
MMLM0_SX87,-0.016751883711133685
MMPM0_SI1061,-0.06878653935023717
MMPM0_SI1691,-0.06006352340473848
MMPM0_SI2321,-0.0964616211977872
MMPM0_SX161,-0.0780340643490062
MMPM0_SX251,-7.758444210268417e-07
MMPM0_SX341,-0.034589484333992004
MMPM0_SX431,-0.06464909218453072
MMPM0_SX71,-0.017448102274248676
MMRP0_SI2034,-3.241563035771833e-07
MMRP0_SI717,-0.08788350650242396
MMRP0_SI774,-0.05600200039999825
MMRP0_SX144,-0.10444365698715737
MMRP0_SX234,-0.07384533040663775
MMRP0_SX324,-0.04105811193585396
MMRP0_SX414,-0.03205964394978115
MMRP0_SX54,-0.06714099645614624
MMSM0_SI1106,-5.884378032501916e-07
MMSM0_SI1736,-0.06431566874186198
MMSM0_SI476,-1.4045777229162363e-06
MMSM0_SX116,-0.08607290409229419
MMSM0_SX206,-0.027766287326812744
MMSM0_SX26,-0.07751841015285915
MMSM0_SX296,-0.046679539812935725
MMSM0_SX386,-0.06877849896748861
MMVP0_SI1284,-0.07127780749880035
MMVP0_SI1914,-0.14820787641737196
MMVP0_SI654,-0.106638396995655
MMVP0_SX114,-0.06907640921102988
MMVP0_SX204,-0.11179091713645241
MMVP0_SX294,-0.11763342495622306
MMVP0_SX347,-0.09395808378855387
MMVP0_SX384,-0.17083681954277885
MMWB0_SI1619,-0.07429850101470947
MMWB0_SI2249,-0.06239686806996663
MMWB0_SI989,-1.0552374940169484e-06
MMWB0_SX179,-0.059162463897313826
MMWB0_SX269,-0.04491390926497323
MMWB0_SX359,-0.022086433742357338
MMWB0_SX449,-6.312381147461779e-07
MMWB0_SX89,-0.05851411819458008
MMWS0_SI1518,-0.11675026837517233
MMWS0_SI559,-0.10757330656051636
MMWS0_SI888,-0.04228127324903334
MMWS0_SX168,-0.1660620548107006
MMWS0_SX258,-0.08912406949435964
MMWS0_SX348,-0.051957024468315974
MMWS0_SX438,-0.07470643520355225
MMWS0_SX78,-0.14574818177656693
MMWS1_SI1071,-0.052402308646668776
MMWS1_SI1701,-0.07761574472699846
MMWS1_SI2331,-7.734909104328835e-07
MMWS1_SX261,-0.11479450265566508
MMWS1_SX27,-0.026613993644714354
MMWS1_SX351,-0.03971745359136703
MMWS1_SX441,-4.5696899380547825e-07
MMWS1_SX81,-3.0512544044265244e-07
MMXS0_SI2136,-0.028707581407883587
MMXS0_SI629,-0.07010891477940447
MMXS0_SI876,-8.861857673360241e-07
MMXS0_SX156,-0.04977660829370672
MMXS0_SX246,-0.045329209168752035
MMXS0_SX336,-0.039878363962526676
MMXS0_SX426,-0.09698115812765586
MMXS0_SX66,-0.04396877739880536
MNET0_SI1446,-0.08440659181127008
MNET0_SI2076,-0.10084698511206586
MNET0_SI816,-0.08482025798998381
MNET0_SX186,-0.06483554429021375
MNET0_SX276,-0.05896157771348953
MNET0_SX366,-0.07829227634504729
MNET0_SX6,-0.09615957736968994
MNET0_SX96,-0.13487782743242052
MNTW0_SI1068,-0.07210020291603218
MNTW0_SI1698,-0.06371081316912616
MNTW0_SI2328,-0.11005315610340663
MNTW0_SX168,-0.08835284798233597
MNTW0_SX202,-0.1178959846496582
MNTW0_SX258,-0.09918392026746595
MNTW0_SX348,-0.13188463991338556
MNTW0_SX78,-5.476176738739014e-07
MPAR0_SI1576,-0.057240801699021286
MPAR0_SI2206,-0.10246402812453936
MPAR0_SI946,-1.6824119751725128e-06
MPAR0_SX136,-9.600212491166434e-07
MPAR0_SX226,-0.052197619182307545
MPAR0_SX316,-2.2464889972921343e-06
MPAR0_SX406,-0.08935676150851779
MPAR0_SX46,-0.06203677036144115
MPEB0_SI1034,-0.04492245849810148
MPEB0_SI1860,-6.768070554905783e-07
MPEB0_SI600,-0.06855991103432395
MPEB0_SX150,-0.06315865055207283
MPEB0_SX240,-0.05879465341567993
MPEB0_SX330,-0.10707858989113256
MPEB0_SX420,-0.08717002868652343
MPEB0_SX60,-1.418215243523624e-06
MPFU0_SI1258,-0.09252451426947295
MPFU0_SI1888,-0.20287956510271346
MPFU0_SI628,-3.7125340013793022e-06
MPFU0_SX178,-0.07095492587370031
MPFU0_SX268,-1.3189720596338428e-06
MPFU0_SX358,-0.07471426840751402
MPFU0_SX448,-1.2831296771764755e-06
MPFU0_SX88,-2.0506956890149383e-06
MPGH0_SI1554,-0.03736493449944716
MPGH0_SI675,-0.08916800022125244
MPGH0_SI924,-1.5356239270080219e-07
MPGH0_SX114,-0.04753752188249068
MPGH0_SX204,-0.0632747757819391
MPGH0_SX24,-0.11446861993698847
MPGH0_SX294,-0.04514111791338239
MPGH0_SX384,-0.10424540042877198
MPGR0_SI1410,-0.07520776324801975
MPGR0_SI2040,-0.03883204857508341
MPGR0_SI780,-0.09476303100585938
MPGR0_SX150,-7.374212145805358e-07
MPGR0_SX240,-0.06532944121011873
MPGR0_SX330,-0.06529523230887749
MPGR0_SX420,-0.0604911380343967
MPGR0_SX60,-0.017195183038711547
MPGR1_SI1269,-0.059197998046875
MPGR1_SI1499,-0.03443029470611037
MPGR1_SI2129,-0.04035252646396035
MPGR1_SX149,-0.09237983952397885
MPGR1_SX239,-9.271715368543352e-07
MPGR1_SX329,-0.059135304047511175
MPGR1_SX419,-0.06004850731955634
MPGR1_SX59,-0.06616513729095459
MPMB0_SI1501,-0.11265105827181947
MPMB0_SI2131,-0.08013190163506402
MPMB0_SI871,-0.08083713682074296
MPMB0_SX151,-0.12235249305257992
MPMB0_SX241,-0.06250665404579857
MPMB0_SX331,-0.08652181485119988
MPMB0_SX421,-0.10378283423346442
MPMB0_SX61,-0.036567953725655876
MPPC0_SI1412,-0.041229408234357834
MPPC0_SI2042,-0.07403939420526678
MPPC0_SI782,-0.04756380211223255
MPPC0_SX152,-0.06582914590835572
MPPC0_SX242,-0.11019176907009548
MPPC0_SX332,-2.77445429847354e-07
MPPC0_SX422,-0.07193861603736877
MPPC0_SX62,-0.04124898134275924
MPRB0_SI1205,-0.04287534759890649
MPRB0_SI1215,-0.11989923693099112
MPRB0_SI575,-0.08941572362726385
MPRB0_SX125,-0.06448165269998404
MPRB0_SX215,-0.08921810984611511
MPRB0_SX305,-2.494951089223226e-06
MPRB0_SX35,-1.3951212167739868e-06
MPRB0_SX395,-0.059965872183078674
MPRD0_SI1431,-0.03153856595357259
MPRD0_SI2061,-0.08843868970870972
MPRD0_SI801,-0.06406239743502636
MPRD0_SX171,-0.08438306384616429
MPRD0_SX261,-0.13101980090141296
MPRD0_SX351,-0.08024479904953315
MPRD0_SX441,-3.2615896902586285e-07
MPRD0_SX81,-0.13104098183768137
MPRK0_SI1097,-0.05426279164976993
MPRK0_SI1727,-0.14240000247955323
MPRK0_SI467,-0.028561240018800248
MPRK0_SX107,-0.013998564746644761
MPRK0_SX17,-0.11621260643005371
MPRK0_SX197,-0.06859084963798523
MPRK0_SX287,-0.0654964029788971
MPRK0_SX377,-0.06716054394131615
MPRT0_SI1210,-0.05934062094058631
MPRT0_SI495,-0.06246177355448405
MPRT0_SI580,-0.04112711921334267
MPRT0_SX130,-9.43038744040795e-07
MPRT0_SX220,-9.848945216830582e-07
MPRT0_SX310,-0.08604007608750287
MPRT0_SX40,-1.1278562144272858e-06
MPRT0_SX400,-0.08057246786175352
MPSW0_SI1067,-0.11114332956426284
MPSW0_SI1697,-0.06709659390333222
MPSW0_SI2327,-0.04373473134534112
MPSW0_SX167,-0.12158095318338145
MPSW0_SX24,-0.08222727548508417
MPSW0_SX257,-0.028358827937733044
MPSW0_SX437,-0.07395441678105569
MPSW0_SX77,-0.038414706786473594
MRAB0_SI1224,-0.04246901582788538
MRAB0_SI1854,-0.10338036219278972
MRAB0_SI594,-0.08467405775318974
MRAB0_SX144,-0.07084492047627768
MRAB0_SX234,-0.02957919053733349
MRAB0_SX324,-1.1065590476232861e-06
MRAB0_SX414,-0.023386030662350538
MRAB0_SX54,5.505151218838162e-08
MRAB1_SI1478,-0.04479829470316569
MRAB1_SI2108,-1.1589792039659287e-06
MRAB1_SI848,-0.08487726470171394
MRAB1_SX128,-0.10726810384679723
MRAB1_SX218,-0.04459750368481591
MRAB1_SX308,-0.03920118598377004
MRAB1_SX38,-0.057176771618071054
MRAB1_SX398,-0.04497600987900135
MRAI0_SI1954,-0.0671920145259184
MRAI0_SI2052,-0.04540928623132538
MRAI0_SI792,-0.12538314315507998
MRAI0_SX162,-0.06963657587766647
MRAI0_SX252,-0.05240840984113289
MRAI0_SX342,-0.057739860133120886
MRAI0_SX432,-0.048994097709655765
MRAI0_SX72,-0.04988463108356182
MRAM0_SI1275,-0.09753708158220564
MRAM0_SI1905,-4.06711037750497e-07
MRAM0_SI1951,-0.05627727508544922
MRAM0_SX105,-5.324495319772752e-07
MRAM0_SX15,-0.0669546399797712
MRAM0_SX195,-0.09970213969548543
MRAM0_SX285,-0.05802776533014634
MRAM0_SX375,-0.0688477540627504
MRAV0_SI1008,-0.048907306790351865
MRAV0_SI1638,-0.06427086889743805
MRAV0_SI2268,-0.053366548136660925
MRAV0_SX108,-0.07320806142446157
MRAV0_SX18,-0.130599852531187
MRAV0_SX198,-0.09403554854854461
MRAV0_SX288,-0.08508233136908952
MRAV0_SX378,-0.09204298410660182
MRBC0_SI1665,-0.10334038734436035
MRBC0_SI1859,-0.11739931106567383
MRBC0_SI599,-1.8256400019312516e-06
MRBC0_SX149,-0.0928959846496582
MRBC0_SX239,-0.03521357355891047
MRBC0_SX329,-0.03516089682485543
MRBC0_SX419,-0.0512604368360419
MRBC0_SX59,-0.08076587677001953
MRCG0_SI1428,-0.11935871647250268
MRCG0_SI2058,-0.10983080612985711
MRCG0_SI798,-0.08299020620492789
MRCG0_SX168,-0.08683225843641493
MRCG0_SX258,-0.07950740247159391
MRCG0_SX348,-0.0684198538462321
MRCG0_SX438,-0.05551750319344657
MRCG0_SX78,-0.05085281402834
MRCW0_SI1371,-0.1184229850769043
MRCW0_SI2001,-0.07490014448398497
MRCW0_SI741,-0.06640752417142273
MRCW0_SX111,-5.813379739892894e-07
MRCW0_SX201,-0.05241885525839669
MRCW0_SX21,-0.12088232040405274
MRCW0_SX291,-0.05822828412055969
MRCW0_SX381,-2.0090894771595326e-07
MRDD0_SI1050,-0.0801443186673251
MRDD0_SI1680,-0.055278629064559937
MRDD0_SI2310,-0.11253801981608073
MRDD0_SX150,-0.03267818497073266
MRDD0_SX240,-0.049115991592407225
MRDD0_SX277,-0.059929341077804565
MRDD0_SX330,-0.11007556915283204
MRDD0_SX60,-0.028915704421277316
MRDM0_SI1044,-0.08076051622629166
MRDM0_SI1595,-0.07312022050221761
MRDM0_SI965,-0.11368897466948538
MRDM0_SX155,-0.060522968118840996
MRDM0_SX245,-0.03428584975855691
MRDM0_SX335,-0.06672872630032627
MRDM0_SX425,-0.03234744954992224
MRDM0_SX65,-0.06865022259373818
MRDS0_SI1167,-0.052991399398216836
MRDS0_SI1797,-0.10094937872379384
MRDS0_SI537,-0.07562916965807899
MRDS0_SX177,-1.0728836059570312e-06
MRDS0_SX267,-0.1364791457717483
MRDS0_SX357,-0.08267477939003393
MRDS0_SX447,-1.8759164959192276e-06
MRDS0_SX87,-0.02115227056272102
MREE0_SI1104,-0.12085076629138383
MREE0_SI1734,-0.051311401759876925
MREE0_SI1959,-0.07208675449177371
MREE0_SX114,-0.12749509553651553
MREE0_SX204,-0.08252629366787997
MREE0_SX24,-0.11517634599105171
MREE0_SX294,-0.027289548824573386
MREE0_SX384,-0.09723600387573242
MREH1_SI1599,-0.08414532588078426
MREH1_SI2229,-0.09304409821828206
MREH1_SI969,-0.04716536733839247
MREH1_SX159,-0.06198714908800627
MREH1_SX249,-0.04677167892456055
MREH1_SX339,-0.10011156912772887
MREH1_SX429,-8.48168773310525e-07
MREH1_SX69,-0.1101801594098409
MREM0_SI1591,-0.0441211462020874
MREM0_SI511,-0.06972108568464007
MREM0_SI961,-0.07986160586862003
MREM0_SX151,-0.0939290894402398
MREM0_SX241,-0.08581514069528291
MREM0_SX331,-0.07984792484956629
MREM0_SX421,-0.11530437734391955
MREM0_SX61,-0.06450512534693668
MREW1_SI1500,-0.10192357831531101
MREW1_SI2130,-0.09625381628672282
MREW1_SI870,-0.08030713122823964
MREW1_SX150,-1.078935677088016e-06
MREW1_SX240,-2.3236079869093373e-07
MREW1_SX330,-0.10284095197110563
MREW1_SX420,-0.07950555241626242
MREW1_SX60,-0.0496061923457127
MRFK0_SI1076,-0.035708250744002204
MRFK0_SI1706,-0.010848877222641655
MRFK0_SI2336,-0.09834072987238567
MRFK0_SX176,-0.07089758377808791
MRFK0_SX266,-0.043112306759275236
MRFK0_SX356,-0.04506773087713453
MRFK0_SX446,-4.061432771904524e-07
MRFK0_SX86,-3.7641075323335826e-07
MRFL0_SI1156,-0.061592704371402136
MRFL0_SI1786,-0.05131816267967224
MRFL0_SI526,-0.05270186162764026
MRFL0_SX166,-0.053219003336770196
MRFL0_SX256,-0.08064273744821548
MRFL0_SX346,-0.05735781400100044
MRFL0_SX436,-0.07741856575012207
MRFL0_SX76,-0.07620530128479004
MRGM0_SI1162,-0.04942479500403771
MRGM0_SI1792,-0.05784702928442704
MRGM0_SI532,-0.034269326499530246
MRGM0_SX172,-0.14178181857597538
MRGM0_SX262,-0.058952693144480386
MRGM0_SX416,-0.0862108377309946
MRGM0_SX442,-0.09081939856211345
MRGM0_SX82,-0.10728132023530848
MRGS0_SI1356,-0.059824803779865134
MRGS0_SI1986,-0.037005011240641275
MRGS0_SI726,-0.08513576408912396
MRGS0_SX186,-0.03890241958476879
MRGS0_SX276,-0.07230903885581276
MRGS0_SX366,-0.040387817457610484
MRGS0_SX6,-0.12382612228393555
MRGS0_SX96,-0.05275726980633206
MRHL0_SI1515,-0.0996292233467102
MRHL0_SI2145,-1.979088320412898e-06
MRHL0_SI885,-0.07062541566243986
MRHL0_SX165,-2.124910256392214e-06
MRHL0_SX255,-0.09665057939641616
MRHL0_SX345,-0.1060340404510498
MRHL0_SX435,-0.048823955107708365
MRHL0_SX75,8.768401282092478e-08
MRJB1_SI1020,-0.03600864152650576
MRJB1_SI1413,-0.047568152501032905
MRJB1_SI2021,-0.05894948818065502
MRJB1_SX120,-0.07707612942426632
MRJB1_SX210,-0.07423966407775878
MRJB1_SX30,-1.0397920609998087e-06
MRJB1_SX300,-8.678962958270106e-07
MRJB1_SX390,-0.03953727838155385
MRJH0_SI1519,-0.0494542449128394
MRJH0_SI889,-0.06969493740009812
MRJH0_SI914,-0.13004910945892334
MRJH0_SX169,-0.09052284928255303
MRJH0_SX259,-0.08081827759742737
MRJH0_SX307,-0.018238383531570434
MRJH0_SX439,-0.09035296135760368
MRJH0_SX79,-0.03739790218632396
MRJM0_SI1095,-1.1050241300836204e-06
MRJM0_SI1228,-0.1174777348836263
MRJM0_SI1858,-0.08065481807874597
MRJM0_SX148,-0.09765299590858253
MRJM0_SX238,-7.115120656396214e-08
MRJM0_SX328,-0.09844525316928296
MRJM0_SX418,-0.08770630955696106
MRJM0_SX58,-4.930929704145952e-07
MRJM1_SI1298,-0.06020652094194966
MRJM1_SI1928,-0.0786812702814738
MRJM1_SI668,-0.060766436836936256
MRJM1_SX128,-0.04563376197108516
MRJM1_SX218,-0.04195200502872467
MRJM1_SX308,-0.07239052322175768
MRJM1_SX38,-6.755193074544271e-07
MRJM1_SX398,-0.049777590951254204
MRJT0_SI1498,-0.06814899200048202
MRJT0_SI1805,-0.06956143379211426
MRJT0_SI868,-0.07854329386065083
MRJT0_SX148,-0.07047508213971113
MRJT0_SX238,-0.04125474180494036
MRJT0_SX328,-0.08431802911961332
MRJT0_SX418,-0.07242004871368408
MRJT0_SX58,-0.05964693589643998
MRKM0_SI1267,-1.4556081671463817e-06
MRKM0_SI1391,-0.15332068427134368
MRKM0_SI637,-0.08867300206964666
MRKM0_SX187,-0.1608853680746896
MRKM0_SX277,-0.014279537730746798
MRKM0_SX367,-5.158695678212954e-07
MRKM0_SX7,-0.06188798833776404
MRKM0_SX97,-0.07410290837287903
MRLD0_SI1594,-0.050843501792234534
MRLD0_SI2224,-0.0926582721563486
MRLD0_SI964,-0.04572438357169168
MRLD0_SX154,-5.269310239589575e-07
MRLD0_SX244,-0.12145843959990002
MRLD0_SX334,-0.06482328217605064
MRLD0_SX424,-0.05177265736791822
MRLD0_SX64,-1.309800341807525e-06
MRLJ0_SI1420,-0.03281064935632654
MRLJ0_SI2050,-3.250805955184133e-07
MRLJ0_SI790,-0.06282867987950642
MRLJ0_SX160,-0.061674464316595165
MRLJ0_SX250,-0.06551575660705566
MRLJ0_SX340,-0.08383138426418962
MRLJ0_SX430,-0.02748865148295527
MRLJ0_SX70,1.876614161036824e-07
MRLJ1_SI1671,-0.06628363782709296
MRLJ1_SI2301,-0.0709861675898234
MRLJ1_SI2332,-0.015320306022961935
MRLJ1_SX141,-0.024334854009200116
MRLJ1_SX231,-0.09598301757465709
MRLJ1_SX321,-0.07050428291161855
MRLJ1_SX411,-0.07109732031822205
MRLJ1_SX51,-1.331620740352153e-06
MRLK0_SI1468,-0.05380697719386367
MRLK0_SI2140,-0.09319333519254412
MRLK0_SI843,-0.05576440266200474
MRLK0_SX123,-0.08501282419477191
MRLK0_SX213,-0.09418046089910692
MRLK0_SX303,-0.14319721290043422
MRLK0_SX33,-0.05818682332192698
MRLK0_SX393,-0.08571587070342034
MRLR0_SI1196,-1.332073500662139e-06
MRLR0_SI1826,-0.035030545507158554
MRLR0_SI566,-0.0735792196713961
MRLR0_SX116,-0.07667400919157884
MRLR0_SX206,-0.10633962154388428
MRLR0_SX26,-0.051276830526498646
MRLR0_SX296,-0.06677022401024313
MRLR0_SX386,-0.095223035131182
MRMB0_SI1581,-0.06792569804835964
MRMB0_SI2211,-0.05104728178544478
MRMB0_SI951,-0.05298435025744968
MRMB0_SX141,-0.025805475811163586
MRMB0_SX231,-0.0998389224211375
MRMB0_SX321,-0.06595171822441949
MRMB0_SX411,-0.09866921718303974
MRMB0_SX51,-0.05731919335155952
MRMG0_SI1080,-0.07597334945903104
MRMG0_SI1710,-0.053248693866114465
MRMG0_SI2340,-0.04728471979181817
MRMG0_SX180,-0.03347671031951904
MRMG0_SX270,-0.04477158933877945
MRMG0_SX360,-0.053200192749500275
MRMG0_SX450,-0.09436723589897156
MRMG0_SX90,-0.014893791675567626
MRMH0_SI1021,-0.05637491207856398
MRMH0_SI1349,-0.054562445344596075
MRMH0_SI2281,-7.706029074532645e-07
MRMH0_SX121,-0.02083424727121989
MRMH0_SX211,-0.13519791400793826
MRMH0_SX301,-0.042429373071000386
MRMH0_SX31,-3.092702374690109e-07
MRMH0_SX391,-0.0969436294154117
MRML0_SI1421,-0.06502235412597657
MRML0_SI2051,-0.10167473203995649
MRML0_SI791,-0.08750125133630002
MRML0_SX161,-0.08405230595515324
MRML0_SX251,-0.07250893115997314
MRML0_SX341,-0.060072620709737144
MRML0_SX431,-0.09375269753592355
MRML0_SX71,-0.10139181696135423
MRMS0_SI1113,-0.07497142923289332
MRMS0_SI2057,-0.02487825353940328
MRMS0_SI2100,-0.15840079103197371
MRMS0_SX120,-0.07385179655892508
MRMS0_SX210,-0.0554179048538208
MRMS0_SX30,-6.247987039387226e-07
MRMS0_SX300,-0.10649244873612015
MRMS0_SX390,-1.2123024421989134e-06
MRPC1_SI1482,-0.0591612146014259
MRPC1_SI2026,-6.007877263155851e-07
MRPC1_SI2112,-0.08009953358594109
MRPC1_SX132,-0.04913305875026819
MRPC1_SX222,-0.04444665610790253
MRPC1_SX312,-0.0763331342626501
MRPC1_SX402,-0.010992375202476978
MRPC1_SX42,-0.04713543256123861
MRRE0_SI1334,-0.06394012535319608
MRRE0_SI704,-0.09857411945567411
MRRE0_SI952,-0.05281607688419403
MRRE0_SX164,-0.0509559260474311
MRRE0_SX254,-0.11585774629012398
MRRE0_SX344,-0.1195273494720459
MRRE0_SX434,-0.05870809725352696
MRRE0_SX74,-9.939041254775866e-07
MRSO0_SI1206,-0.08705679315035461
MRSO0_SI1659,-0.10962795548968846
MRSO0_SI2289,-0.03359183957499842
MRSO0_SX129,-0.08881851722454202
MRSO0_SX219,-0.11671279777180064
MRSO0_SX309,-0.06904729982701743
MRSO0_SX39,-0.04135223132808034
MRSO0_SX399,-0.10435941142420616
MRSP0_SI1429,-0.14225433718773625
MRSP0_SI2059,-0.0760261595249176
MRSP0_SI799,-0.10850079357624054
MRSP0_SX169,-0.06969968477884929
MRSP0_SX196,-0.07525966167449952
MRSP0_SX259,-0.060783725035818
MRSP0_SX439,-0.0677981013837068
MRSP0_SX79,-0.044120782613754274
MRTC0_SI1458,-0.06110358605018029
MRTC0_SI2088,-0.08341622352600098
MRTC0_SI828,-0.05890069136748443
MRTC0_SX108,-9.132692447075477e-07
MRTC0_SX18,-0.10492446345667686
MRTC0_SX198,-0.09788342316945393
MRTC0_SX288,-0.14717130882795468
MRTC0_SX378,-0.010084039125687037
MRTJ0_SI1551,-0.07906358014969599
MRTJ0_SI2032,-5.614965630229563e-07
MRTJ0_SI772,-0.060275526841481526
MRTJ0_SX142,-0.06529365344481035
MRTJ0_SX232,-0.05991569625006782
MRTJ0_SX322,-0.09174562223029858
MRTJ0_SX412,-0.09264799681576816
MRTJ0_SX52,-0.044221928779115065
MRVG0_SI1140,-0.023484311997890472
MRVG0_SI1770,-0.09704852873279203
MRVG0_SI510,-0.033793979569485315
MRVG0_SX150,-0.057253056559069405
MRVG0_SX240,-6.233857601654489e-07
MRVG0_SX330,-0.06755720906787449
MRVG0_SX420,-0.08597419617023874
MRVG0_SX60,-0.05688286304473877
MRWA0_SI1603,-8.666501214195575e-07
MRWA0_SI2233,-0.10748155726942905
MRWA0_SI973,-0.09875250563902013
MRWA0_SX163,-0.013740404656058863
MRWA0_SX253,-0.050102524757385254
MRWA0_SX343,-0.02986113137977068
MRWA0_SX433,-0.0284351905186971
MRWA0_SX73,-3.654853129331526e-07
MRWS0_SI1102,-0.046282756896246044
MRWS0_SI1732,-0.051534408872777764
MRWS0_SI472,-0.11398506164550781
MRWS0_SX112,-0.07999974138596479
MRWS0_SX202,-2.1789911324563233e-07
MRWS0_SX22,-0.06903273718697685
MRWS0_SX292,-0.13346965114275613
MRWS0_SX382,-0.07401952743530274
MRXB0_SI1585,-1.2586824595928192e-06
MRXB0_SI2215,-0.06053210868210089
MRXB0_SI955,-0.06793032559481534
MRXB0_SX145,-0.07195720305809608
MRXB0_SX235,-0.05358400838128451
MRXB0_SX325,-0.0954240049634661
MRXB0_SX415,-0.11200633313920763
MRXB0_SX55,-0.10473605089409407
MSAH1_SI1049,-0.09172641529756434
MSAH1_SI1679,-4.887850991508458e-07
MSAH1_SI2309,-0.0939759835600853
MSAH1_SX149,-0.047722687323888145
MSAH1_SX239,-0.10738019810782538
MSAH1_SX329,-0.0745965904659695
MSAH1_SX419,-0.056647732451155376
MSAH1_SX59,-0.043788750966389976
MSAS0_SI1376,-0.06414984233343779
MSAS0_SI2006,-0.042680949875802704
MSAS0_SI746,-0.05331856608390808
MSAS0_SX116,-0.09354993013235238
MSAS0_SX206,-0.05356432751911443
MSAS0_SX26,-0.17823371520409217
MSAS0_SX296,-0.04689345576546409
MSAS0_SX386,-0.13886096559721847
MSAT0_SI1526,-0.14142975313910122
MSAT0_SI2156,-0.07437896066241795
MSAT0_SI896,-0.05724968910217285
MSAT0_SX176,-0.03281849744368573
MSAT0_SX266,-0.03458014438892233
MSAT0_SX356,-0.05265729086739676
MSAT0_SX446,-1.1986348687148675e-06
MSAT0_SX86,-0.06564760208129883
MSAT1_SI1073,-0.15903167163624482
MSAT1_SI1703,-0.05837820154247862
MSAT1_SI2333,-0.06498560484717875
MSAT1_SX173,-0.08709321022033692
MSAT1_SX263,-2.1018778560184207e-06
MSAT1_SX353,-0.12712233861287434
MSAT1_SX443,-0.029972340379442488
MSAT1_SX83,-0.06532138586044312
MSDB0_SI1007,-0.0466242370934322
MSDB0_SI1637,-0.045837752280696746
MSDB0_SI2267,-0.048994729013154
MSDB0_SX107,-2.254256590579947e-06
MSDB0_SX17,-0.11130200624465943
MSDB0_SX197,-9.295409836340696e-07
MSDB0_SX287,-6.464474341448616e-09
MSDB0_SX377,-1.5890395260589102e-07
MSDH0_SI2113,-0.08578091462453206
MSDH0_SI2240,-0.017596825173026638
MSDH0_SI980,-0.043060788741478555
MSDH0_SX170,-0.07961548291719876
MSDH0_SX260,-2.766709723978349e-07
MSDH0_SX350,-0.05848995520144093
MSDH0_SX440,-0.11117724009922572
MSDH0_SX80,-1.6084439786417143e-06
MSDS0_SI1077,-0.10238940715789795
MSDS0_SI1707,-0.035015490319993764
MSDS0_SI2337,-0.05999719735347864
MSDS0_SX177,-0.09718827100900504
MSDS0_SX267,-0.13747205489721054
MSDS0_SX357,-0.04768199455447313
MSDS0_SX447,-0.06629559993743897
MSDS0_SX87,-0.06486103113959818
MSEM1_SI1440,-0.11847952433994838
MSEM1_SI2070,-0.05611596568938224
MSEM1_SI810,-0.07779761403799057
MSEM1_SX180,-0.037696646319495306
MSEM1_SX270,-0.019302621964485414
MSEM1_SX360,-0.07015451308219664
MSEM1_SX450,-0.043650399083676544
MSEM1_SX90,-0.10316276550292969
MSES0_SI1589,-0.049919307231903076
MSES0_SI2216,-0.06898723542690277
MSES0_SI2219,-0.05546133915583293
MSES0_SX149,-0.09397282070583768
MSES0_SX239,-0.1248518535069057
MSES0_SX329,-0.04399623320652889
MSES0_SX419,-0.07149229178557524
MSES0_SX59,-0.0435570627450943
MSFH0_SI1216,-0.08619855880737305
MSFH0_SI1738,-0.09672699524806096
MSFH0_SI586,-0.10857726633548737
MSFH0_SX136,-0.12874466765160655
MSFH0_SX226,-0.07019452253977458
MSFH0_SX316,-0.08416473014014107
MSFH0_SX406,-0.08086010750303878
MSFH0_SX46,-0.09267079445623583
MSFV0_SI1262,-0.11143508411589123
MSFV0_SI1892,-0.12201120687085529
MSFV0_SI632,-0.0847130052505001
MSFV0_SX182,-0.13124599664107614
MSFV0_SX272,-0.0878532021133988
MSFV0_SX362,-0.07141142667726029
MSFV0_SX452,-0.06907255753226903
MSFV0_SX92,-0.09782184192112514
MSJK0_SI1596,-0.07089861234029134
MSJK0_SI2226,-0.1224734691473154
MSJK0_SI966,-0.0631568431854248
MSJK0_SX156,-0.09142662178386342
MSJK0_SX246,-8.152319130585379e-07
MSJK0_SX336,-0.06618509726090864
MSJK0_SX426,-0.06336711582384612
MSJK0_SX66,-0.055203917953703135
MSMC0_SI1907,-0.11401741951704025
MSMC0_SI509,-0.07125007910806624
MSMC0_SI647,-0.12980363104078504
MSMC0_SX107,-0.033446437782711454
MSMC0_SX17,-0.19792466163635253
MSMC0_SX197,-0.06933039923508962
MSMC0_SX287,-0.018926021299864117
MSMC0_SX377,-0.12104321689140506
MSMR0_SI1150,-2.113109018417105e-06
MSMR0_SI1405,-0.07074926048517227
MSMR0_SI775,-0.057771180615280616
MSMR0_SX145,-8.364877430722117e-07
MSMR0_SX235,-0.050008646373091076
MSMR0_SX325,-0.0844933795928955
MSMR0_SX415,-0.055171511389992454
MSMR0_SX55,-3.5595024578137004e-06
MSMS0_SI1433,-0.05119704833397498
MSMS0_SI2063,-1.1217780411243439e-06
MSMS0_SI803,-0.044348986943562825
MSMS0_SX173,-0.0518424003682238
MSMS0_SX263,-0.06622396622385297
MSMS0_SX353,-0.06922866452124811
MSMS0_SX443,-0.1122048887713202
MSMS0_SX83,-0.08042078307180693
MSRG0_SI1221,-1.4274284757416823e-06
MSRG0_SI1851,-0.09892984798976354
MSRG0_SI591,-0.08765358584267753
MSRG0_SX141,-7.11910578669334e-07
MSRG0_SX231,-0.037425385280088944
MSRG0_SX321,-0.06824086636913065
MSRG0_SX411,-0.048793232440948485
MSRG0_SX51,-4.2922746194185827e-07
MSRR0_SI1131,-0.02242237504790811
MSRR0_SI1761,-0.08509240960175136
MSRR0_SI501,-0.07202128894993516
MSRR0_SX141,-0.04176595687866211
MSRR0_SX231,-0.10440634597431529
MSRR0_SX30,-8.802970114629716e-07
MSRR0_SX411,-0.05845955701974722
MSRR0_SX51,-1.377510753544894e-06
MSTF0_SI1396,-0.11218734468732561
MSTF0_SI766,-4.2544161260593685e-08
MSTF0_SI852,-0.08109647780656815
MSTF0_SX136,-0.0900722650381235
MSTF0_SX226,-1.2196600437164306e-06
MSTF0_SX316,-1.150882749713893e-06
MSTF0_SX406,-6.963188449541727e-07
MSTF0_SX46,-0.06363712251186371
MSVS0_SI1568,-5.894448961420306e-07
MSVS0_SI2198,-0.05496255975020559
MSVS0_SI938,-0.061887438014402225
MSVS0_SX128,-0.08950482947485787
MSVS0_SX218,-1.1897275163348587e-06
MSVS0_SX308,-0.0870196118074305
MSVS0_SX38,-0.050469829922630674
MSVS0_SX398,-0.04321850935618083
MTAB0_SI1572,-0.10162063078446822
MTAB0_SI2202,-0.08947596698999405
MTAB0_SI942,-0.041825585248993664
MTAB0_SX132,-0.05627418888939752
MTAB0_SX222,-0.08467457890510559
MTAB0_SX312,-0.0705546263990731
MTAB0_SX402,-0.04376784142325906
MTAB0_SX42,-0.04170269735397831
MTAS0_SI1385,-0.07212073462350028
MTAS0_SI2015,-0.08456344787891094
MTAS0_SI755,-0.08924847680169183
MTAS0_SX125,-0.09357443877628871
MTAS0_SX215,-0.09116698713863597
MTAS0_SX305,-0.08901314224515643
MTAS0_SX35,-1.2989967844673785e-06
MTAS0_SX395,-0.1067910875592913
MTAT0_SI1110,-0.06858179999179527
MTAT0_SI1740,-0.08303625155717899
MTAT0_SI811,-0.07102310448362116
MTAT0_SX120,-0.08219810989167955
MTAT0_SX210,-0.05350192546844482
MTAT0_SX30,-5.090236663818359e-07
MTAT0_SX300,-0.04147363150561297
MTAT0_SX390,-0.06439184498142551
MTAT1_SI1409,-0.052975762974132194
MTAT1_SI1627,-0.04293493534389295
MTAT1_SI779,-0.0441316748565098
MTAT1_SX149,-0.06869264125823975
MTAT1_SX239,-5.314675060642028e-07
MTAT1_SX329,-0.0953708842948631
MTAT1_SX419,-0.10698842357944797
MTAT1_SX59,-4.469922194922609e-07
MTBC0_SI1173,-0.0953548272450765
MTBC0_SI1803,-0.05053908684674431
MTBC0_SI543,-0.07530968529837472
MTBC0_SX183,-0.031497557317056966
MTBC0_SX273,-0.09392843707915276
MTBC0_SX347,-0.06984702746073405
MTBC0_SX363,-0.07070925069409748
MTBC0_SX93,-0.06616975784301758
MTCS0_SI1972,-1.7830835921423777e-06
MTCS0_SI2265,-0.10840243559617263
MTCS0_SI712,-0.07554919144202923
MTCS0_SX172,-0.10224217176437378
MTCS0_SX262,-0.08182809429783974
MTCS0_SX352,-0.047391058848454404
MTCS0_SX442,-0.10947360163149626
MTCS0_SX82,-0.017666502910501817
MTDB0_SI1401,-1.3479443847155962e-06
MTDB0_SI2031,-0.05683634831355168
MTDB0_SI771,-0.06274042364026679
MTDB0_SX141,-0.07554679500813387
MTDB0_SX231,-0.1143810207193548
MTDB0_SX321,-0.056061296463012694
MTDB0_SX411,-0.04057544928330641
MTDB0_SX51,-2.2521273335552817e-06
MTDP0_SI1274,-0.09595428194318499
MTDP0_SI1521,-0.12094311360959653
MTDP0_SI2151,-0.09749379029145112
MTDP0_SX171,-0.06836209774017334
MTDP0_SX261,-0.10427289742689866
MTDP0_SX351,-0.12558721093570485
MTDP0_SX441,-0.04894072945053513
MTDP0_SX81,-0.026107679094587055
MTER0_SI1157,-0.07691086083650589
MTER0_SI1787,-0.07777252197265624
MTER0_SI527,-0.07170966267585754
MTER0_SX167,-0.07413007288563009
MTER0_SX17,-0.10660256147384643
MTER0_SX257,-0.024698052406311035
MTER0_SX437,-0.13219445817014006
MTER0_SX77,-0.08024359360719338
MTJG0_SI1520,-0.06919506617954799
MTJG0_SI2157,-0.015884300427777425
MTJG0_SI890,-0.08480832041526327
MTJG0_SX170,-0.09940726940448467
MTJG0_SX260,-0.0650393111365182
MTJG0_SX350,-0.06597298018786373
MTJG0_SX440,-0.11333088080088298
MTJG0_SX80,-0.04506319555742987
MTJM0_SI1226,-0.058771762847900394
MTJM0_SI1856,-0.10827383995056153
MTJM0_SI655,-0.07866510294251523
MTJM0_SX146,-0.037991600878098435
MTJM0_SX236,-0.06532528323511924
MTJM0_SX326,-0.04460118556844777
MTJM0_SX416,-0.0887490643395318
MTJM0_SX56,-0.06282216906547547
MTJS0_SI1192,-5.517154932022095e-07
MTJS0_SI1822,-0.09831920423005756
MTJS0_SI562,-0.060760118922249216
MTJS0_SX112,-0.05497024740491595
MTJS0_SX202,-0.02457520754440971
MTJS0_SX22,-0.018324865400791167
MTJS0_SX292,-4.601113650263572e-07
MTJS0_SX382,-0.0661472243231696
MTJU0_SI2020,-0.09546178181966146
MTJU0_SI2269,-0.12347393830617269
MTJU0_SI760,-1.4936525655106048e-06
MTJU0_SX130,-8.883174208070462e-07
MTJU0_SX220,-0.09027502583522423
MTJU0_SX310,-0.04856092865402634
MTJU0_SX40,-7.076468659277529e-07
MTJU0_SX400,-0.08382682922558907
MTKD0_SI1187,-0.06734628975391388
MTKD0_SI1817,-0.11554866251738174
MTKD0_SI630,-0.05035349630540417
MTKD0_SX107,-1.154286233154503e-06
MTKD0_SX17,-0.1268512487411499
MTKD0_SX197,-0.03785083442926407
MTKD0_SX287,-0.01917027968626756
MTKD0_SX377,-0.10137522220611572
MTKP0_SI1023,-0.06347303679495146
MTKP0_SI2283,-0.09079439856789329
MTKP0_SI454,-0.04707027693926278
MTKP0_SX123,-0.054852092266082765
MTKP0_SX213,-0.056220573537489944
MTKP0_SX303,-0.09151435720509496
MTKP0_SX33,-0.04991427809000015
MTKP0_SX393,-0.021946966648101807
MTLB0_SI1134,-1.376810056778292e-06
MTLB0_SI1764,-4.1061616684601177e-07
MTLB0_SI504,-0.08566066196986608
MTLB0_SX144,-0.09539932409922282
MTLB0_SX234,-0.05968369137157093
MTLB0_SX324,-7.754241008884631e-07
MTLB0_SX414,-1.1762114321222392e-06
MTLB0_SX54,-1.341695441742954e-06
MTLC0_SI1313,-0.08930828387920674
MTLC0_SI1477,-0.07558469038743239
MTLC0_SI847,-0.06747062278516365
MTLC0_SX127,-6.668269634246826e-07
MTLC0_SX217,-0.06953719029059777
MTLC0_SX307,-4.5107762244614685e-07
MTLC0_SX37,-5.175427692692455e-07
MTLC0_SX397,-0.03565152124925093
MTML0_SI1065,-0.10226642724239465
MTML0_SI1695,-0.09871545519147601
MTML0_SI2325,-0.03258292185954559
MTML0_SX165,-0.0667777969723656
MTML0_SX255,-0.03177124803716486
MTML0_SX345,-0.10026973883310954
MTML0_SX435,-0.11271210670471192
MTML0_SX75,-0.04846084886981595
MTMN0_SI1064,-0.0641768319266183
MTMN0_SI2324,-0.07975901024682182
MTMN0_SI582,-0.09367725123529849
MTMN0_SX164,-0.054724636532011484
MTMN0_SX254,-0.07098161137622336
MTMN0_SX344,-0.1606417244130915
MTMN0_SX434,-0.15785455703735352
MTMN0_SX74,-0.04311755474875955
MTMT0_SI1118,-0.07369187401562202
MTMT0_SI1748,-0.036203514127170336
MTMT0_SI488,-0.07181417025052585
MTMT0_SX128,-0.07966362988507306
MTMT0_SX218,-0.06843946093604678
MTMT0_SX308,-0.05474333329634233
MTMT0_SX38,-1.0676349947144361e-06
MTMT0_SX398,-0.06159364093433727
MTPF0_SI1235,-0.06875343525663336
MTPF0_SI1865,-0.05156131766059182
MTPF0_SI605,-0.07158558247453076
MTPF0_SX155,-5.485995643539354e-07
MTPF0_SX245,-0.07252321072987147
MTPF0_SX335,-0.04827621579170227
MTPF0_SX425,-0.06714647511641185
MTPF0_SX65,-7.224664538322638e-07
MTPG0_SI1383,-0.10947893405782766
MTPG0_SI2013,-9.830643345291417e-07
MTPG0_SI753,-0.06868608119124073
MTPG0_SX123,-0.05042974267687116
MTPG0_SX213,-0.09046072959899902
MTPG0_SX303,-0.07687964110538878
MTPG0_SX33,-0.06794684933077905
MTPG0_SX393,-0.07923509857871315
MTPP0_SI1508,-0.05798584222793579
MTPP0_SI2138,-0.12064165418798273
MTPP0_SI878,-3.894997967614068e-07
MTPP0_SX158,-0.05419361149823224
MTPP0_SX248,-0.038362124136516025
MTPP0_SX338,-5.037196584649988e-07
MTPP0_SX428,-8.805288113459634e-07
MTPP0_SX68,-0.05250389435712029
MTPR0_SI1600,-0.07036842797931872
MTPR0_SI2230,-0.07470262795686722
MTPR0_SI506,-4.3809857396852404e-07
MTPR0_SX160,-0.07272868571074112
MTPR0_SX250,-0.07539674563285632
MTPR0_SX340,-0.07252711802721024
MTPR0_SX430,-0.10403736899880801
MTPR0_SX70,-5.075222967813412e-08
MTQC0_SI1441,-0.08501128416794997
MTQC0_SI2071,-0.08187103271484375
MTQC0_SI480,-0.08152279128199039
MTQC0_SX181,-0.09756481901128242
MTQC0_SX271,-0.05220036581158638
MTQC0_SX361,-0.14872410562303331
MTQC0_SX451,-0.09984756918514476
MTQC0_SX91,-0.08688092231750488
MTRC0_SI1623,-1.1827796697616577e-06
MTRC0_SI589,-1.0947327382382355e-06
MTRC0_SI993,-0.0915563702583313
MTRC0_SX170,-0.07912836756025042
MTRC0_SX183,-0.074338855414555
MTRC0_SX273,-0.11299694379170735
MTRC0_SX363,-0.12617424726486207
MTRC0_SX93,-0.06082904815673828
MTRR0_SI1548,-0.05065782864888509
MTRR0_SI2178,-9.763068562649466e-07
MTRR0_SI918,-0.0660274635661732
MTRR0_SX108,-1.1491007171571256e-06
MTRR0_SX18,-0.16000676977223363
MTRR0_SX198,-0.03600176423788071
MTRR0_SX288,-0.030740033748537995
MTRR0_SX378,-0.08111591088144403
MTRT0_SI1227,-0.07820360413913069
MTRT0_SI1857,-0.10387696538652692
MTRT0_SI597,-0.1117772284676047
MTRT0_SX147,-0.06072259516943069
MTRT0_SX237,-0.056484586662716336
MTRT0_SX254,-0.0531728948865618
MTRT0_SX417,-0.05969496965408325
MTRT0_SX57,-1.0019190789711091e-06
MTWH1_SI1512,-5.072603623072306e-07
MTWH1_SI2142,-0.08578453063964844
MTWH1_SI882,-0.06690479069948196
MTWH1_SX162,-0.10405003683907645
MTWH1_SX252,-0.08329024996076312
MTWH1_SX342,-1.319759600871318e-06
MTWH1_SX432,-0.09471909205118816
MTWH1_SX72,-5.877680248684353e-07
MTXS0_SI1060,-0.08512478608351487
MTXS0_SI1690,-0.04293491542339325
MTXS0_SI2320,-0.06313817665494721
MTXS0_SX160,-0.08526855585526447
MTXS0_SX250,-0.08358701279288844
MTXS0_SX340,-0.08266369227705331
MTXS0_SX430,-0.06539939819498265
MTXS0_SX70,-2.1117074148995537e-06
MVJH0_SI1556,-0.11954032250170438
MVJH0_SI2186,-0.08478675819024807
MVJH0_SI926,-2.2841110901051274e-06
MVJH0_SX116,-0.038572148482004805
MVJH0_SX206,-0.04302985072135925
MVJH0_SX26,-0.06952894650972806
MVJH0_SX296,-0.051023062070210776
MVJH0_SX386,-0.05616661425559751
MVLO0_SI1147,-0.05980262335608987
MVLO0_SI1777,-0.15686076028006418
MVLO0_SI517,-0.07053771452470259
MVLO0_SX157,-0.07466689023104581
MVLO0_SX247,-0.08472835763971856
MVLO0_SX337,-0.11210917171679045
MVLO0_SX427,-0.01536603569984436
MVLO0_SX67,-1.0105066521223201e-06
MVRW0_SI1485,-0.0308992923316309
MVRW0_SI2115,-5.949527564409532e-07
MVRW0_SI855,-0.09827260068944983
MVRW0_SX135,-0.07787150686437433
MVRW0_SX225,-0.04771334849871122
MVRW0_SX315,-0.07650456757381044
MVRW0_SX405,-0.10584686199824016
MVRW0_SX45,-0.042204918283404724
MWAC0_SI1601,-0.06749013900756835
MWAC0_SI2231,-0.10311786751998098
MWAC0_SI971,-0.05231652177613357
MWAC0_SX161,-0.09649922896404656
MWAC0_SX251,-0.08861886330370633
MWAC0_SX341,-0.09056094635364621
MWAC0_SX431,-0.13314995084490094
MWAC0_SX71,-0.08097374054693407
MWAD0_SI1062,-5.042555728065434e-07
MWAD0_SI1749,-0.040412455797195435
MWAD0_SI2322,-0.039458103039685416
MWAD0_SX162,-0.042030616601308184
MWAD0_SX252,-1.5683472156524658e-06
MWAD0_SX342,-0.038421170579062566
MWAD0_SX432,-1.984103670660055e-06
MWAD0_SX72,-6.773329501315443e-08
MWAR0_SI1045,-0.059389805389662924
MWAR0_SI1675,-0.07829914594951429
MWAR0_SI2305,-0.07099341021643744
MWAR0_SX145,-0.027776580107839483
MWAR0_SX235,-9.431407369416336e-07
MWAR0_SX325,-0.1793756103515625
MWAR0_SX415,-0.08523239029778375
MWAR0_SX55,-9.08247982253037e-07
MWCH0_SI1622,-0.061530380021958125
MWCH0_SI1895,-0.05539598209517343
MWCH0_SI2252,-0.10520762488955543
MWCH0_SX182,-0.09212840687144887
MWCH0_SX272,-0.07442914009094238
MWCH0_SX362,-0.06554747763134185
MWCH0_SX452,-0.07882307876240123
MWCH0_SX92,-0.04892710727803847
MWDK0_SI1436,-0.03698515083830235
MWDK0_SI2017,-2.7021014830097556e-06
MWDK0_SI806,-0.05636861043817857
MWDK0_SX176,-0.07869074391383751
MWDK0_SX266,-0.041809897268972086
MWDK0_SX356,-0.047889665194920134
MWDK0_SX446,-0.014406490616682099
MWDK0_SX86,-0.04718638658523559
MWEM0_SI1320,-0.062039587232801646
MWEM0_SI1393,-0.02995215728878975
MWEM0_SI1950,-0.07177506923675538
MWEM0_SX150,-0.10591247081756591
MWEM0_SX240,-1.1795533569774738e-06
MWEM0_SX330,-0.11937828553028595
MWEM0_SX420,-0.03937633364808326
MWEM0_SX60,-1.0779931843138244e-06
MWGR0_SI1606,-0.08672411377365524
MWGR0_SI2236,-0.1156571778384122
MWGR0_SI976,-0.04894774357477824
MWGR0_SX166,-0.0638030561907538
MWGR0_SX256,-0.04589753078691887
MWGR0_SX346,-0.03357085196868233
MWGR0_SX436,-7.445504888892174e-07
MWGR0_SX76,-7.259272694538691e-07
MWRE0_SI1057,-0.09454531547350761
MWRE0_SI1687,-0.06371385455131531
MWRE0_SI2317,-6.636847891578717e-07
MWRE0_SX157,-0.10748342010709974
MWRE0_SX247,-0.051008845369021096
MWRE0_SX337,-0.09716059944846413
MWRE0_SX427,-0.040647007800914625
MWRE0_SX67,-0.03757952319251166
MWRP0_SI1443,-1.3902317732572556e-06
MWRP0_SI1525,-0.05549169841565584
MWRP0_SI2073,-0.06920892238616944
MWRP0_SX183,-0.06633127133051554
MWRP0_SX273,-0.09295268981687484
MWRP0_SX3,-0.10932050546010336
MWRP0_SX363,-3.8726085966283624e-07
MWRP0_SX93,-8.40567129974564e-07
MWSB0_SI1626,-0.07643855029139025
MWSB0_SI2256,-0.048348101702603424
MWSB0_SI996,-0.0690930544161329
MWSB0_SX186,-0.05529298232151912
MWSB0_SX276,-0.09204578399658203
MWSB0_SX366,-0.08685863242959077
MWSB0_SX6,-0.03462787248470165
MWSB0_SX96,-0.10268845056232653
MWSH0_SI1426,-0.04175544920421782
MWSH0_SI2266,-0.03802166630824407
MWSH0_SI796,-0.049286916851997375
MWSH0_SX166,-0.04039513437371505
MWSH0_SX256,-0.0621421192631577
MWSH0_SX346,-0.0473683855750344
MWSH0_SX436,-0.03489236285289129
MWSH0_SX76,-0.08631116151809692
MZMB0_SI1166,-8.974693001023141e-07
MZMB0_SI1796,-0.09746075303930986
MZMB0_SI536,-0.08440313555977562
MZMB0_SX176,-0.07363365590572357
MZMB0_SX266,-0.04196784713051536
MZMB0_SX356,-0.07601995600594415
MZMB0_SX446,-1.0747462511062622e-06
MZMB0_SX86,-0.03754458576440811
