MAKR0_SI722,-0.0001727903590482824
MAKR0_SX182,-0.04664736986160278
MAKR0_SX272,-1.336366985924542e-06
MAKR0_SX362,-0.033273949509575254
MAKR0_SX452,-0.05056915283203125
MAKR0_SX92,-9.620505751985492e-05
MAPV0_SI1293,-0.060742151169549854
MAPV0_SI1923,-0.05737309530377388
MAPV0_SI663,-0.028482670369355576
MAPV0_SX123,-0.032564787637619746
MAPV0_SX213,-0.0008220661883101319
MAPV0_SX303,-0.07730368910164669
MAPV0_SX33,-0.07330249095785207
MAPV0_SX393,-0.02955045419580796
MARC0_SI1188,-3.245969613393148e-06
MARC0_SI1818,-0.0012885055194298426
MARC0_SI558,-0.08343686862867705
MARC0_SX108,-1.292814380980821e-05
MARC0_SX18,-0.09632741659879684
MARC0_SX198,-0.008255028165876865
MARC0_SX288,-0.08176255226135254
MARC0_SX378,-0.06830973029136658
MARW0_SI1276,-0.0005872862206565009
MARW0_SI1906,-1.1576060421281943e-05
MARW0_SI646,-0.07679291566212972
MARW0_SX106,-0.12646209398905436
MARW0_SX16,-0.07917262258983794
MARW0_SX286,-0.05224936962127685
MARW0_SX349,-0.04560299317042033
MARW0_SX376,-0.10293946140690853
MBAR0_SI1319,-3.741560725583917e-05
MBAR0_SI1949,-0.00020451058962327594
MBAR0_SI689,-0.09694554408391316
MBAR0_SX149,-0.06113780761251644
MBAR0_SX239,-0.00012451095287414158
MBAR0_SX329,-0.04895136041461297
MBAR0_SX419,-0.0833006613963359
MBAR0_SX59,-0.024633733125833366
MBBR0_SI1055,-0.02583066967950351
MBBR0_SI1685,-2.1305587142705918e-05
MBBR0_SI2315,-0.05802829907490657
MBBR0_SX155,-0.00016903955229493074
MBBR0_SX245,-0.008483750952614678
MBBR0_SX335,-0.0049527297940170556
MBBR0_SX425,-0.0002302093288073173
MBBR0_SX65,-0.0007079662173055112
MBCG0_SI2217,-0.00015682744031602687
MBCG0_SI486,-6.6911654911287455e-06
MBCG0_SI957,-0.060408177199187105
MBCG0_SX147,-0.06444808331931509
MBCG0_SX237,-0.011612773686647416
MBCG0_SX327,-0.020440556786277077
MBCG0_SX417,-0.04697839837325247
MBCG0_SX57,-0.00019805715419352055
MBEF0_SI1281,-0.05379123254255815
MBEF0_SI1911,-0.045249223709106445
MBEF0_SI651,-0.03810098387978294
MBEF0_SX111,-0.025782427617481778
MBEF0_SX201,-0.06336826086044312
MBEF0_SX21,-0.026790320873260498
MBEF0_SX291,-0.07835212061482091
MBEF0_SX381,-2.5049004511072716e-06
MBGT0_SI1341,-8.878161199390888e-05
MBGT0_SI1841,-0.06890073087480333
MBGT0_SI711,-0.00012639318252118622
MBGT0_SX171,-0.0713481993045447
MBGT0_SX261,-0.11326573371887207
MBGT0_SX351,-0.08056382422751569
MBGT0_SX441,-3.350501238192255e-05
MBGT0_SX81,-0.0127316415309906
MBJV0_SI1247,-0.059881253675981
MBJV0_SI1877,-0.08021946107187579
MBJV0_SI617,-0.06032057908865122
MBJV0_SX167,-0.04349127023116402
MBJV0_SX257,-0.04598436256249746
MBJV0_SX347,-0.061642955089437554
MBJV0_SX437,-0.06335868835449218
MBJV0_SX77,-0.056208160188463
MBMA0_SI1222,-0.08923168743357938
MBMA0_SI1852,-0.04672232270240784
MBMA0_SI592,-0.04094017806806063
MBMA0_SX142,-0.0983727520162409
MBMA0_SX232,-0.029905771667307072
MBMA0_SX322,-0.10952380209258109
MBMA0_SX412,-0.05379400696865348
MBMA0_SX52,-0.06990102204409512
MBMA1_SI2207,-0.14493362108866373
MBMA1_SI2214,-0.13744035889120662
MBMA1_SI954,-0.05692779024442037
MBMA1_SX144,-0.09132350981235504
MBMA1_SX234,-3.233595806009629e-05
MBMA1_SX324,-0.009908010562260946
MBMA1_SX414,-0.047054267511135194
MBMA1_SX54,-0.07754506235537321
MBML0_SI1169,-0.024765031039714815
MBML0_SI1799,-0.07042309443155924
MBML0_SI539,-0.1092971298429701
MBML0_SX179,-0.06377821355252652
MBML0_SX269,-2.1382927245992634e-05
MBML0_SX359,-0.04848484463161892
MBML0_SX449,-0.06585905907001902
MBML0_SX89,-0.0907042377135333
MBOM0_SI1014,-0.05884049523551509
MBOM0_SI1644,-0.06997092016812029
MBOM0_SI2274,-4.6702655586036475e-05
MBOM0_SX114,-7.644548659791817e-05
MBOM0_SX204,-0.0020647029722890547
MBOM0_SX294,-9.378867930379408e-06
MBOM0_SX311,-0.08157414197921753
MBOM0_SX384,-0.06704215899757716
MBSB0_SI1353,-0.0002474855123595758
MBSB0_SI1983,-9.224622963780635e-06
MBSB0_SI723,-0.08104204177856446
MBSB0_SX183,-9.995619101183755e-05
MBSB0_SX273,-0.0002535781983671517
MBSB0_SX3,-0.0006582604837603867
MBSB0_SX363,-0.00013413245656660624
MBSB0_SX93,-5.1252543926239014e-05
MBTH0_SI2102,-0.049032939107794514
MBTH0_SI505,-0.0001149216356376807
MBTH0_SI757,-0.07458809443882533
MBTH0_SX122,-0.06141038143888433
MBTH0_SX212,-0.06309655037793246
MBTH0_SX302,-8.331572947402795e-05
MBTH0_SX32,-0.04480824921582196
MBTH0_SX392,-0.03207451956612723
MBWP0_SI1531,-0.00012823442618052164
MBWP0_SI1969,-0.0007920333494742712
MBWP0_SI709,-0.12650835514068604
MBWP0_SX169,-0.049285511637842935
MBWP0_SX259,-0.047628605687940445
MBWP0_SX349,-0.038594238219722625
MBWP0_SX439,-0.031033249788506086
MBWP0_SX79,-0.04085236220132737
MCAE0_SI1447,-0.0012204208869045063
MCAE0_SI2077,-0.08706355649371479
MCAE0_SI817,-0.0704121126068963
MCAE0_SX187,-0.11890097286390222
MCAE0_SX277,-0.08192576811863826
MCAE0_SX367,-0.06742104121616908
MCAE0_SX7,-0.0349434358733041
MCAE0_SX97,-0.07853294187976469
MCAL0_SI1138,-0.06887947718302409
MCAL0_SI1768,-6.255839945792797e-06
MCAL0_SI508,-0.00034642558206211436
MCAL0_SX148,-0.09607559595352565
MCAL0_SX238,-0.002672758988208241
MCAL0_SX328,-0.06949936825296153
MCAL0_SX418,-0.04324503540992737
MCAL0_SX58,-0.07087386779065402
MCDC0_SI1292,-0.07642183159336899
MCDC0_SI1922,-0.10138863901938161
MCDC0_SI662,-0.09607176347212358
MCDC0_SX122,-0.05569086385809857
MCDC0_SX212,-0.059728883033575014
MCDC0_SX302,-0.0926269463130406
MCDC0_SX32,-0.06961538289722644
MCDC0_SX392,-0.06163562730301258
MCDD0_SI1513,-6.837798998906062e-05
MCDD0_SI2143,-0.039941964727459534
MCDD0_SI883,-8.035059037961459e-06
MCDD0_SX163,-5.3980513601689723e-05
MCDD0_SX253,-0.10229067144722774
MCDD0_SX343,-0.05323292346710854
MCDD0_SX433,-6.186823512232581e-05
MCDD0_SX73,-9.76481916088807e-06
MCDR0_SI1154,-0.045035719871520996
MCDR0_SI1784,-0.0563761644196092
MCDR0_SI524,-0.04257346843851024
MCDR0_SX164,-0.04099686372847784
MCDR0_SX254,-0.08519079685211181
MCDR0_SX344,-0.12285388509432475
MCDR0_SX434,-0.02800154685974121
MCDR0_SX74,-0.10685478238498464
MCEF0_SI1135,-0.06160787854875837
MCEF0_SI1765,-0.07527145918677836
MCEF0_SI842,-0.0314793009911814
MCEF0_SX145,-8.975587240079555e-06
MCEF0_SX235,-0.009201807360495291
MCEF0_SX325,-0.05014325563724224
MCEF0_SX415,-0.058240368559553814
MCEF0_SX55,-0.0001881027290987414
MCEW0_SI1442,-0.021645300728934152
MCEW0_SI2072,-0.0786791251877607
MCEW0_SI812,-0.03478891566648322
MCEW0_SX182,-0.06178655510856992
MCEW0_SX272,-0.08066727496959546
MCEW0_SX362,-0.0891193290089452
MCEW0_SX452,-0.060900304628455124
MCEW0_SX92,-0.07590384343091179
MCHL0_SI1347,-0.01253428856531779
MCHL0_SI1404,-0.03950015834120453
MCHL0_SI1977,-0.028189043203989666
MCHL0_SX177,-0.05609285354614258
MCHL0_SX267,-0.04119961326186721
MCHL0_SX357,-0.06756510605683198
MCHL0_SX447,-0.07820429625334563
MCHL0_SX87,-3.3035422816421045e-06
MCLK0_SI1660,-0.08511127365960015
MCLK0_SI2290,-0.09506971185857599
MCLK0_SI650,-0.06705448182962709
MCLK0_SX130,-3.7533395430620978e-06
MCLK0_SX220,-0.006664833852222988
MCLK0_SX310,-0.06063502676346723
MCLK0_SX40,-0.0001668022208226224
MCLK0_SX400,-0.07699663109249538
MCLM0_SI1456,-0.025514105533031708
MCLM0_SI2086,-0.11401117475409257
MCLM0_SI826,-0.03690240257664731
MCLM0_SX106,-0.05430811643600464
MCLM0_SX16,-0.1520263467516218
MCLM0_SX196,-0.08802053332328796
MCLM0_SX286,-0.028849082834580365
MCLM0_SX376,-0.06011668647207865
MCPM0_SI1194,-0.08233680129051209
MCPM0_SI1824,-0.07744075540910687
MCPM0_SI564,-0.07175131277604536
MCPM0_SX114,-0.011879874242318643
MCPM0_SX204,-0.00036317358414332074
MCPM0_SX24,-0.06197844310240312
MCPM0_SX294,-0.04204524021882277
MCPM0_SX384,-0.05578211943308512
MCRE0_SI1121,-0.011701533989030488
MCRE0_SI1725,-0.08473362773656845
MCRE0_SI1751,-0.0654147685842311
MCRE0_SX131,-0.061802520471460676
MCRE0_SX221,-3.332348396292045e-05
MCRE0_SX24,-0.08739004816327776
MCRE0_SX401,-0.05823879364209297
MCRE0_SX41,-0.0006950294971466064
MCSS0_SI1380,-0.05088170100066621
MCSS0_SI688,-0.02731003165245056
MCSS0_SI750,-0.11690990626811981
MCSS0_SX120,-0.09788970045141272
MCSS0_SX210,-1.95467472076416e-05
MCSS0_SX30,-4.047393798828125e-05
MCSS0_SX300,-0.0599268498244109
MCSS0_SX390,-0.05311093396610684
MCTH0_SI1209,-0.04471803017151661
MCTH0_SI1839,-0.08409886807203293
MCTH0_SI579,-0.053128117322921754
MCTH0_SX129,-0.06967216304370336
MCTH0_SX219,-0.025332266376132055
MCTH0_SX309,-0.09700703620910645
MCTH0_SX39,-0.059080455361343015
MCTH0_SX399,-0.08629744628380084
MCTM0_SI1350,-0.06147865815596147
MCTM0_SI1980,-0.06499280929565429
MCTM0_SI720,-0.055497586727142334
MCTM0_SX180,-0.06620456150599889
MCTM0_SX270,-0.023961805528210055
MCTM0_SX360,-0.0007819111549085187
MCTM0_SX450,-0.06284943686591254
MCTM0_SX90,-1.02768341700236e-05
MCXM0_SI1351,-0.07970344358020359
MCXM0_SI1981,-0.09076131820678711
MCXM0_SI721,-0.10412961039049871
MCXM0_SX181,-0.046038987901475696
MCXM0_SX271,-0.09941354919882382
MCXM0_SX361,-0.03714998563130697
MCXM0_SX451,-0.10350063443183899
MCXM0_SX91,-0.0004412130452692509
MDAC0_SI1261,-0.00021684475434132112
MDAC0_SI1837,-0.00027029399342578034
MDAC0_SI631,-7.779618441048315e-05
MDAC0_SX181,-0.05488484463793166
MDAC0_SX271,-0.06034960891261245
MDAC0_SX361,-0.0001545600060905729
MDAC0_SX451,-0.04392143006020404
MDAC0_SX91,-7.257640135247966e-05
MDAS0_SI1266,-0.035099536180496216
MDAS0_SI1896,-0.0012493181074487753
MDAS0_SI636,-0.028107467450593646
MDAS0_SX186,-5.307412021256124e-06
MDAS0_SX21,-0.05989178021748861
MDAS0_SX276,-0.05300597221620621
MDAS0_SX6,-0.0759954309463501
MDAS0_SX96,-2.288742846733815e-05
MDBB1_SI1006,-0.05337966481844584
MDBB1_SI1636,-4.596327646420552e-06
MDBB1_SI2056,-0.04858538683723001
MDBB1_SX106,-0.08784050326193532
MDBB1_SX16,-0.0193227714016324
MDBB1_SX196,-0.031428586869012745
MDBB1_SX286,-0.05237344667023303
MDBB1_SX376,-0.034664075549055894
MDBP0_SI1158,-0.0717283801028603
MDBP0_SI1788,-0.049469975538032
MDBP0_SI528,-0.06842993244980321
MDBP0_SX168,-0.03848653573256273
MDBP0_SX258,-0.04085180633946469
MDBP0_SX348,-0.038415407141049705
MDBP0_SX438,-0.0006857450832338894
MDBP0_SX78,-0.07451114346904139
MDCD0_SI1415,-0.0001845233192717707
MDCD0_SI2045,-0.13072864214579263
MDCD0_SI785,-0.08107125759124756
MDCD0_SX155,-0.09112700020394675
MDCD0_SX245,-0.025384280188330288
MDCD0_SX335,-0.08573571118441495
MDCD0_SX425,-0.007235197971264522
MDCD0_SX65,-0.009198825205526045
MDCM0_SI1480,-0.03880053660908683
MDCM0_SI2110,-0.004681479090299361
MDCM0_SI850,-0.035494166451531486
MDCM0_SX130,-0.03862097955519153
MDCM0_SX220,-0.07253093415118278
MDCM0_SX310,-0.0585867419387355
MDCM0_SX40,-0.03906088670094808
MDCM0_SX400,-0.07059947220054832
MDDC0_SI1419,-0.08117877869378953
MDDC0_SI2049,-0.07597820899065803
MDDC0_SI789,-0.04856090429352551
MDDC0_SX159,-0.00010937890515495569
MDDC0_SX249,-0.0010411303060559125
MDDC0_SX339,-0.062324732542037964
MDDC0_SX429,-1.6174021151822966e-06
MDDC0_SX69,-0.055291909160036026
MDED0_SI1170,-0.0359228379798658
MDED0_SI1800,-0.06486305882853846
MDED0_SI540,-0.0714730200220327
MDED0_SX180,-0.05885434795070339
MDED0_SX270,-3.796370777611931e-05
MDED0_SX360,-0.022425774605043473
MDED0_SX450,-0.060951979955037434
MDED0_SX90,-0.11786111831665039
MDEF0_SI1123,-0.07420095644499126
MDEF0_SI1563,-0.00011001995487793072
MDEF0_SI2193,-0.06127450045417337
MDEF0_SX123,-0.0602560111454555
MDEF0_SX213,-0.0001051764214231122
MDEF0_SX303,-0.0003868491147403364
MDEF0_SX33,-8.37530242279172e-05
MDEF0_SX393,-0.07113931973775228
MDEM0_SI1868,-0.00307146803690837
MDEM0_SI608,-0.07695421245363024
MDEM0_SI800,-0.0003257790437111488
MDEM0_SX158,-0.016005257080341208
MDEM0_SX248,-0.07118418298918626
MDEM0_SX338,-0.03279767280969864
MDEM0_SX428,-5.32132319428704e-05
MDEM0_SX68,-6.09992297761368e-05
MDHL0_SI1439,-0.03604440797458996
MDHL0_SI2069,-0.03416173905134201
MDHL0_SI809,-0.0003798125513099335
MDHL0_SX179,-0.062226866420946624
MDHL0_SX269,-0.0002922857778945139
MDHL0_SX359,-0.0005159549001190397
MDHL0_SX449,-0.0486565801832411
MDHL0_SX89,-1.1687059466364897e-05
MDHS0_SI1530,-0.08658927859682025
MDHS0_SI2160,-1.5226108694656028e-05
MDHS0_SI900,-0.0026343478155987604
MDHS0_SX180,-1.3734227703774677e-05
MDHS0_SX270,-1.7409603441915203e-05
MDHS0_SX360,-0.0010367169255210507
MDHS0_SX450,-0.0035621676039188466
MDHS0_SX90,-1.2532116379588842e-05
MDJM0_SI1455,-0.05112691596150398
MDJM0_SI2085,-0.009073887216417413
MDJM0_SI825,-0.0659307771258884
MDJM0_SX105,-4.4054077079636045e-06
MDJM0_SX15,-0.0489560067653656
MDJM0_SX195,-0.013376149264248934
MDJM0_SX285,-0.11592050256400273
MDJM0_SX375,-0.08748301645604575
MDKS0_SI1066,-0.0003585543321526569
MDKS0_SI1696,-0.030650638300797034
MDKS0_SI2326,-0.057505386631663255
MDKS0_SX166,-0.04589024666816958
MDKS0_SX256,-0.09354675177371863
MDKS0_SX346,-0.052628351717579125
MDKS0_SX436,-0.07413852214813232
MDKS0_SX76,-0.04559760434286935
MDLB0_SI1306,-0.0475531986781529
MDLB0_SI1936,-0.054361605644226076
MDLB0_SI676,-0.000833304768258875
MDLB0_SX136,-0.07743957307603624
MDLB0_SX226,-0.0001850509350853307
MDLB0_SX316,-0.0016564424952556346
MDLB0_SX406,-0.08934137344360352
MDLB0_SX46,-0.025094955198226437
MDLC0_SI1395,-0.06658798275571881
MDLC0_SI2025,-0.061698996502420174
MDLC0_SI765,-0.08842022795426219
MDLC0_SX135,-0.07075885284778684
MDLC0_SX225,-0.07541861357512297
MDLC0_SX315,-0.07306207459548424
MDLC0_SX405,-0.08740071992616395
MDLC0_SX45,-0.052986081689596176
MDLC1_SI1435,-0.04495136199458953
MDLC1_SI2065,-0.06675152778625489
MDLC1_SI2144,-0.03767910173961094
MDLC1_SX175,-0.0286432398217065
MDLC1_SX265,-0.00016939718472330193
MDLC1_SX355,-0.09207112558426396
MDLC1_SX445,-1.9193893032414572e-05
MDLC1_SX85,-0.08110150870154886
MDLC2_SI1614,-1.584291458129883e-05
MDLC2_SI2244,-0.04728840589523316
MDLC2_SI984,-5.270543301271068e-05
MDLC2_SX174,-0.04318929618259646
MDLC2_SX264,-0.0751328291716399
MDLC2_SX354,-0.00037183516791888647
MDLC2_SX444,-0.04756650030612945
MDLC2_SX84,-0.04729496439297994
MDLH0_SI1960,-0.11672557802761302
MDLH0_SI574,-0.03952052541401075
MDLH0_SI700,-0.10731571912765503
MDLH0_SX160,-0.10370951113493546
MDLH0_SX250,-0.08179165766789363
MDLH0_SX340,-0.1088893336634482
MDLH0_SX430,-0.04995407956711789
MDLH0_SX70,-6.190453617212673e-05
MDLM0_SI1234,-0.11120662689208985
MDLM0_SI1864,-0.12796050623843544
MDLM0_SI604,-0.043123483657836914
MDLM0_SX154,-0.1007646769285202
MDLM0_SX244,-5.373154857718363e-06
MDLM0_SX334,-0.02920137345790863
MDLM0_SX424,-0.02806978566305978
MDLM0_SX64,-0.06401487759181432
MDLR0_SI1233,-0.055809855461120605
MDLR0_SI1863,-0.07490232917997572
MDLR0_SI603,-0.06144311553553531
MDLR0_SX153,-0.11006479060396235
MDLR0_SX243,-0.032193963344280534
MDLR0_SX333,-0.04347679615020752
MDLR0_SX423,-0.03218938215919163
MDLR0_SX63,-0.07366224016462053
MDLR1_SI1299,-0.04548395291352884
MDLR1_SI1929,-0.11589578219822474
MDLR1_SI669,-0.06903708832604545
MDLR1_SX129,-0.060677562441144674
MDLR1_SX219,-0.11827038583301362
MDLR1_SX309,-0.05623168723527775
MDLR1_SX39,-1.3424915128520557e-05
MDLR1_SX399,-0.10387723199252424
MDMA0_SI1238,-5.484150633925483e-05
MDMA0_SI1430,-0.036577278061916955
MDMA0_SI2060,-0.0009561449740872239
MDMA0_SX170,-0.0006745499558746815
MDMA0_SX260,-0.046981215476989746
MDMA0_SX350,-0.06739951639759298
MDMA0_SX440,-0.1023715337117513
MDMA0_SX80,-2.0042046283682188e-05
MDMT0_SI1832,-0.00018083206045308283
MDMT0_SI2341,-0.030010700225830078
MDMT0_SI572,-0.05933462619781494
MDMT0_SX122,-0.018627700805664064
MDMT0_SX212,-0.04306641221046448
MDMT0_SX302,-0.08517824751990181
MDMT0_SX32,-0.04196641445159912
MDMT0_SX392,-0.02729336882746497
MDNS0_SI1011,-0.06091914411450996
MDNS0_SI2271,-0.0006066040322184563
MDNS0_SI873,-0.07053582668304444
MDNS0_SX111,-0.049653480129857215
MDNS0_SX201,-0.03445941370886725
MDNS0_SX21,-0.04946494670141311
MDNS0_SX291,-0.08441029576694264
MDNS0_SX381,-0.0011491567617462528
MDPB0_SI1760,-0.08727535211815024
MDPB0_SI2126,-0.03736760983100304
MDPB0_SI866,-0.004573453089286541
MDPB0_SX146,-0.0008046488101417954
MDPB0_SX236,-0.11202303568522136
MDPB0_SX326,-3.794829481867729e-05
MDPB0_SX416,-0.08806338480540685
MDPB0_SX56,-4.5726518714573324e-05
MDPK0_SI1053,-2.0026142010465264e-05
MDPK0_SI1683,-0.0012125437458356222
MDPK0_SI552,-0.028178267180919647
MDPK0_SX153,-0.0001873159979252105
MDPK0_SX243,-0.03983047604560852
MDPK0_SX333,-0.07253170499996263
MDPK0_SX423,-0.0919419993524966
MDPK0_SX63,-0.0004131417525442023
MDPS0_SI1651,-0.08432970046997071
MDPS0_SI1979,-0.03080996086722926
MDPS0_SI719,-0.028465770539783296
MDPS0_SX179,-0.05711938832935534
MDPS0_SX269,-0.04471619214330401
MDPS0_SX359,-0.0003751787874433729
MDPS0_SX449,-0.06278439278298235
MDPS0_SX89,-1.7365233066516954e-06
MDRD0_SI1382,-0.008330482023733633
MDRD0_SI2012,-0.06369792181870033
MDRD0_SI752,-0.07744456900924933
MDRD0_SX122,-0.08240962558322483
MDRD0_SX212,-0.06067812442779541
MDRD0_SX302,-0.0517815907796224
MDRD0_SX32,-0.10660109255048963
MDRD0_SX392,-0.06726179804120745
MDSJ0_SI1462,-0.0017524535457293193
MDSJ0_SI2092,-0.04904574361340753
MDSJ0_SI832,-0.029989683950269543
MDSJ0_SX112,-0.056561974918141085
MDSJ0_SX22,-0.04945745157158893
MDSJ0_SX292,-0.040880778256584614
MDSJ0_SX382,-0.0003116902533090777
MDSJ0_SX438,-0.07420167446136475
MDSS0_SI1881,-0.06778562527436477
MDSS0_SI2087,-0.10813555510147758
MDSS0_SI621,-5.8560185386119665e-05
MDSS0_SX171,-0.050269787128155045
MDSS0_SX261,-0.08116754759912906
MDSS0_SX351,-0.06420506749834333
MDSS0_SX441,-0.046544482310613
MDSS0_SX81,-8.833328528063638e-06
MDSS1_SI1327,-0.10260486602783203
MDSS1_SI1713,-0.11556105052723604
MDSS1_SI697,-0.03972591920332475
MDSS1_SX157,-0.12344294978726295
MDSS1_SX247,-0.0640989596193487
MDSS1_SX337,-0.009094206867991266
MDSS1_SX427,-0.00032598221743548357
MDSS1_SX67,-0.010131625086069107
MDTB0_SI1200,-2.160562467502637e-05
MDTB0_SI1830,-0.04152049889435639
MDTB0_SI570,-0.06841395984996448
MDTB0_SX120,-0.043810778194003634
MDTB0_SX210,-0.04593130588531494
MDTB0_SX300,-0.060755996868528166
MDTB0_SX321,-0.05580790042877197
MDTB0_SX390,-0.0394594198779056
MDWD0_SI1260,-0.07680529080904447
MDWD0_SI1890,-0.041266348050988236
MDWD0_SI557,-3.8480057435877185e-06
MDWD0_SX180,-0.027712199836969376
MDWD0_SX270,-8.878891821950674e-05
MDWD0_SX360,-0.016883629741090717
MDWD0_SX450,-0.00021299844692376527
MDWD0_SX90,-0.06680488109588623
MDWH0_SI1168,-7.641559741536125e-05
MDWH0_SI1925,-0.07414367951844868
MDWH0_SI665,-0.07161038572138007
MDWH0_SX125,-0.0002762257914852213
MDWH0_SX215,-0.086915770092526
MDWH0_SX305,-0.0017354501591574762
MDWH0_SX35,-9.481484691301982e-07
MDWH0_SX395,-0.05198402282519218
MDWM0_SI1546,-0.032423966071184945
MDWM0_SI2176,-6.592266436200589e-05
MDWM0_SI916,-0.06094879627227783
MDWM0_SX106,-0.05340373516082764
MDWM0_SX16,-0.07569227332160586
MDWM0_SX286,-0.008371964973561904
MDWM0_SX376,-4.012991742389958e-05
MDWM0_SX433,-1.7230182753077577e-05
MEAL0_SI1547,-0.07385710307529994
MEAL0_SI2177,-0.08351957096773036
MEAL0_SI917,-2.867344653967655e-05
MEAL0_SX107,-0.0030238754633400175
MEAL0_SX197,-0.06043231983979543
MEAL0_SX287,-0.02324972715642717
MEAL0_SX347,-0.00018532675775614652
MEAL0_SX377,-0.08120921330574231
MEDR0_SI1374,-0.0005628521389820997
MEDR0_SI2004,-5.758780753239989e-05
MEDR0_SI744,-0.001227763234352579
MEDR0_SX114,-0.043788800636927284
MEDR0_SX204,-6.778218812542036e-05
MEDR0_SX24,-0.07888452573256059
MEDR0_SX294,-0.003728964428106944
MEDR0_SX384,-0.05948260556096616
MEFG0_SI465,-0.05588992797967159
MEFG0_SI491,-0.043692708015441895
MEFG0_SI598,-0.057505378536149565
MEFG0_SX105,-1.5572798050319157e-05
MEFG0_SX15,-0.03296322976389239
MEFG0_SX195,-0.027936741709709167
MEFG0_SX285,-0.026038077370873814
MEFG0_SX375,-0.060407893224196
MEGJ0_SI1337,-0.05622848669687907
MEGJ0_SI1967,-0.01776471071773105
MEGJ0_SI707,-0.04109021792045006
MEGJ0_SX167,-0.05876370767752329
MEGJ0_SX257,-0.0010649938709460772
MEGJ0_SX3,-0.017948411405086517
MEGJ0_SX437,-0.046791680315707594
MEGJ0_SX77,-0.04916003273754585
MEJL0_SI1592,-6.6665502694936895e-06
MEJL0_SI1654,-0.05889402265134065
MEJL0_SI962,-0.0682602372280387
MEJL0_SX152,-6.869924254715442e-06
MEJL0_SX242,-0.058300551027059555
MEJL0_SX332,-0.0687950508935111
MEJL0_SX422,-0.033360478423890616
MEJL0_SX62,-0.00011555437908269638
MEJS0_SI1240,-0.04587288839476449
MEJS0_SI1870,-0.00024771887873267307
MEJS0_SI610,-0.050319900115331016
MEJS0_SX160,-0.03263622141898947
MEJS0_SX250,-0.0862886722271259
MEJS0_SX340,-0.033460140228271484
MEJS0_SX430,-0.08163297176361084
MEJS0_SX70,-1.617023537454026e-06
MESG0_SI1332,-0.10141452550888061
MESG0_SI1962,-0.12259082610790546
MESG0_SI702,-0.057896055494035994
MESG0_SX162,-0.11258454322814941
MESG0_SX252,-6.541259148541619e-05
MESG0_SX342,-0.08038626776801215
MESG0_SX432,-0.06308999061584472
MESG0_SX72,-2.4488272611051798e-05
MESJ0_SI2039,-0.07787539408757137
MESJ0_SI2257,-0.06006905526825876
MESJ0_SI997,-0.030384110079871282
MESJ0_SX187,-5.6464685423469e-05
MESJ0_SX277,-0.028991599082946778
MESJ0_SX367,-5.265982712016386e-05
MESJ0_SX7,-0.04252554972966512
MESJ0_SX97,-0.00011325026086221139
MEWM0_SI1348,-0.09799239465168544
MEWM0_SI1978,-0.1452982160780165
MEWM0_SI718,-0.0377777940348575
MEWM0_SX178,-0.06997521898963234
MEWM0_SX268,-0.02977819559050769
MEWM0_SX358,-0.08304980949119285
MEWM0_SX448,-1.7819311951511893e-06
MEWM0_SX88,-0.07601401757220833
MFER0_SI1492,-2.7521796848462974e-06
MFER0_SI2122,-0.021753759945140165
MFER0_SI862,-0.06729880174001059
MFER0_SX142,-0.04741583699765413
MFER0_SX232,-0.046642975373701615
MFER0_SX322,-0.0004624302752993324
MFER0_SX412,-0.010643197596073151
MFER0_SX52,-0.00022604988842475705
MFMC0_SI1132,-0.0569533109664917
MFMC0_SI1762,-0.0001707235728768078
MFMC0_SI502,-0.055719584226608276
MFMC0_SX142,-0.04856516452545815
MFMC0_SX232,-0.04717586257240989
MFMC0_SX322,-0.00031428860829156986
MFMC0_SX412,-0.09078387326972429
MFMC0_SX52,-0.06459673245747884
MFRM0_SI1155,-0.05464091565873888
MFRM0_SI1717,-0.07946466548102242
MFRM0_SI1785,-0.07728046529433306
MFRM0_SX165,-0.03837423324584961
MFRM0_SX255,-0.08777910290342389
MFRM0_SX345,-0.09185773134231567
MFRM0_SX435,-0.0711463987827301
MFRM0_SX75,-5.9820711612701414e-06
MFWK0_SI1249,-8.209484629333019e-05
MFWK0_SI1879,-0.057363408583181875
MFWK0_SI619,-0.04878880580266317
MFWK0_SX169,-0.0002949242820826972
MFWK0_SX259,-0.04212798090542064
MFWK0_SX349,-0.0787673572014118
MFWK0_SX439,-0.0029990600215064156
MFWK0_SX79,-0.07122316593077124
MFXS0_SI1674,-0.013571639855702719
MFXS0_SI2225,-0.09002247452735901
MFXS0_SI2304,-0.0014054923242813832
MFXS0_SX144,-0.034602750431407585
MFXS0_SX234,-0.09846943967482623
MFXS0_SX324,-0.06658031691366167
MFXS0_SX414,-0.0009387245531692061
MFXS0_SX54,-0.05171650250752767
MFXV0_SI1005,-0.06304390342147262
MFXV0_SI1342,-0.06497050776626125
MFXV0_SI1635,-0.00016588636208325624
MFXV0_SX105,-4.745964371763608e-05
MFXV0_SX15,-0.0003371026479836666
MFXV0_SX195,-0.052587089331253715
MFXV0_SX285,-0.054885947042041354
MFXV0_SX375,-0.0682249359968232
MGAF0_SI1282,-0.053642245589709675
MGAF0_SI1912,-0.04846841096878052
MGAF0_SI652,-0.05017543890896965
MGAF0_SX112,-0.061529848310682506
MGAF0_SX202,-1.0888402660687765e-05
MGAF0_SX22,-0.016525650308245703
MGAF0_SX292,-0.08850270874646245
MGAF0_SX382,-0.06764099404618547
MGAG0_SI1321,-0.08157921673958762
MGAG0_SI645,-0.09453993258268936
MGAG0_SI691,-0.04005304249850186
MGAG0_SX151,-0.0629453880842342
MGAG0_SX241,-0.07714521139860153
MGAG0_SX331,-6.273072777372418e-05
MGAG0_SX421,-0.00035101425434861863
MGAG0_SX61,-0.04530129498905606
MGAK0_SI1036,-0.07613776470052785
MGAK0_SI1666,-0.06710689408438546
MGAK0_SI2296,-0.057170023236955914
MGAK0_SX136,-0.06197305311236465
MGAK0_SX226,-0.031658134809354456
MGAK0_SX316,-3.9599972359579185e-05
MGAK0_SX406,-0.010789191236301345
MGAK0_SX46,-3.694420710446373e-05
MGAR0_SI1212,-0.03599334898449126
MGAR0_SI1694,-0.012991640184606825
MGAR0_SI1842,-1.815365006526311e-05
MGAR0_SX132,-4.8551897241457086e-05
MGAR0_SX222,-0.0012259791117338907
MGAR0_SX312,-0.06052460310594091
MGAR0_SX402,-1.4764780644327402e-05
MGAR0_SX42,-4.4865388190373775e-06
MGAW0_SI1165,-0.05183534324169159
MGAW0_SI1802,-0.08642477824770171
MGAW0_SI535,-0.029704162052699497
MGAW0_SX175,-0.05134344559449416
MGAW0_SX265,-0.11246052053239611
MGAW0_SX355,-0.05423582345247269
MGAW0_SX445,-0.03818535432219505
MGAW0_SX85,-0.017419563606381416
MGES0_SI1481,-0.08043400198221207
MGES0_SI2111,-0.09189985927782561
MGES0_SI851,-0.05986342063316932
MGES0_SX131,-0.04709289073944092
MGES0_SX221,-0.07900799152462981
MGES0_SX311,-0.05726042227311568
MGES0_SX401,-0.030044763428824287
MGES0_SX41,-0.00017117634050401988
MGJC0_SI1256,-0.03098810740879604
MGJC0_SI1335,-0.09681074683730667
MGJC0_SI1965,-2.8783856477174493e-05
MGJC0_SX165,-0.10573570544903095
MGJC0_SX255,-0.06047525826622458
MGJC0_SX345,-0.04376290173366152
MGJC0_SX435,-0.03723796046510035
MGJC0_SX75,-9.759940439835191e-05
MGRL0_SI1497,-0.062071800231933594
MGRL0_SI2127,-0.04502366570865407
MGRL0_SI867,-0.06694254327992924
MGRL0_SX147,-0.00021624502314384594
MGRL0_SX237,-0.06350322330699247
MGRL0_SX327,-0.001305973415191357
MGRL0_SX417,-0.052579678987201894
MGRL0_SX57,-5.864296108484268e-05
MGRP0_SI1317,-0.05615127311562592
MGRP0_SI1947,-0.10035418695019137
MGRP0_SI687,-0.06760580672158135
MGRP0_SX147,-0.05716288089752197
MGRP0_SX237,-0.07393655651494076
MGRP0_SX327,-0.05941215015593029
MGRP0_SX417,-0.06108982939469187
MGRP0_SX57,-0.0319638637935414
MGSH0_SI1176,-0.027430986985564232
MGSH0_SI1806,-0.0634154356442965
MGSH0_SI546,-0.0371286118472064
MGSH0_SX127,-0.05696935455004374
MGSH0_SX186,-0.03205313970302713
MGSH0_SX276,-0.04330560937523842
MGSH0_SX6,-0.06434716628148006
MGSH0_SX96,-0.06653318802515666
MGSL0_SI1164,-0.009820669889450073
MGSL0_SI534,-4.17891521162043e-05
MGSL0_SI797,-0.002585269510746002
MGSL0_SX174,-0.024028125798927165
MGSL0_SX264,-5.4093836634247394e-05
MGSL0_SX354,-0.06297903291640743
MGSL0_SX444,-0.013413219033060846
MGSL0_SX84,-9.15540149435401e-05
MGXP0_SI1087,-0.04351479918868453
MGXP0_SI457,-0.05509590691533582
MGXP0_SI525,-0.08429958902556321
MGXP0_SX187,-0.015127826195496779
MGXP0_SX277,-0.038858613797596524
MGXP0_SX367,-0.07475662893719143
MGXP0_SX7,-0.019782754881628627
MGXP0_SX97,-0.007687020482438983
MHBS0_SI1575,-7.23071547376143e-05
MHBS0_SI2205,-0.07319991516344475
MHBS0_SI945,-0.07475680820012497
MHBS0_SX135,-0.0002303083257919008
MHBS0_SX225,-0.07334444156059852
MHBS0_SX315,-0.11809208563395909
MHBS0_SX405,-0.00019008257250125344
MHBS0_SX45,-1.1532607128505003e-05
MHIT0_SI1613,-0.09536677418333112
MHIT0_SI2243,-0.1220463752746582
MHIT0_SI983,-0.07725318272908528
MHIT0_SX173,-0.05170682907104492
MHIT0_SX263,-0.04237043857574463
MHIT0_SX353,-0.035083709341106994
MHIT0_SX443,-0.07697190443674723
MHIT0_SX83,-0.05369973827052761
MHJB0_SI1017,-0.07507302363713582
MHJB0_SI1647,-0.04651855481298346
MHJB0_SI2277,-0.05200414572443281
MHJB0_SX117,-0.006965760261781754
MHJB0_SX207,-0.0625721838163293
MHJB0_SX27,-0.027382829189300538
MHJB0_SX297,-0.06983882381070045
MHJB0_SX387,-0.0027734875679016114
MHMG0_SI1365,-0.00012806756421923637
MHMG0_SI1995,-8.25404655188322e-05
MHMG0_SI735,-0.08249535476952269
MHMG0_SX105,-2.719791154959239e-06
MHMG0_SX15,-0.07604070007801056
MHMG0_SX195,-0.010576480627059936
MHMG0_SX285,-5.392020830186084e-05
MHMG0_SX375,-0.10187219381332398
MHMR0_SI1119,-0.051726464069250855
MHMR0_SI1692,-0.06160236659802889
MHMR0_SI489,-0.0720452144742012
MHMR0_SX129,-0.06245343331937437
MHMR0_SX219,-0.07046290885570437
MHMR0_SX309,-0.09861962388201458
MHMR0_SX39,-0.05541179819804866
MHMR0_SX399,-0.1174748385394061
MHRM0_SI1475,-8.57587531208992e-05
MHRM0_SI2218,-0.07348382472991943
MHRM0_SI958,-0.07354872876947577
MHRM0_SX148,-0.00034766052723736375
MHRM0_SX238,-0.0024625781254890636
MHRM0_SX328,-0.07212681465960563
MHRM0_SX418,-0.05485603683873227
MHRM0_SX58,-0.08833098879047468
MHXL0_SI1772,-0.0193440738846274
MHXL0_SI512,-0.05330340282337086
MHXL0_SI612,-0.025744007183955267
MHXL0_SX152,-0.0003020793898031116
MHXL0_SX242,-0.0695353349049886
MHXL0_SX332,-0.05887790424067799
MHXL0_SX422,-0.009792282087046926
MHXL0_SX62,-0.0002630364192141728
MILB0_SI2163,-0.06507997079329057
MILB0_SI807,-0.08038817511664496
MILB0_SI903,-0.09381570960536148
MILB0_SX183,-0.07439714007907444
MILB0_SX273,-0.08493149280548096
MILB0_SX3,-0.02360985747405461
MILB0_SX363,-0.00010395892674014682
MILB0_SX93,-8.442997932434082e-06
MJAC0_SI1331,-0.04338162678938646
MJAC0_SI2148,-0.0008352597111037799
MJAC0_SI701,-0.04725130142704133
MJAC0_SX251,-0.00032617395313886495
MJAC0_SX307,-0.05958051085472107
MJAC0_SX341,-0.05220881700515747
MJAC0_SX431,-0.10469507543664229
MJAC0_SX71,-0.0001728061971993282
MJAE0_SI1524,-0.1360555322546708
MJAE0_SI1999,-0.034119864304860435
MJAE0_SI2154,-0.01685321517288685
MJAE0_SX174,-0.08282658954461415
MJAE0_SX264,-0.03222254638014169
MJAE0_SX354,-0.061021825846503765
MJAE0_SX444,-0.04285640652115281
MJAE0_SX84,-0.06656853177330711
MJAI0_SI1604,-0.06028267542521159
MJAI0_SI682,-0.000775300539456881
MJAI0_SI710,-0.0762876332816431
MJAI0_SX164,-4.971569234674627e-06
MJAI0_SX254,-0.0001088671741031465
MJAI0_SX344,-0.11906991402308147
MJAI0_SX434,-0.0012398231774568558
MJAI0_SX74,-0.005123588092186872
MJBG0_SI1232,-0.020402247129484664
MJBG0_SI1724,-0.08012672833033971
MJBG0_SI1862,-0.00013578921789303422
MJBG0_SX152,-7.260961657656091e-05
MJBG0_SX242,-0.08192700308722418
MJBG0_SX332,-0.00017599107490645513
MJBG0_SX422,-0.048079923885624584
MJBG0_SX62,-9.856621424357097e-06
MJDA0_SI1031,-0.032449476420879364
MJDA0_SI1661,-5.613053765367059e-06
MJDA0_SI2291,-0.13204180227743612
MJDA0_SX131,-7.249743622892043e-06
MJDA0_SX221,-0.0559855786765494
MJDA0_SX311,-0.06279856941916725
MJDA0_SX401,-0.029802635737827845
MJDA0_SX41,-0.03957388086139031
MJDC0_SI1161,-0.03382580518722534
MJDC0_SI2165,-0.015649808570742607
MJDC0_SI531,-0.08344689062086202
MJDC0_SX171,-0.06358001183490364
MJDC0_SX261,-0.05232715064829046
MJDC0_SX351,-0.09540790735289108
MJDC0_SX441,-0.039746361620285935
MJDC0_SX81,-8.6998101323843e-05
MJDE0_SI1120,-0.05372798815369606
MJDE0_SI463,-0.10131099224090576
MJDE0_SI490,-0.034750326820041824
MJDE0_SX130,-0.06977462768554688
MJDE0_SX220,-0.0677199649810791
MJDE0_SX310,-0.0579940770801745
MJDE0_SX40,-0.03337765258291493
MJDE0_SX400,-0.05463564686658906
MJDG0_SI1042,-0.0001280255253530211
MJDG0_SI1672,-0.06295716265837352
MJDG0_SI1705,-0.059600763850741915
MJDG0_SX142,-9.552227414172629e-05
MJDG0_SX232,-0.0034923151783321214
MJDG0_SX322,-0.05120144039392471
MJDG0_SX412,-0.05120691386136142
MJDG0_SX52,-4.963346999948439e-06
MJDM0_SI1340,-0.050493815365959614
MJDM0_SI1937,-0.07112482615879603
MJDM0_SI974,-0.0943375825881958
MJDM0_SX170,-0.09286918280259618
MJDM0_SX260,-0.03721316371645246
MJDM0_SX350,-0.06665225589976591
MJDM0_SX440,-0.05084561308224996
MJDM0_SX80,-0.0001278733213742574
MJEB0_SI1286,-0.034185891455792365
MJEB0_SI1916,-0.030927750799391005
MJEB0_SI656,-0.025461500883102416
MJEB0_SX170,-0.030749797821044922
MJEB0_SX206,-0.0017295001846988026
MJEB0_SX26,-0.1234819221496582
MJEB0_SX296,-0.05884750812284408
MJEB0_SX386,-4.342674548106809e-06
MJEB1_SI1467,-0.0016830776605689735
MJEB1_SI2097,-0.04572228590647379
MJEB1_SI837,-0.10351699085558876
MJEB1_SX117,-0.04899350802103678
MJEB1_SX207,-0.05553016563256582
MJEB1_SX27,-0.06326684951782227
MJEB1_SX297,-0.0526471984001898
MJEB1_SX387,-0.08587765049290012
MJEE0_SI1237,-0.017357606154221755
MJEE0_SI1867,-4.5399313691902806e-05
MJEE0_SI607,-0.1004648937119378
MJEE0_SX157,-0.044671542942523956
MJEE0_SX247,-0.04600504311648282
MJEE0_SX337,-0.00014608863275498152
MJEE0_SX427,-0.00022465289969529425
MJEE0_SX67,-0.0519743182442405
MJFH0_SI1107,-0.09344416111707687
MJFH0_SI1737,-0.00020157862454652786
MJFH0_SI477,-0.0768915477551912
MJFH0_SX117,-0.02052398125330607
MJFH0_SX207,-0.0003100062604062259
MJFH0_SX27,-0.0002689868025481701
MJFH0_SX297,-0.11453258991241455
MJFH0_SX387,-0.06431528684255239
MJFR0_SI1605,-0.039777507653107516
MJFR0_SI2235,-0.00016626674738345724
MJFR0_SI975,-0.06853014826774598
MJFR0_SX165,-0.060748612880706786
MJFR0_SX255,-0.05142429802152845
MJFR0_SX345,-0.053110607465108234
MJFR0_SX435,-0.08463642230400673
MJFR0_SX75,-0.08326339721679688
MJHI0_SI1328,-0.00030067202169448137
MJHI0_SI555,-0.02550438472202846
MJHI0_SI698,-0.07658731937408447
MJHI0_SX158,-4.26189840904304e-05
MJHI0_SX248,-0.057762554058661826
MJHI0_SX338,-0.10629194804600307
MJHI0_SX428,-0.013013821178012424
MJHI0_SX68,-0.05391185423907112
MJJB0_SI1139,-0.08481976081585062
MJJB0_SI1277,-0.053898041447003685
MJJB0_SI1769,-0.11843077093362808
MJJB0_SX149,-0.05573509601836509
MJJB0_SX239,-0.048811008532842
MJJB0_SX329,-0.053468017578125
MJJB0_SX419,-0.05027585738414043
MJJB0_SX59,-0.006280766656765571
MJJJ0_SI1163,-4.5597771531902254e-05
MJJJ0_SI1793,-0.021828679477467257
MJJJ0_SI533,-0.10742263640126874
MJJJ0_SX173,-0.00023668732804556689
MJJJ0_SX263,-0.07441990128878889
MJJJ0_SX353,-0.07335792049284905
MJJJ0_SX443,-0.00024062196413675944
MJJJ0_SX83,-0.069490368301804
MJJM0_SI1251,-0.04648582935333252
MJJM0_SI1457,-0.03646737034037962
MJJM0_SI827,-0.08701955949937976
MJJM0_SX107,-0.08594448036617702
MJJM0_SX17,-0.12802363634109498
MJJM0_SX197,-0.07890755434830983
MJJM0_SX287,-0.08077265714344226
MJJM0_SX377,-0.07274663739088105
MJKR0_SI1201,-0.055673896141772
MJKR0_SI1831,-0.07213065359327528
MJKR0_SI571,-0.00214105745156606
MJKR0_SX121,-0.06604863957660954
MJKR0_SX211,-0.038430494420668655
MJKR0_SX301,-0.0864121725684718
MJKR0_SX31,-0.001861464805327929
MJKR0_SX391,-0.09756003022193908
MJLB0_SI1616,-0.0836507691277398
MJLB0_SI2246,-0.1137164345494023
MJLB0_SI986,-0.028076641487352776
MJLB0_SX176,-0.08636759086088701
MJLB0_SX266,-0.026616117646617275
MJLB0_SX356,-0.03604791019902085
MJLB0_SX446,-4.110695459903815e-05
MJLB0_SX86,-0.0414610255149103
MJLG1_SI1012,-0.04637277827543371
MJLG1_SI1642,-0.08934256860188075
MJLG1_SI2272,-0.00031908348960391547
MJLG1_SX112,-0.07249419753615921
MJLG1_SX202,-2.7220696210861206e-05
MJLG1_SX22,-0.04119184342297641
MJLG1_SX292,-7.38902200086444e-05
MJLG1_SX382,-0.04212462902069092
MJLS0_SI1096,-0.06817632913589478
MJLS0_SI1726,-0.08098830282688141
MJLS0_SI466,-1.6321242457769553e-06
MJLS0_SX106,-0.09628925323486329
MJLS0_SX16,-0.05908944493248349
MJLS0_SX196,-0.1011840161823091
MJLS0_SX286,-0.04035514943739947
MJLS0_SX376,-0.01034821073214213
MJMA0_SI1495,-0.05368560238888389
MJMA0_SI2125,-0.05430099138846764
MJMA0_SI865,-0.0037649665027856827
MJMA0_SX145,-0.00013446960693750626
MJMA0_SX235,-0.0010767652342716853
MJMA0_SX325,-0.03665952444076538
MJMA0_SX415,-0.07754388120439318
MJMA0_SX55,-0.052475929260253906
MJMD0_SI1028,-0.04018622636795044
MJMD0_SI1658,-0.042606815695762634
MJMD0_SI2288,-0.05268588141789512
MJMD0_SX128,-0.00016583800315856935
MJMD0_SX218,-0.03972430172420684
MJMD0_SX308,-0.03975004658979528
MJMD0_SX38,-0.0006587822856598122
MJMD0_SX398,-0.11227257307185683
MJMM0_SI1255,-0.002508467435836792
MJMM0_SI1885,-1.9295930138064756e-05
MJMM0_SI625,-5.592338472043219e-07
MJMM0_SX175,-0.09225071993741123
MJMM0_SX265,-2.6246180405487885e-06
MJMM0_SX355,-0.037519314072348854
MJMM0_SX445,-0.053661199177012724
MJMM0_SX85,-0.00014240408371038297
MJPG0_SI1191,-0.038099962122300095
MJPG0_SI1821,-0.06641957266577359
MJPG0_SI561,-0.040608361615973004
MJPG0_SX111,-0.028800915788721154
MJPG0_SX201,-0.1035914421081543
MJPG0_SX21,-0.07425734400749207
MJPG0_SX291,-0.0919267802402891
MJPG0_SX381,-1.6225203345980375e-05
MJPM0_SI1368,-0.04882561308997018
MJPM0_SI1998,-5.27439018090566e-05
MJPM0_SI738,-0.005527775202478681
MJPM0_SX108,-0.06829679674572414
MJPM0_SX18,-0.08846927411628491
MJPM0_SX198,-0.05504026906243686
MJPM0_SX288,-0.06789948219476744
MJPM0_SX378,-0.0707647863187288
MJPM1_SI1897,-0.021397171651615816
MJPM1_SI2280,-0.04629457538778132
MJPM1_SI761,-0.0596832985780677
MJPM1_SX131,-0.09729060956409999
MJPM1_SX221,-0.0008179297049840292
MJPM1_SX311,-0.06969710272185657
MJPM1_SX401,-0.018544779883490667
MJPM1_SX41,-0.0005714872158041187
MJRA0_SI1236,-0.13462292353312175
MJRA0_SI1866,-0.09125323856578153
MJRA0_SI606,-0.053359806537628174
MJRA0_SX156,-0.07723880828695094
MJRA0_SX246,-0.0012283496824758394
MJRA0_SX336,-0.03710537045090287
MJRA0_SX426,-0.05808203284804885
MJRA0_SX66,-0.0001413275462550086
MJRG0_SI1366,-0.009157202925000872
MJRG0_SI1996,-0.044684506952762604
MJRG0_SI736,-0.06597532075026939
MJRG0_SX106,-0.044354474544525145
MJRG0_SX16,-0.00014314144140198116
MJRG0_SX286,-0.022698607444763184
MJRG0_SX352,-0.02823270812179103
MJRG0_SX376,-0.00016926065450761376
MJRH0_SI1125,-0.025083554418463456
MJRH0_SI1755,-0.13484804970877512
MJRH0_SI1840,-0.0005584188870021275
MJRH0_SX135,-0.04861619123598424
MJRH0_SX225,-0.11681631207466125
MJRH0_SX315,-0.12546111856188094
MJRH0_SX405,-2.279233288120579e-05
MJRH0_SX45,-0.0417523576367286
MJRH1_SI1558,-0.06428472779013894
MJRH1_SI1774,-0.06946346339057474
MJRH1_SI514,-0.085623182099441
MJRH1_SX154,-0.07725753503687241
MJRH1_SX244,-0.05950773329961868
MJRH1_SX334,-0.09144308286554673
MJRH1_SX424,-0.08382503425373751
MJRH1_SX64,-0.02503899010744962
MJRK0_SI1662,-0.05927871465682984
MJRK0_SI2103,-0.02684414211441489
MJRK0_SI880,-0.0552684870633212
MJRK0_SX160,-0.10666227340698242
MJRK0_SX250,-0.05167885315723908
MJRK0_SX340,-0.0859313472624748
MJRK0_SX430,-0.0725356787443161
MJRK0_SX70,-2.184907595316569e-05
MJRP0_SI1835,-9.950947216046708e-05
MJRP0_SI1845,-0.002014408548993449
MJRP0_SI585,-0.047229614853858945
MJRP0_SX135,-0.06943703239614313
MJRP0_SX225,-0.1275360679626465
MJRP0_SX315,-0.05034253852707999
MJRP0_SX405,-0.00012405299478107027
MJRP0_SX45,-0.0021559825787941613
MJSR0_SI1424,-0.07704316652738132
MJSR0_SI2054,-0.023091134378465557
MJSR0_SI794,-0.07621768542698451
MJSR0_SX164,-0.00025323800448524326
MJSR0_SX254,-0.12187349228631883
MJSR0_SX344,-0.1568174660205841
MJSR0_SX434,-0.062474002838134764
MJSR0_SX74,-1.532623718958348e-05
MJWG0_SI2155,-3.232063526021583e-06
MJWG0_SI813,-0.03479294776916504
MJWG0_SI895,-0.05035904737619253
MJWG0_SX175,-0.08668938704899379
MJWG0_SX265,-0.0032994805863409333
MJWG0_SX355,-0.11769940776209678
MJWG0_SX445,-0.0434770764726581
MJWG0_SX85,-0.007409017645951473
MJWS0_SI1143,-0.054558050247930714
MJWS0_SI1773,-0.048894405364990234
MJWS0_SI513,-3.1784547517370234e-05
MJWS0_SX153,-0.036216713347524965
MJWS0_SX243,-0.05117246581286919
MJWS0_SX333,-0.07288354767693414
MJWS0_SX423,-0.011968104789654413
MJWS0_SX63,-1.19960229647787e-05
MJWT0_SI1291,-0.00032542977714911103
MJWT0_SI1381,-1.7087108322552274e-05
MJWT0_SI751,-0.1157408772092877
MJWT0_SX121,-0.05524337597382374
MJWT0_SX211,-0.003162388854167041
MJWT0_SX301,-0.09943785792902897
MJWT0_SX31,-0.0002448360297690939
MJWT0_SX391,-0.03149977169538799
MJXA0_SI1507,-0.06683947031314556
MJXA0_SI2137,-0.12659044492812382
MJXA0_SI877,-0.0004029356984092909
MJXA0_SX157,-0.02238950852690072
MJXA0_SX247,-0.04026459379399076
MJXA0_SX337,-0.06814117045015902
MJXA0_SX427,-1.805483435208981e-05
MJXA0_SX67,-2.733884356552508e-05
MJXL0_SI1172,-0.05327198544486624
MJXL0_SI1795,-0.041580512243158674
MJXL0_SI542,-0.03908116202200613
MJXL0_SX182,-0.07354786085045856
MJXL0_SX272,-0.09156532470996563
MJXL0_SX362,-0.06743335723876953
MJXL0_SX452,-0.08451187068765814
MJXL0_SX92,-0.003526744672230312
MKAG0_SI1609,-0.08327731680362782
MKAG0_SI2239,-0.1319303607940674
MKAG0_SI979,-0.04431057360864455
MKAG0_SX169,-0.053873812280050136
MKAG0_SX259,-0.06251782905764697
MKAG0_SX30,-2.8913323767483234e-05
MKAG0_SX439,-6.353814640770788e-05
MKAG0_SX79,-0.06401573225509288
MKAH0_SI1528,-0.033541729052861534
MKAH0_SI2158,-0.07627672307631549
MKAH0_SI898,-0.07324793058283188
MKAH0_SX178,-0.10104190826416015
MKAH0_SX268,-0.0503095360689385
MKAH0_SX358,-0.06342524906684613
MKAH0_SX448,-0.026141006499528885
MKAH0_SX88,-0.05794670184453329
MKAJ0_SI1414,-0.033291927973429364
MKAJ0_SI2044,-0.05719194723212201
MKAJ0_SI784,-0.0001033480370008364
MKAJ0_SX154,-4.567731276995713e-05
MKAJ0_SX244,-0.04973217768546862
MKAJ0_SX334,-0.021255659646001356
MKAJ0_SX424,-2.1118068081491135e-05
MKAJ0_SX64,-5.1425666444831426e-05
MKAM0_SI1250,-0.053289417787031695
MKAM0_SI1316,-0.03605254598566004
MKAM0_SI1465,-0.0005286345775756571
MKAM0_SX146,-9.524852170475892e-06
MKAM0_SX236,-0.10491342698374102
MKAM0_SX326,-0.08214846150628452
MKAM0_SX416,-0.03133730314396046
MKAM0_SX56,-0.06030673515505907
MKDB0_SI2132,-3.2126805499980326e-05
MKDB0_SI588,-0.041380561631301355
MKDB0_SI872,-0.00022422434075882562
MKDB0_SX152,-0.002178656073605142
MKDB0_SX242,-0.04330192063305829
MKDB0_SX332,-6.760275641153025e-06
MKDB0_SX422,-0.09325434521930974
MKDB0_SX62,-0.03976464801364475
MKDD0_SI1567,-0.03373183965682983
MKDD0_SI2197,-0.03732142113802726
MKDD0_SI937,-0.10052976608276368
MKDD0_SX127,-0.03455333606056545
MKDD0_SX217,-0.06037420531113943
MKDD0_SX307,-4.870550973074776e-06
MKDD0_SX37,-0.0004002444053951063
MKDD0_SX397,-0.04501890434938319
MKDT0_SI2153,-0.04314963663777997
MKDT0_SI814,-0.02518891277959791
MKDT0_SI893,-0.05548249623354744
MKDT0_SX173,-0.07542190074920654
MKDT0_SX263,-0.0896057401384626
MKDT0_SX353,-0.033805057406425476
MKDT0_SX443,-0.04505144727641139
MKDT0_SX83,-0.05783960478646415
MKES0_SI1253,-0.00023748734522433508
MKES0_SI1883,-0.051748257416945234
MKES0_SI623,-0.04395446953950105
MKES0_SX173,-0.08190714319547017
MKES0_SX263,-0.050030769972965634
MKES0_SX353,-0.021546849698731392
MKES0_SX443,-0.0002659032742182414
MKES0_SX83,-0.0006474240830070094
MKJO0_SI1517,-0.0906093574705578
MKJO0_SI2147,-0.07754440018624971
MKJO0_SI887,-5.994204305655633e-06
MKJO0_SX167,-2.2135971283370797e-05
MKJO0_SX257,-0.06520125040641198
MKJO0_SX424,-0.00021523454093507358
MKJO0_SX437,-0.00014432844686873106
MKJO0_SX77,-0.010690582650048392
MKLN0_SI1598,-0.04203256964683533
MKLN0_SI2228,-0.04724736213684082
MKLN0_SI968,-0.061442812283833824
MKLN0_SX158,-0.023792654275894165
MKLN0_SX248,-0.08060113314924569
MKLN0_SX338,-0.028467837307188246
MKLN0_SX428,-0.0022520697779125636
MKLN0_SX68,-0.09633234052947073
MKLR0_SI1059,-0.0013476942479610443
MKLR0_SI1689,-0.0448984091098492
MKLR0_SI2319,-0.008543845680024888
MKLR0_SX159,-9.623045722643534e-06
MKLR0_SX249,-0.11522371035355788
MKLR0_SX339,-0.03912009346869684
MKLR0_SX429,-0.0002819303423166275
MKLR0_SX69,-0.07260721176862717
MKLS0_SI1437,-0.06294679250873503
MKLS0_SI1533,-0.16670867016440943
MKLS0_SI2067,-0.04645264148712158
MKLS0_SX177,-0.03258956670761108
MKLS0_SX267,-0.04927819814437475
MKLS0_SX357,-0.07382814884185791
MKLS0_SX447,-0.12339816643641545
MKLS0_SX87,-0.07939046270707074
MKLS1_SI1545,-0.11548571432790448
MKLS1_SI2175,-0.00022569565993288288
MKLS1_SI915,-0.07807864813969054
MKLS1_SX105,-0.014625733898532006
MKLS1_SX15,-0.06858667205361758
MKLS1_SX195,-0.07005770683288574
MKLS1_SX285,-0.016045649846394856
MKLS1_SX375,-0.06843448848259158
MKLW0_SI1571,-9.39554704183882e-05
MKLW0_SI1844,-0.17573440074920654
MKLW0_SI2201,-0.0017842397093772889
MKLW0_SX131,-1.1872951731537327e-05
MKLW0_SX221,-0.04026633230122653
MKLW0_SX311,-0.06089873637183238
MKLW0_SX401,-0.049174751554216654
MKLW0_SX41,-0.04825489476041974
MKRG0_SI1491,-0.05719327926635742
MKRG0_SI2121,-0.09523754119873047
MKRG0_SI861,-0.06792833628477873
MKRG0_SX141,-0.000258760184657817
MKRG0_SX231,-0.04026427323167974
MKRG0_SX31,-0.026167764113499567
MKRG0_SX411,-0.07653563450544308
MKRG0_SX51,-0.00040989830380394344
MKXL0_SI1185,-0.011172704836901496
MKXL0_SI1815,-0.043722137572273376
MKXL0_SI1958,-0.0005824749668439229
MKXL0_SX105,-1.3952691768926958e-05
MKXL0_SX15,-0.018497368320822716
MKXL0_SX195,-0.07008913288945737
MKXL0_SX285,-2.262284678797568e-05
MKXL0_SX375,-0.05076811863825871
MLBC0_SI1239,-0.027064409749261265
MLBC0_SI1869,-0.11681292273781517
MLBC0_SI609,-0.005388794863810305
MLBC0_SX159,-0.0024833220082360343
MLBC0_SX249,-0.07572086040790264
MLBC0_SX339,-1.2946479460772347e-05
MLBC0_SX429,-6.333361961878836e-05
MLBC0_SX69,-0.02692998136792864
MLEL0_SI1246,-0.033033904102113515
MLEL0_SI1876,-0.05741885304450989
MLEL0_SI616,-0.03707964574137042
MLEL0_SX166,-0.0004213401511058969
MLEL0_SX256,-0.0914207249879837
MLEL0_SX346,-0.00022646279207297733
MLEL0_SX436,-0.00014179167540177056
MLEL0_SX76,-0.0002952523186410728
MLJC0_SI1225,-0.060535604889328416
MLJC0_SI1855,-0.03917690327292994
MLJC0_SI595,-0.06139516830444336
MLJC0_SX145,-0.047669025567861706
MLJC0_SX235,-0.00013481538164718398
MLJC0_SX325,-0.05372304386562771
MLJC0_SX415,-0.03828189501891265
MLJC0_SX55,-0.09515000473369252
MLJH0_SI1324,-0.06096709728240967
MLJH0_SI1422,-0.08594065281882216
MLJH0_SI694,-0.002625137164786055
MLJH0_SX154,-0.06122923559612698
MLJH0_SX244,-0.06863709025912815
MLJH0_SX334,-0.07222268798134544
MLJH0_SX424,-0.04497649329049247
MLJH0_SX64,-0.06856995158725315
MLNS0_SI1407,-9.71435386288379e-06
MLNS0_SI2037,-0.04743715199557218
MLNS0_SI777,-0.08654248013215907
MLNS0_SX147,-0.00022409714292734862
MLNS0_SX237,-0.11859690515618575
MLNS0_SX327,-0.06917666580717442
MLNS0_SX417,-0.06292303403218587
MLNS0_SX57,-0.0009205024088582684
MLSH0_SI1417,-6.817384538325396e-05
MLSH0_SI2047,-0.02711762728229646
MLSH0_SI787,-0.09167617956797282
MLSH0_SX157,-0.06505497523716518
MLSH0_SX247,-0.08600059799526048
MLSH0_SX337,-0.043305644392967226
MLSH0_SX427,-0.07164036376135689
MLSH0_SX67,-0.04410579658689953
MMAA0_SI1588,-0.018575750145257686
MMAA0_SI2105,-0.0771354341506958
MMAA0_SI845,-5.314387663295775e-06
MMAA0_SX125,-0.05794962932323587
MMAA0_SX215,-0.07245690758163864
MMAA0_SX305,-0.0003221598453819752
MMAA0_SX35,-0.04684954881668091
MMAA0_SX395,-0.07600625967368102
MMAB1_SI1494,-0.11540359920925564
MMAB1_SI2124,-2.9127346351742745e-06
MMAB1_SI864,-0.0024944323985303034
MMAB1_SX144,-0.07551638285319011
MMAB1_SX234,-0.0007947784933176907
MMAB1_SX324,-0.0012083507501162015
MMAB1_SX414,-0.029507930685834186
MMAB1_SX54,-0.04818751547071669
MMAG0_SI1126,-0.08111927726052025
MMAG0_SI1756,-0.044122314453125
MMAG0_SI496,-0.07476258277893066
MMAG0_SX136,-0.03996888354972557
MMAG0_SX226,-0.0001104470630664201
MMAG0_SX316,-0.03556182055637754
MMAG0_SX406,-0.002228506803512573
MMAG0_SX46,-0.0005790656432509422
MMAM0_SI1597,-0.09014897876315647
MMAM0_SI1668,-0.0218955659866333
MMAM0_SI2227,-0.07593280928475517
MMAM0_SX157,-0.03342293154808783
MMAM0_SX247,-0.07433860198311183
MMAM0_SX337,-0.07730689415564904
MMAM0_SX427,-0.09473143174098088
MMAM0_SX67,-0.10937808689318206
MMAR0_SI1336,-0.03382780722209385
MMAR0_SI1966,-0.045910455963828346
MMAR0_SI706,-3.5904786166022805e-05
MMAR0_SX166,-0.052462573846181235
MMAR0_SX256,-0.05195487663149834
MMAR0_SX346,-0.03960302720467249
MMAR0_SX436,-0.11803346872329712
MMAR0_SX76,-0.0170364410449297
MMBS0_SI1151,-0.03676175629651105
MMBS0_SI1781,-0.1334101359049479
MMBS0_SI521,-0.06559441453319485
MMBS0_SX161,-0.04470816942361685
MMBS0_SX251,-0.005830106911835847
MMBS0_SX341,-0.05700340054251931
MMBS0_SX431,-0.0005899145164423519
MMBS0_SX71,-2.0589859735581184e-05
MMCC0_SI1338,-0.07039611680167061
MMCC0_SI1968,-7.474705732117097e-05
MMCC0_SI708,-0.052478693627022406
MMCC0_SX168,-0.04939998686313629
MMCC0_SX258,-0.067278139518969
MMCC0_SX348,-2.2529988893352094e-05
MMCC0_SX438,-0.12278682708740235
MMCC0_SX78,-1.4741887972722279e-05
MMDB0_SI1358,-0.03949814240137736
MMDB0_SI1617,-0.00010919367725198919
MMDB0_SI987,-0.0978642191205706
MMDB0_SX177,-0.0342103334573599
MMDB0_SX267,-0.05374040206273397
MMDB0_SX357,-0.056602613345996755
MMDB0_SX447,-2.786095361583508e-05
MMDB0_SX87,-0.0009688326321980532
MMDG0_SI1780,-0.018747391122760193
MMDG0_SI2035,-0.05788038087927777
MMDG0_SI520,-0.0013829186760090492
MMDG0_SX160,-0.030926916910254437
MMDG0_SX250,-0.09070262676332055
MMDG0_SX340,-0.0644192478873513
MMDG0_SX430,-0.043864470607829546
MMDG0_SX70,-0.11389849402687767
MMDM0_SI1311,-0.0582561194896698
MMDM0_SI1941,-0.0881982474100022
MMDM0_SI681,-0.04684738189943375
MMDM0_SX141,-0.04855738802159086
MMDM0_SX231,-0.18254171718250622
MMDM0_SX321,-0.08189696073532104
MMDM0_SX411,-0.07686008551181892
MMDM0_SX51,-0.02612439421720283
MMDM1_SI1650,-3.709088024847648e-05
MMDM1_SI2043,-0.07007437630703575
MMDM1_SI783,-0.008921995759010315
MMDM1_SX153,-0.0001496558771560005
MMDM1_SX243,-0.07593365907669067
MMDM1_SX333,-0.07892150781592544
MMDM1_SX423,-0.10309330960537524
MMDM1_SX63,-4.427583605450179e-06
MMDS0_SI1343,-0.06896800365088121
MMDS0_SI1973,-0.08058823479546441
MMDS0_SI713,-0.07712049037218094
MMDS0_SX173,-0.0907395879427592
MMDS0_SX263,-0.002158822836699309
MMDS0_SX353,-0.09713833562789424
MMDS0_SX443,-0.06215146780014038
MMDS0_SX83,-0.088798189163208
MMEA0_SI1388,-0.0274670669587992
MMEA0_SI2018,-0.0007254406033704678
MMEA0_SI758,-0.042011726287103465
MMEA0_SX128,2.0490681760877904e-07
MMEA0_SX218,-0.01923906489422447
MMEA0_SX308,-0.06377554684877396
MMEA0_SX38,-7.7134370803833e-05
MMEA0_SX398,-0.05681574053880645
MMEB0_SI1357,-0.0015581441974198377
MMEB0_SI1987,-2.407886344811012e-05
MMEB0_SI727,-0.0677821682049678
MMEB0_SX187,-0.043173761594863164
MMEB0_SX327,-0.05242747863133748
MMEB0_SX367,-0.03985113606733434
MMEB0_SX7,-0.00019807640749674576
MMEB0_SX97,-0.08948454686573573
MMGC0_SI1305,-0.07901490744897875
MMGC0_SI1935,-2.4270794882967664e-05
MMGC0_SI2184,-0.0002037029025023398
MMGC0_SX135,-0.03304820981892673
MMGC0_SX225,-0.05890432110539189
MMGC0_SX315,-0.06319586572975948
MMGC0_SX405,-3.4932668010393776e-05
MMGC0_SX45,-0.06526351697517163
MMGG0_SI1079,-0.00033217618862787883
MMGG0_SI1709,-0.031478588397686295
MMGG0_SI2339,-0.043659911011204575
MMGG0_SX179,-0.05227805438794588
MMGG0_SX269,-0.09527473790305001
MMGG0_SX359,-0.0007669223679436578
MMGG0_SX449,-0.03677998756875797
MMGG0_SX89,-3.750348083772942e-05
MMGK0_SI1322,-0.03722782458289195
MMGK0_SI1952,-0.0637121831669527
MMGK0_SI692,-0.05474184036254883
MMGK0_SX152,-2.1130652041048615e-05
MMGK0_SX242,-4.288814961910248e-05
MMGK0_SX332,-2.5908119278028606e-05
MMGK0_SX422,-0.06868399106539212
MMGK0_SX62,-4.2145259869404326e-05
MMJB1_SI1408,-7.59741155112662e-06
MMJB1_SI2038,-0.07606055234607897
MMJB1_SI778,-0.1290872573852539
MMJB1_SX148,-0.11042237926173855
MMJB1_SX238,-0.00026099482137295935
MMJB1_SX328,-0.036358977357546486
MMJB1_SX418,-0.004476436819785681
MMJB1_SX58,-0.0001577193347307352
MMLM0_SI1527,-6.865996580857497e-07
MMLM0_SI2150,-0.045403940337044854
MMLM0_SI897,-0.11216690463404502
MMLM0_SX177,-0.03434505701065063
MMLM0_SX267,-0.04354869751703171
MMLM0_SX357,-0.0001570749573591279
MMLM0_SX447,-0.05264771426165545
MMLM0_SX87,-0.00017694751066820962
MMPM0_SI1061,-0.025785366126469204
MMPM0_SI1691,-0.06895968493293314
MMPM0_SI2321,-0.0638662034815008
MMPM0_SX161,-0.05382620119581036
MMPM0_SX251,-5.220309040456448e-06
MMPM0_SX341,-0.00017117002280429006
MMPM0_SX431,-0.07626494201453957
MMPM0_SX71,-4.7126270440076626e-05
MMRP0_SI2034,-2.1782936528325083e-06
MMRP0_SI717,-0.08664795898255848
MMRP0_SI774,-0.09687050410679408
MMRP0_SX144,-0.07693234805403085
MMRP0_SX234,-0.03400237069410436
MMRP0_SX324,-0.002253626473248005
MMRP0_SX414,-2.1513024832875955e-05
MMRP0_SX54,-0.03557804226875305
MMSM0_SI1106,-4.260413396846631e-05
MMSM0_SI1736,-0.09084362983703613
MMSM0_SI476,-0.0010698843890657793
MMSM0_SX116,-0.05450486695324933
MMSM0_SX206,-8.670559951237269e-05
MMSM0_SX26,-0.07608495818244086
MMSM0_SX296,-0.04928172959221734
MMSM0_SX386,-0.06781396071116129
MMVP0_SI1284,-0.04530427784755312
MMVP0_SI1914,-0.05840861797332764
MMVP0_SI654,-0.068487084430197
MMVP0_SX114,-0.11069550385346284
MMVP0_SX204,-0.05709695454799768
MMVP0_SX294,-0.059030203983701506
MMVP0_SX347,-0.03289449612299601
MMVP0_SX384,-0.08400845527648926
MMWB0_SI1619,-0.1101467717777599
MMWB0_SI2249,-0.06573990186055502
MMWB0_SI989,-0.00011780616631241221
MMWB0_SX179,-0.024950985725109395
MMWB0_SX269,-0.031882601124899726
MMWB0_SX359,-0.00432898557704428
MMWB0_SX449,-0.00026068672099534203
MMWB0_SX89,-0.04586759897378775
MMWS0_SI1518,-0.057552793446709126
MMWS0_SI559,-0.011653582751750945
MMWS0_SI888,-2.9440428054816015e-05
MMWS0_SX168,-0.09933481393037019
MMWS0_SX258,-0.052429567365085375
MMWS0_SX348,-0.05899024539523655
MMWS0_SX438,-0.0809529721736908
MMWS0_SX78,-0.07210772687738592
MMWS1_SI1071,-0.08442763572043561
MMWS1_SI1701,-0.02920809132712228
MMWS1_SI2331,-0.00038491329178214073
MMWS1_SX261,-0.060519129037857056
MMWS1_SX27,-0.0003268954157829285
MMWS1_SX351,-0.00830851083106183
MMWS1_SX441,-0.00011934417610367139
MMWS1_SX81,-0.0002439663265690659
MMXS0_SI2136,-3.246815450599088e-05
MMXS0_SI629,-0.03814000194355593
MMXS0_SI876,-1.0895548190024715e-05
MMXS0_SX156,-0.05809123949571089
MMXS0_SX246,-0.011172882715861003
MMXS0_SX336,-0.001162221172341594
MMXS0_SX426,-0.034499178061614164
MMXS0_SX66,-2.3837025101120407e-05
MNET0_SI1446,-0.08743089999792711
MNET0_SI2076,-0.05532734290413235
MNET0_SI816,-0.12794059201290733
MNET0_SX186,-0.05494926715719289
MNET0_SX276,-0.09551449120044708
MNET0_SX366,-0.0693669926886465
MNET0_SX6,-0.1252197027206421
MNET0_SX96,-0.039234668016433716
MNTW0_SI1068,-0.07497002714771335
MNTW0_SI1698,-0.05972290922094275
MNTW0_SI2328,-0.12276539632252284
MNTW0_SX168,-0.05633733449158845
MNTW0_SX202,-0.02976425886154175
MNTW0_SX258,-0.034796663232751796
MNTW0_SX348,-0.07164720513603905
MNTW0_SX78,-0.0016751638613641262
MPAR0_SI1576,-0.07211934818941004
MPAR0_SI2206,-0.05849129298947892
MPAR0_SI946,-3.5551824754186193e-06
MPAR0_SX136,-1.817534007785613e-05
MPAR0_SX226,-0.0816878749103081
MPAR0_SX316,-1.521372506695409e-05
MPAR0_SX406,-0.07263849576314291
MPAR0_SX46,-0.05365675467031973
MPEB0_SI1034,-0.08299070910403603
MPEB0_SI1860,-0.000171148937872865
MPEB0_SI600,-0.06365834149447354
MPEB0_SX150,-0.04442745254885766
MPEB0_SX240,-0.08225420713424683
MPEB0_SX330,-0.06776278897335655
MPEB0_SX420,-0.08331622017754449
MPEB0_SX60,-0.0002533909425420581
MPFU0_SI1258,-0.06324030748054163
MPFU0_SI1888,-0.09362804889678955
MPFU0_SI628,-0.021064104455890076
MPFU0_SX178,-0.08713912963867188
MPFU0_SX268,-0.002063134901745375
MPFU0_SX358,-0.05371142202808011
MPFU0_SX448,-8.630205229565036e-06
MPFU0_SX88,-0.012751615777307627
MPGH0_SI1554,-7.040818812898718e-05
MPGH0_SI675,-0.08112413883209228
MPGH0_SI924,-0.00011746359593940504
MPGH0_SX114,-0.042541034293897224
MPGH0_SX204,-0.05450662105314193
MPGH0_SX24,-0.07698993455796015
MPGH0_SX294,-0.04046631710869925
MPGH0_SX384,-0.051709049940109254
MPGR0_SI1410,-0.05921856562296549
MPGR0_SI2040,-0.0009432353434108553
MPGR0_SI780,-0.0380419659614563
MPGR0_SX150,-0.0067477573951085406
MPGR0_SX240,-0.0526052160960872
MPGR0_SX330,-0.09950720297323691
MPGR0_SX420,-0.08796531359354655
MPGR0_SX60,-0.00020421752706170082
MPGR1_SI1269,-0.08549190759658813
MPGR1_SI1499,-0.0006157890485044111
MPGR1_SI2129,-5.142781638393277e-05
MPGR1_SX149,-0.04478713740473208
MPGR1_SX239,-1.0612607002258301e-05
MPGR1_SX329,-0.05303010573753944
MPGR1_SX419,-0.048989716503355235
MPGR1_SX59,-0.06635496616363526
MPMB0_SI1501,-0.0582586877486285
MPMB0_SI2131,-0.04403288828002082
MPMB0_SI871,-0.06407159880587929
MPMB0_SX151,-0.03969213184045286
MPMB0_SX241,-0.015565021471543745
MPMB0_SX331,-0.03936375589931712
MPMB0_SX421,-0.10118499962059227
MPMB0_SX61,-0.011151758333047232
MPPC0_SI1412,-0.0005050628096796572
MPPC0_SI2042,-0.025785749608820133
MPPC0_SI782,-0.03477411378513683
MPPC0_SX152,-0.04636624157428741
MPPC0_SX242,-0.037329004870520696
MPPC0_SX332,-0.00019114861442219642
MPPC0_SX422,-0.028343796730041504
MPPC0_SX62,-0.0010837903896043467
MPRB0_SI1205,-1.2395738233481684e-05
MPRB0_SI1215,-0.04784034333139096
MPRB0_SI575,-0.1293524221940474
MPRB0_SX125,-0.041021108627319336
MPRB0_SX215,-0.07568535208702087
MPRB0_SX305,-0.0002041011272619168
MPRB0_SX35,-0.006133175392945608
MPRB0_SX395,-0.08769398200802686
MPRD0_SI1431,-8.729225373826921e-05
MPRD0_SI2061,-0.03595789521932602
MPRD0_SI801,-0.06909241316453466
MPRD0_SX171,-0.058252321349249944
MPRD0_SX261,-0.06731353203455608
MPRD0_SX351,-0.01573943483586214
MPRD0_SX441,-3.931559254660418e-05
MPRD0_SX81,-0.04348345484052386
MPRK0_SI1097,-0.04211237066883152
MPRK0_SI1727,-0.12750725746154784
MPRK0_SI467,-0.00036911501787429633
MPRK0_SX107,-0.021045709649721783
MPRK0_SX17,-0.049483021100362144
MPRK0_SX197,-0.04701721171538035
MPRK0_SX287,-0.0706478476524353
MPRK0_SX377,-0.08439270087650844
MPRT0_SI1210,-0.03739396131263589
MPRT0_SI495,-0.04653513431549072
MPRT0_SI580,-0.0013800030574202538
MPRT0_SX130,-6.688410235989479e-05
MPRT0_SX220,-4.7605739227753686e-07
MPRT0_SX310,-0.024848073720932007
MPRT0_SX40,-9.847647613949245e-05
MPRT0_SX400,-0.038951057376283585
MPSW0_SI1067,-0.04856035989873549
MPSW0_SI1697,-0.07549346365579744
MPSW0_SI2327,-3.980382763106248e-05
MPSW0_SX167,-0.07037471170010774
MPSW0_SX24,-0.12221368153889973
MPSW0_SX257,-0.0008740768852559003
MPSW0_SX437,-0.033225628794456015
MPSW0_SX77,-0.00047805061977770593
MRAB0_SI1224,-6.877539541434359e-05
MRAB0_SI1854,-0.11902913860246248
MRAB0_SI594,-0.0930967849233876
MRAB0_SX144,-0.07717262903849284
MRAB0_SX234,-9.432807564735413e-05
MRAB0_SX324,-3.275866546328106e-05
MRAB0_SX414,-0.0005813599450559151
MRAB0_SX54,-0.0008215743634435866
MRAB1_SI1478,-0.061132204838288136
MRAB1_SI2108,-5.952599975797865e-06
MRAB1_SI848,-0.05439854476411464
MRAB1_SX128,-0.12731537995515047
MRAB1_SX218,-0.04557305290585473
MRAB1_SX308,-2.4925917387008667e-05
MRAB1_SX38,-0.08170656363169353
MRAB1_SX398,-0.03686642646789551
MRAI0_SI1954,-0.06772919262156767
MRAI0_SI2052,-0.07386507067764014
MRAI0_SI792,-0.041028845984980744
MRAI0_SX162,-0.08219392597675323
MRAI0_SX252,-0.019925993500333843
MRAI0_SX342,-0.06311087231887014
MRAI0_SX432,-0.036996378898620605
MRAI0_SX72,-0.09005263218512902
MRAM0_SI1275,-0.11519075121198381
MRAM0_SI1905,-3.0477467314057955e-06
MRAM0_SI1951,-0.06360297997792562
MRAM0_SX105,-6.213303535215316e-06
MRAM0_SX15,-0.09749293327331543
MRAM0_SX195,-0.05922166506449381
MRAM0_SX285,-0.03122138626435224
MRAM0_SX375,-0.0711824527153602
MRAV0_SI1008,-0.039536863565444946
MRAV0_SI1638,-0.08873674273490906
MRAV0_SI2268,-0.043140913310803865
MRAV0_SX108,-0.03619113483944455
MRAV0_SX18,-0.08526715155570738
MRAV0_SX198,-0.06166704623929916
MRAV0_SX288,-0.044377773307090584
MRAV0_SX378,-0.09490370750427246
MRBC0_SI1665,-0.08146188735961914
MRBC0_SI1859,-0.04243044058481852
MRBC0_SI599,-5.413217541690056e-05
MRBC0_SX149,-0.08559832883917767
MRBC0_SX239,-4.605022636619774e-05
MRBC0_SX329,-0.00031692859734974656
MRBC0_SX419,-0.0653550436622218
MRBC0_SX59,-0.10588000297546386
MRCG0_SI1428,-0.06757353198143744
MRCG0_SI2058,-0.05111052488025866
MRCG0_SI798,-0.018670167678441756
MRCG0_SX168,-0.05842925884105541
MRCG0_SX258,-0.10395602922181825
MRCG0_SX348,-0.04756070242987739
MRCG0_SX438,-0.05581865991864886
MRCG0_SX78,-0.10387126861080047
MRCW0_SI1371,-0.047119310923985074
MRCW0_SI2001,-0.03748613450585342
MRCW0_SI741,-0.06335279198943591
MRCW0_SX111,-0.00018068170174956322
MRCW0_SX201,-0.0789971147264753
MRCW0_SX21,-0.04392354190349579
MRCW0_SX291,-0.08380419760942459
MRCW0_SX381,-2.4278704398151102e-05
MRDD0_SI1050,-0.046080592906836304
MRDD0_SI1680,-0.04581479893790351
MRDD0_SI2310,-0.07848540058842411
MRDD0_SX150,-2.5245931840712025e-05
MRDD0_SX240,-0.08501941561698914
MRDD0_SX277,-0.07487288543156215
MRDD0_SX330,-0.07320042252540589
MRDD0_SX60,-0.00010495335917990162
MRDM0_SI1044,-0.07103985548019409
MRDM0_SI1595,-0.07643208503723145
MRDM0_SI965,-0.09149424235026042
MRDM0_SX155,-0.04639124328439886
MRDM0_SX245,-9.882423494543348e-05
MRDM0_SX335,-0.0895092097195712
MRDM0_SX425,-1.5960799323187934e-06
MRDM0_SX65,-0.04531841508803829
MRDS0_SI1167,-0.04194698425439688
MRDS0_SI1797,-0.08013057708740234
MRDS0_SI537,-0.058737354763483594
MRDS0_SX177,-4.056692123413086e-06
MRDS0_SX267,-0.052639242765065784
MRDS0_SX357,-0.09963917104821456
MRDS0_SX447,-0.0007018870674073696
MRDS0_SX87,-0.001369866570740035
MREE0_SI1104,-0.07674152342999568
MREE0_SI1734,-0.11582814244663014
MREE0_SI1959,-0.08719816046246028
MREE0_SX114,-0.06477067921612714
MREE0_SX204,-0.11609964659719756
MREE0_SX24,-0.11334508398304814
MREE0_SX294,-0.00037856171999512046
MREE0_SX384,-0.05357180118560791
MREH1_SI1599,-0.07585002367313091
MREH1_SI2229,-0.09244167009989421
MREH1_SI969,-0.06825378206041124
MREH1_SX159,-0.06191611289978027
MREH1_SX249,-0.13205132484436036
MREH1_SX339,-0.06928328544862809
MREH1_SX429,-0.001551369648604166
MREH1_SX69,-0.0938972036043803
MREM0_SI1591,-0.00011937107358660017
MREM0_SI511,-0.05238579568408784
MREM0_SI961,-0.0670843755497652
MREM0_SX151,-0.030374656783209907
MREM0_SX241,-0.09165584679805872
MREM0_SX331,-0.03584067260517793
MREM0_SX421,-0.07406357924143474
MREM0_SX61,-0.07108123051492791
MREW1_SI1500,-0.07251516977945964
MREW1_SI2130,-0.01786187489827474
MREW1_SI870,-0.07512197805487592
MREW1_SX150,-6.530253637221552e-05
MREW1_SX240,-0.0021048080176115035
MREW1_SX330,-0.12648119797577728
MREW1_SX420,-0.055797125982201615
MREW1_SX60,-0.08272789973838657
MRFK0_SI1076,-0.0008598927940641131
MRFK0_SI1706,-2.460305973806459e-05
MRFK0_SI2336,-0.09524856011072795
MRFK0_SX176,-0.056249178372896634
MRFK0_SX266,-0.0001677259770703727
MRFK0_SX356,-0.009963278141286638
MRFK0_SX446,-2.1476114471984465e-05
MRFK0_SX86,-3.667406417662278e-05
MRFL0_SI1156,-0.05016812525297466
MRFL0_SI1786,-0.040530925989151
MRFL0_SI526,-0.06532797505778651
MRFL0_SX166,-0.09282795020512172
MRFL0_SX256,-0.04728135094046593
MRFL0_SX346,-0.055681798769080124
MRFL0_SX436,-0.03359964101210884
MRFL0_SX76,-0.03784381151199341
MRGM0_SI1162,-0.0600284613095797
MRGM0_SI1792,-0.0742303823169909
MRGM0_SI532,-0.0023349172302654813
MRGM0_SX172,-0.1226490532479635
MRGM0_SX262,-0.09274206956227621
MRGM0_SX416,-0.04799736921603863
MRGM0_SX442,-0.08182180921236674
MRGM0_SX82,-0.06728573406443876
MRGS0_SI1356,-0.0590954772357283
MRGS0_SI1986,-0.0011356885234514872
MRGS0_SI726,-0.09700583589488063
MRGS0_SX186,-2.119772964053684e-05
MRGS0_SX276,-0.030742638038866447
MRGS0_SX366,-0.0002437238124947922
MRGS0_SX6,-0.07464778900146485
MRGS0_SX96,-0.0557297600640191
MRHL0_SI1515,-0.11282802479607719
MRHL0_SI2145,-0.0010190968369615488
MRHL0_SI885,-0.06397381061460913
MRHL0_SX165,-0.002126984818037166
MRHL0_SX255,-0.015999829067903405
MRHL0_SX345,-0.0529150664806366
MRHL0_SX435,-0.06739654832956743
MRHL0_SX75,-0.0021228916943073274
MRJB1_SI1020,-0.0017018012098363928
MRJB1_SI1413,-0.027776444875277004
MRJB1_SI2021,-0.08381343770910192
MRJB1_SX120,-0.0632782777150472
MRJB1_SX210,-0.09933183670043945
MRJB1_SX30,-7.925046464571587e-05
MRJB1_SX300,-0.0006696529172617814
MRJB1_SX390,-0.0006368652086805653
MRJH0_SI1519,-0.06468889292548685
MRJH0_SI889,-0.0437798724984223
MRJH0_SI914,-0.03666029870510101
MRJH0_SX169,-0.05578127018240995
MRJH0_SX259,-0.053286772966384885
MRJH0_SX307,-2.41542118601501e-05
MRJH0_SX439,-0.04608822883443629
MRJH0_SX79,-0.0002580428632294259
MRJM0_SI1095,-0.000225219689309597
MRJM0_SI1228,-0.06876553429497613
MRJM0_SI1858,-0.06928519062373949
MRJM0_SX148,-0.08151132351643331
MRJM0_SX238,-6.237704502908807e-06
MRJM0_SX328,-0.058751172207771464
MRJM0_SX418,-0.07203351855278015
MRJM0_SX58,-0.00040123950351368296
MRJM1_SI1298,-0.026641209279337236
MRJM1_SI1928,-0.08444788720872667
MRJM1_SI668,-0.0754834594148578
MRJM1_SX128,-0.04073096204687048
MRJM1_SX218,-0.004835410416126252
MRJM1_SX308,-0.0657532082663642
MRJM1_SX38,-6.139974686361494e-05
MRJM1_SX398,-0.026964342871377635
MRJT0_SI1498,-0.06502035336616711
MRJT0_SI1805,-0.056344374020894365
MRJT0_SI868,-0.09267350166074691
MRJT0_SX148,-0.038652023753604374
MRJT0_SX238,-3.0293136036821774e-05
MRJT0_SX328,-0.04859935476424846
MRJT0_SX418,-0.11933292150497436
MRJT0_SX58,-0.04085555510087447
MRKM0_SI1267,-0.007868389811432152
MRKM0_SI1391,-0.09807067806437864
MRKM0_SI637,-0.10481911572543058
MRKM0_SX187,-0.08177221956707183
MRKM0_SX277,-0.00012711097520810586
MRKM0_SX367,-1.3309503521989373e-05
MRKM0_SX7,-0.0485615818588822
MRKM0_SX97,-0.02364433743059635
MRLD0_SI1594,-0.013721780741915983
MRLD0_SI2224,-0.12894425025353065
MRLD0_SI964,-0.07323674151771947
MRLD0_SX154,8.723388115564983e-08
MRLD0_SX244,-0.05564185551234654
MRLD0_SX334,-0.04525127082035459
MRLD0_SX424,-0.02883839938375685
MRLD0_SX64,-6.508979234187042e-06
MRLJ0_SI1420,-0.0012641484672958787
MRLJ0_SI2050,-2.8657603635158588e-06
MRLJ0_SI790,-0.08379053274790446
MRLJ0_SX160,-0.018412351608276367
MRLJ0_SX250,-0.1120533427676639
MRLJ0_SX340,-0.07357464165523134
MRLJ0_SX430,-0.0013062108470046003
MRLJ0_SX70,1.4625988404242724e-07
MRLJ1_SI1671,-0.044601147825067695
MRLJ1_SI2301,-0.08252665996551514
MRLJ1_SI2332,-1.5285280015733508e-05
MRLJ1_SX141,-0.00024823321751794034
MRLJ1_SX231,-0.0803293531591242
MRLJ1_SX321,-0.09012121955553691
MRLJ1_SX411,-0.056041491031646726
MRLJ1_SX51,-0.0004704406984695574
MRLK0_SI1468,-0.10741714571343093
MRLK0_SI2140,-0.07471824543816703
MRLK0_SI843,-0.02046057667051043
MRLK0_SX123,-0.05978484834943499
MRLK0_SX213,-0.07091353785607123
MRLK0_SX303,-0.04891866445541382
MRLK0_SX33,-0.04928632705442367
MRLK0_SX393,-0.07751971675503638
MRLR0_SI1196,-0.0001506986040057558
MRLR0_SI1826,-0.018616529873439244
MRLR0_SI566,-0.031200353915874775
MRLR0_SX116,-0.07300776448743097
MRLR0_SX206,-0.08228020668029785
MRLR0_SX26,-0.03177011013031006
MRLR0_SX296,-0.046787142753601074
MRLR0_SX386,-0.059025202478681295
MRMB0_SI1581,-0.04071212781442178
MRMB0_SI2211,-0.037295782204830284
MRMB0_SI951,-0.10320686631732517
MRMB0_SX141,-0.003134282926718394
MRMB0_SX231,-0.10786287983258565
MRMB0_SX321,-0.09209975136650933
MRMB0_SX411,-0.04688082597194574
MRMB0_SX51,-0.035416544937505956
MRMG0_SI1080,-0.08081273471607882
MRMG0_SI1710,-0.03830597477574502
MRMG0_SI2340,-0.04459454150910073
MRMG0_SX180,-0.00014087659979446066
MRMG0_SX270,-0.05006017908453941
MRMG0_SX360,-0.03759559616446495
MRMG0_SX450,-0.11236860354741414
MRMG0_SX90,-7.460266351699829e-06
MRMH0_SI1021,-0.020803197072102472
MRMH0_SI1349,-0.04008041579147865
MRMH0_SI2281,-2.7991847933403085e-05
MRMH0_SX121,-9.0484435741718e-06
MRMH0_SX211,-0.09446165778420189
MRMH0_SX301,-0.0030806086756087637
MRMH0_SX31,-2.8507999592909108e-06
MRMH0_SX391,-0.029293170100764224
MRML0_SI1421,-0.0735233736038208
MRML0_SI2051,-0.05333177482380586
MRML0_SI791,-0.1422786568150376
MRML0_SX161,-0.06206283661035391
MRML0_SX251,-0.03841809289796012
MRML0_SX341,-0.08592387040456136
MRML0_SX431,-0.06313230650765556
MRML0_SX71,-0.088233495580739
MRMS0_SI1113,-0.07330138929959001
MRMS0_SI2057,-0.0010240890085697174
MRMS0_SI2100,-0.08248995883124215
MRMS0_SX120,-0.08262424468994141
MRMS0_SX210,-0.047674918174743654
MRMS0_SX30,-0.01608115792274475
MRMS0_SX300,-0.03803386511626067
MRMS0_SX390,-0.00147208571434021
MRPC1_SI1482,-0.02595132873171852
MRPC1_SI2026,-6.012483076615767e-05
MRPC1_SI2112,-0.05416795436073752
MRPC1_SX132,-0.07172554189508612
MRPC1_SX222,-0.01775384694337845
MRPC1_SX312,-0.08059361245897081
MRPC1_SX402,-6.781425327062607e-06
MRPC1_SX42,-0.04033737182617188
MRRE0_SI1334,-0.03598833434722003
MRRE0_SI704,-0.05760410953970516
MRRE0_SI952,-0.018578211466471355
MRRE0_SX164,-0.059015756183200416
MRRE0_SX254,-0.06512377054794975
MRRE0_SX344,-0.05880557537078857
MRRE0_SX434,-0.024679152028901235
MRRE0_SX74,-6.142177485993931e-05
MRSO0_SI1206,-0.06509104713064726
MRSO0_SI1659,-0.0732926262749566
MRSO0_SI2289,-0.016561742751829086
MRSO0_SX129,-0.06458597347654145
MRSO0_SX219,-0.09763202883980492
MRSO0_SX309,-0.07706442693384682
MRSO0_SX39,-0.00010013733649762666
MRSO0_SX399,-0.10958908450218939
MRSP0_SI1429,-0.08914476825344947
MRSP0_SI2059,-0.07212914824485779
MRSP0_SI799,-0.06943846493959427
MRSP0_SX169,-0.04880051953451974
MRSP0_SX196,-0.09656073451042176
MRSP0_SX259,-0.08033053498519094
MRSP0_SX439,-0.03891706725825434
MRSP0_SX79,-0.0003284528851509094
MRTC0_SI1458,-0.09051020695612981
MRTC0_SI2088,-0.05613428070431664
MRTC0_SI828,-0.02179130509093001
MRTC0_SX108,-1.7082163443168003e-05
MRTC0_SX18,-0.1001080697582614
MRTC0_SX198,-0.04301743110020955
MRTC0_SX288,-0.07277177655419638
MRTC0_SX378,-0.00011046852868718978
MRTJ0_SI1551,-0.0164801748025985
MRTJ0_SI2032,-2.753063199634198e-06
MRTJ0_SI772,-0.0589940071105957
MRTJ0_SX142,-0.09270729801871559
MRTJ0_SX232,-0.06737591955396864
MRTJ0_SX322,-0.06473109938881615
MRTJ0_SX412,-0.06746779788624156
MRTJ0_SX52,-0.08599164638113468
MRVG0_SI1140,-0.0031598107889294624
MRVG0_SI1770,-0.0345514589740384
MRVG0_SI510,-0.00017775374611741617
MRVG0_SX150,-0.06076099543735899
MRVG0_SX240,-3.0061683139285526e-05
MRVG0_SX330,-0.06491831276151869
MRVG0_SX420,-0.06926097768418332
MRVG0_SX60,-0.07750028610229492
MRWA0_SI1603,-0.0033426386969430105
MRWA0_SI2233,-0.04023793963498847
MRWA0_SI973,-0.081344113630407
MRWA0_SX163,-0.00021544451776303743
MRWA0_SX253,-0.055618066787719724
MRWA0_SX343,-0.005279477599055268
MRWA0_SX433,-9.585283918394929e-05
MRWA0_SX73,-4.019332885257648e-07
MRWS0_SI1102,-0.04631450819590735
MRWS0_SI1732,-0.05814194137399847
MRWS0_SI472,-0.07315705039284447
MRWS0_SX112,-0.017214222865946153
MRWS0_SX202,-0.0003404717730439228
MRWS0_SX22,-0.052004797118050713
MRWS0_SX292,-0.01862269143263499
MRWS0_SX382,-0.06294919848442078
MRXB0_SI1585,-0.004307121866279178
MRXB0_SI2215,-0.061346319855236614
MRXB0_SI955,-0.0522107947956432
MRXB0_SX145,-0.05977077973194611
MRXB0_SX235,-0.03737535558897873
MRXB0_SX325,-0.07438140256064278
MRXB0_SX415,-0.08185933695899116
MRXB0_SX55,-0.05107347355332485
MSAH1_SI1049,-0.06282267850988052
MSAH1_SI1679,-8.18277749203844e-07
MSAH1_SI2309,-0.08163464814424515
MSAH1_SX149,-0.03556211789449056
MSAH1_SX239,-0.08213507466846043
MSAH1_SX329,-0.027901212374369305
MSAH1_SX419,-0.11466169357299805
MSAH1_SX59,-0.00012878949443499246
MSAS0_SI1376,-0.05678815272317004
MSAS0_SI2006,-0.0010005578850254867
MSAS0_SI746,-0.010761762410402298
MSAS0_SX116,-0.09788460914905255
MSAS0_SX206,-0.07088858325306963
MSAS0_SX26,-0.07582304569391105
MSAS0_SX296,-0.10263121489322546
MSAS0_SX386,-0.048569017443163644
MSAT0_SI1526,-0.06773292607274549
MSAT0_SI2156,-0.00824723806646135
MSAT0_SI896,-0.0375370979309082
MSAT0_SX176,-0.0002508224273214535
MSAT0_SX266,-6.28263785921294e-05
MSAT0_SX356,-0.06951217651367188
MSAT0_SX446,-0.00012790684292956095
MSAT0_SX86,-0.04316129607539023
MSAT1_SI1073,-0.09755385623258703
MSAT1_SI1703,-0.045038212429393425
MSAT1_SI2333,-0.07736511090222527
MSAT1_SX173,-0.026745030879974364
MSAT1_SX263,-0.0001180287217721343
MSAT1_SX353,-0.09791832764943441
MSAT1_SX443,-0.00014912691299936602
MSAT1_SX83,-0.024559573994742498
MSDB0_SI1007,-0.018515395707097548
MSDB0_SI1637,-0.030028677755786527
MSDB0_SI2267,-0.03985680955829042
MSDB0_SX107,-3.2006685311595597e-05
MSDB0_SX17,-0.017476560175418855
MSDB0_SX197,-6.997736636549234e-06
MSDB0_SX287,-0.0003461752032094142
MSDB0_SX377,-0.0003359738546304214
MSDH0_SI2113,-0.09945685068766276
MSDH0_SI2240,-0.00024821604356953974
MSDH0_SI980,-0.01479780559356396
MSDH0_SX170,-0.0483743640092703
MSDH0_SX260,-9.938393060753986e-06
MSDH0_SX350,-0.019860552281749492
MSDH0_SX440,-0.07110734861724231
MSDH0_SX80,-1.9121385516232943e-06
MSDS0_SI1077,-0.08059156735738118
MSDS0_SI1707,-0.010446303420596652
MSDS0_SI2337,-0.08650806455901175
MSDS0_SX177,-0.05411213177901048
MSDS0_SX267,-0.13715594854110327
MSDS0_SX357,-0.046248947701803066
MSDS0_SX447,-0.08712103843688965
MSDS0_SX87,-0.050449918298160326
MSEM1_SI1440,-0.0474426235471453
MSEM1_SI2070,-0.055197673459206856
MSEM1_SI810,-0.07018259912729263
MSEM1_SX180,-0.0004624883747763104
MSEM1_SX270,-7.428501492306109e-05
MSEM1_SX360,-0.078094482421875
MSEM1_SX450,-0.0011357185633286185
MSEM1_SX90,-0.013980921644430894
MSES0_SI1589,-0.03856070552553449
MSES0_SI2216,-0.03478626906871796
MSES0_SI2219,-0.06266644795735678
MSES0_SX149,-0.05087386767069499
MSES0_SX239,-0.037716456821986606
MSES0_SX329,-0.001042123597401839
MSES0_SX419,-0.023875586084417394
MSES0_SX59,-0.012787078817685446
MSFH0_SI1216,-0.04706086635589599
MSFH0_SI1738,-0.10614965512202336
MSFH0_SI586,-0.09695691615343094
MSFH0_SX136,-0.06826537263159659
MSFH0_SX226,-0.03194906881877354
MSFH0_SX316,-0.05320632883480617
MSFH0_SX406,-0.08424483968856487
MSFH0_SX46,-0.05968766443191036
MSFV0_SI1262,-0.09332603500002906
MSFV0_SI1892,-0.09480420933213345
MSFV0_SI632,-0.027521937124190793
MSFV0_SX182,-0.026730257531870968
MSFV0_SX272,-0.04215644024036549
MSFV0_SX362,-0.04755627277285554
MSFV0_SX452,-0.06957237098527991
MSFV0_SX92,-0.08731421743120465
MSJK0_SI1596,-0.03130531112353007
MSJK0_SI2226,-0.07976938211000882
MSJK0_SI966,-0.040526770776317965
MSJK0_SX156,-0.08056352897123857
MSJK0_SX246,-0.0002193825860177317
MSJK0_SX336,-0.06557110006159002
MSJK0_SX426,-0.08189403383355391
MSJK0_SX66,-0.03835049602720472
MSMC0_SI1907,-0.12873543798923492
MSMC0_SI509,-0.04138259809525287
MSMC0_SI647,-0.07367937432395087
MSMC0_SX107,-0.00016672365988294283
MSMC0_SX17,-0.15570592880249023
MSMC0_SX197,-0.04054035494724909
MSMC0_SX287,-1.846415627943842e-05
MSMC0_SX377,-0.08702924193405523
MSMR0_SI1150,-0.00159480067945662
MSMR0_SI1405,-0.06947930157184601
MSMR0_SI775,-0.0676851344831062
MSMR0_SX145,-0.0026358378094595834
MSMR0_SX235,-0.055847418719324575
MSMR0_SX325,-0.05711848735809326
MSMR0_SX415,-0.08109625180562337
MSMR0_SX55,-0.0012500099837779999
MSMS0_SI1433,-0.07715304448054387
MSMS0_SI2063,-0.0005468348972499371
MSMS0_SI803,-0.08001656532287597
MSMS0_SX173,-0.08001431505730812
MSMS0_SX263,-0.03317684999534062
MSMS0_SX353,-0.033110172517838016
MSMS0_SX443,-0.04727358653627593
MSMS0_SX83,-0.026723561864910705
MSRG0_SI1221,-0.0068258951450216356
MSRG0_SI1851,-0.161287716456822
MSRG0_SI591,-0.04773303014891488
MSRG0_SX141,-3.205057309598339e-05
MSRG0_SX231,-3.34598801352761e-07
MSRG0_SX321,-0.07333002771650042
MSRG0_SX411,-0.049170461297035215
MSRG0_SX51,-0.00012735209268767658
MSRR0_SI1131,-0.0009482679340769263
MSRR0_SI1761,-0.06167795073311284
MSRR0_SI501,-0.05791088792144275
MSRR0_SX141,-5.0880424678325655e-05
MSRR0_SX231,-0.1610307368365201
MSRR0_SX30,-2.1837325766682624e-06
MSRR0_SX411,-0.06527536343305539
MSRR0_SX51,-2.5531200332228433e-05
MSTF0_SI1396,-0.0660977840423584
MSTF0_SI766,-8.3635444752872e-06
MSTF0_SI852,-0.07194261252880096
MSTF0_SX136,-0.06700767003572904
MSTF0_SX226,-0.00010366598144173622
MSTF0_SX316,-5.630994665211645e-05
MSTF0_SX406,-0.0002294471487402916
MSTF0_SX46,-0.02420753426849842
MSVS0_SI1568,-0.00010488734676920134
MSVS0_SI2198,-0.04338532581663968
MSVS0_SI938,-0.08351522381022825
MSVS0_SX128,-0.10583385399409703
MSVS0_SX218,-4.609000392346865e-05
MSVS0_SX308,-0.11801831862505745
MSVS0_SX38,-0.03887455804007394
MSVS0_SX398,-0.01873077816433377
MTAB0_SI1572,-0.10248116290930545
MTAB0_SI2202,-0.15919053554534912
MTAB0_SI942,-0.010304229288566403
MTAB0_SX132,-0.04325430260764228
MTAB0_SX222,-0.050819563865661624
MTAB0_SX312,-0.08679523961297397
MTAB0_SX402,-0.00014293141772641856
MTAB0_SX42,-4.654597010343305e-05
MTAS0_SI1385,-0.06649778144700187
MTAS0_SI2015,-0.019375170652682964
MTAS0_SI755,-0.10333769385879105
MTAS0_SX125,-0.020607330969401767
MTAS0_SX215,-0.10248253625981948
MTAS0_SX305,-0.033404337508337836
MTAS0_SX35,-3.81367110470631e-06
MTAS0_SX395,-0.06088296345302037
MTAT0_SI1110,-0.01647881797102631
MTAT0_SI1740,-0.04198722655956562
MTAT0_SI811,-0.07324930659511633
MTAT0_SX120,-0.05824331442515055
MTAT0_SX210,-0.037174224853515625
MTAT0_SX30,-4.165173158980906e-06
MTAT0_SX300,-7.124866910830692e-05
MTAT0_SX390,-0.08157594783886059
MTAT1_SI1409,-0.05990284861940326
MTAT1_SI1627,-6.469019296530046e-05
MTAT1_SI779,-0.002579941783311232
MTAT1_SX149,-0.03756459474563598
MTAT1_SX239,-3.8367519910271106e-05
MTAT1_SX329,-0.08309049076504177
MTAT1_SX419,-0.13916600717080607
MTAT1_SX59,-1.9398118768419536e-06
MTBC0_SI1173,-0.038075323899586996
MTBC0_SI1803,-0.0638272902544807
MTBC0_SI543,-0.032888836330837674
MTBC0_SX183,-0.005691640800045383
MTBC0_SX273,-0.10076326708639821
MTBC0_SX347,-0.04895253976186117
MTBC0_SX363,-0.032734321993450784
MTBC0_SX93,-0.10976188659667968
MTCS0_SI1972,-1.5542576355593546e-05
MTCS0_SI2265,-0.07025380317981426
MTCS0_SI712,-0.09149002206736598
MTCS0_SX172,-0.03776681423187256
MTCS0_SX262,-0.05898171855557349
MTCS0_SX352,-0.0422360897064209
MTCS0_SX442,-0.07670755490012791
MTCS0_SX82,-0.00011286106618011699
MTDB0_SI1401,-0.0004728675865736164
MTDB0_SI2031,-0.08981868853935829
MTDB0_SI771,-0.032400049147058706
MTDB0_SX141,-0.03262022320105105
MTDB0_SX231,-0.1612048257480968
MTDB0_SX321,-0.04805380821228027
MTDB0_SX411,-0.00037852006080823066
MTDB0_SX51,-4.479147139049712e-05
MTDP0_SI1274,-0.08262159143175397
MTDP0_SI1521,-0.0843775713885272
MTDP0_SI2151,-0.04021282453794737
MTDP0_SX171,-0.08286459922790528
MTDP0_SX261,-0.07618258549616887
MTDP0_SX351,-0.10843373279945523
MTDP0_SX441,-0.044283541473182475
MTDP0_SX81,-0.0002169642597436905
MTER0_SI1157,-0.0557185523211956
MTER0_SI1787,-0.02856763402620951
MTER0_SI527,-0.07319957762956619
MTER0_SX167,-0.03611040115356445
MTER0_SX17,-0.05177518129348755
MTER0_SX257,-0.0006781363487243652
MTER0_SX437,-0.0911529723634111
MTER0_SX77,-0.03443649181952843
MTJG0_SI1520,-0.04037439823150635
MTJG0_SI2157,-2.357177436351776e-06
MTJG0_SI890,-0.11224210505582849
MTJG0_SX170,-0.03337400005413936
MTJG0_SX260,-0.08661254247029622
MTJG0_SX350,-0.05277593281804299
MTJG0_SX440,-0.09852391481399536
MTJG0_SX80,-0.025713057353578764
MTJM0_SI1226,-0.04707324504852295
MTJM0_SI1856,-0.0885412335395813
MTJM0_SI655,-0.0703375299098128
MTJM0_SX146,-0.015741781276815078
MTJM0_SX236,-0.05843359808767996
MTJM0_SX326,-0.09118882540998788
MTJM0_SX416,-0.04458915304254602
MTJM0_SX56,-0.030595165491104127
MTJS0_SI1192,-0.000246016401797533
MTJS0_SI1822,-0.09306262668810393
MTJS0_SI562,-0.035904020559592326
MTJS0_SX112,-0.04315717220306396
MTJS0_SX202,-0.0005170028332782829
MTJS0_SX22,-9.410176426172257e-06
MTJS0_SX292,-0.0004853983314669862
MTJS0_SX382,-0.04245654956714527
MTJU0_SI2020,-0.08650109767913819
MTJU0_SI2269,-0.08598190148671468
MTJU0_SI760,-0.00012997837356207046
MTJU0_SX130,-8.403148967772722e-06
MTJU0_SX220,-0.1040042895896762
MTJU0_SX310,-0.06838805611069138
MTJU0_SX40,-1.4177263476588625e-05
MTJU0_SX400,-0.06238010602119642
MTKD0_SI1187,-0.0772571861743927
MTKD0_SI1817,-0.0469937220863674
MTKD0_SI630,-0.04934965795086276
MTKD0_SX107,-6.428763673112199e-05
MTKD0_SX17,-0.08344916105270386
MTKD0_SX197,-0.01613843689362208
MTKD0_SX287,-1.5146110971004535e-05
MTKD0_SX377,-0.08810362219810486
MTKP0_SI1023,-0.027255441203261867
MTKP0_SI2283,-0.05639832236550071
MTKP0_SI454,-0.031192642147258177
MTKP0_SX123,-0.05769624710083008
MTKP0_SX213,-0.06605813082526713
MTKP0_SX303,-0.10056237516732051
MTKP0_SX33,-0.07304191589355469
MTKP0_SX393,-0.00022873621914655932
MTLB0_SI1134,-0.0003177776824736941
MTLB0_SI1764,-4.204500000923872e-05
MTLB0_SI504,-0.09172901936939784
MTLB0_SX144,-0.04784447352091471
MTLB0_SX234,-0.03734200650995428
MTLB0_SX324,-0.00017308200208040385
MTLB0_SX414,-1.8299665165747083e-05
MTLB0_SX54,-0.0003890659174193507
MTLC0_SI1313,-0.07394744432889498
MTLC0_SI1477,-0.05212586476252629
MTLC0_SI847,-0.06864095456672437
MTLC0_SX127,-9.424984455108643e-07
MTLC0_SX217,-0.028683327711545505
MTLC0_SX307,-1.095133748921481e-05
MTLC0_SX37,-6.682116810868426e-05
MTLC0_SX397,-6.318414075808091e-05
MTML0_SI1065,-0.05308000969164299
MTML0_SI1695,-0.06325338227408273
MTML0_SI2325,-5.0645608168381914e-05
MTML0_SX165,-0.06184703963143485
MTML0_SX255,-0.00014166467625534895
MTML0_SX345,-0.06491548220316569
MTML0_SX435,-0.09674999237060547
MTML0_SX75,-0.04234102464491321
MTMN0_SI1064,-0.04867423148382278
MTMN0_SI2324,-0.053256596837724955
MTMN0_SI582,-0.06366610181504402
MTMN0_SX164,-0.043179012480236235
MTMN0_SX254,-0.07966444285019585
MTMN0_SX344,-0.09469142827120694
MTMN0_SX434,-0.10372008948490538
MTMN0_SX74,-0.00038785596980768093
MTMT0_SI1118,-0.08578337692632908
MTMT0_SI1748,-3.388085786034079e-05
MTMT0_SI488,-0.06370485287446243
MTMT0_SX128,-0.0747010796158402
MTMT0_SX218,-0.06479793503170922
MTMT0_SX308,-0.09629989392829663
MTMT0_SX38,-4.1415621209042996e-05
MTMT0_SX398,-0.055713182145898994
MTPF0_SI1235,-0.0620715821042974
MTPF0_SI1865,-0.08741642128337514
MTPF0_SI605,-0.04130047054614051
MTPF0_SX155,-0.00017077960073947908
MTPF0_SX245,-0.06976225120680672
MTPF0_SX335,-0.02218574285507202
MTPF0_SX425,-0.13014859954516092
MTPF0_SX65,-1.3313190235445897e-05
MTPG0_SI1383,-0.10135709828343885
MTPG0_SI2013,-1.5172262404424449e-05
MTPG0_SI753,-0.07502303689213122
MTPG0_SX123,-0.03790455886295863
MTPG0_SX213,-0.08442510763804117
MTPG0_SX303,-0.08949347200064824
MTPG0_SX33,-0.029167281043144963
MTPG0_SX393,-0.10750454844850482
MTPP0_SI1508,-0.03255465626716614
MTPP0_SI2138,-0.06439837000586769
MTPP0_SI878,-0.008355971839692857
MTPP0_SX158,-0.0687997782671893
MTPP0_SX248,-0.00044104909258229393
MTPP0_SX338,-3.215479286941322e-06
MTPP0_SX428,-0.000551950807372729
MTPP0_SX68,-0.020982449545579797
MTPR0_SI1600,-0.08495449392419112
MTPR0_SI2230,-0.04172287881374359
MTPR0_SI506,-3.5528625760759624e-06
MTPR0_SX160,-0.05404573938120966
MTPR0_SX250,-0.03877544403076172
MTPR0_SX340,-0.0848393663764
MTPR0_SX430,-0.08958864212036133
MTPR0_SX70,-8.494903643925985e-06
MTQC0_SI1441,-0.12050318351158729
MTQC0_SI2071,-0.07607710929143996
MTQC0_SI480,-0.09076376583265222
MTQC0_SX181,-0.10272631746657351
MTQC0_SX271,-0.05312695354223251
MTQC0_SX361,-0.10275100999408299
MTQC0_SX451,-0.06386250140620213
MTQC0_SX91,-0.048790778869237654
MTRC0_SI1623,-0.002785410631347347
MTRC0_SI589,-0.0002602643799036741
MTRC0_SI993,-0.09255834136690412
MTRC0_SX170,-0.03476797470024654
MTRC0_SX183,-0.0032710397037966498
MTRC0_SX273,-0.06269249518712362
MTRC0_SX363,-0.03066953122615814
MTRC0_SX93,-0.04650732517242431
MTRR0_SI1548,-0.031098328885577974
MTRR0_SI2178,-2.3309425968262884e-05
MTRR0_SI918,-0.06458800489252264
MTRR0_SX108,-2.388098437222652e-06
MTRR0_SX18,-0.0581397270334178
MTRR0_SX198,-0.00037401847657747567
MTRR0_SX288,-0.0011680852188620456
MTRR0_SX378,-0.07606608616678338
MTRT0_SI1227,-0.09415115981266417
MTRT0_SI1857,-0.07986644903818767
MTRT0_SI597,-0.039149589398327994
MTRT0_SX147,-0.040960101854233516
MTRT0_SX237,-0.016367619236310322
MTRT0_SX254,-0.13969184103466215
MTRT0_SX417,-0.034728598594665525
MTRT0_SX57,-4.424743946724301e-07
MTWH1_SI1512,-0.00013464753283187747
MTWH1_SI2142,-0.022186699509620666
MTWH1_SI882,-0.06436526030302048
MTWH1_SX162,-0.05577343191419329
MTWH1_SX252,-0.05154569830213274
MTWH1_SX342,-3.4671880908914516e-06
MTWH1_SX432,-0.02222288122364119
MTWH1_SX72,-1.0486002321596499e-05
MTXS0_SI1060,-0.08869973512796256
MTXS0_SI1690,-9.974120621336624e-06
MTXS0_SI2320,-0.043551720421889734
MTXS0_SX160,-0.07139221989378637
MTXS0_SX250,-0.05947108017770868
MTXS0_SX340,-0.05705253420204952
MTXS0_SX430,-0.06814357067676301
MTXS0_SX70,-0.00023514426512909786
MVJH0_SI1556,-0.1045348419333404
MVJH0_SI2186,-0.09033524117818693
MVJH0_SI926,-8.35423030563303e-05
MVJH0_SX116,-6.387929121653239e-05
MVJH0_SX206,-0.00035364683717489245
MVJH0_SX26,-0.0719637183042673
MVJH0_SX296,-0.026742366949717204
MVJH0_SX386,-0.027877817230839885
MVLO0_SI1147,-0.06163644089418299
MVLO0_SI1777,-0.11890523774283272
MVLO0_SI517,-0.03433287360451438
MVLO0_SX157,-0.11757500243909431
MVLO0_SX247,-0.04966650110609988
MVLO0_SX337,-0.03732942593725104
MVLO0_SX427,-0.012709577083587647
MVLO0_SX67,-0.00019589815895224727
MVRW0_SI1485,-0.00010792721631163257
MVRW0_SI2115,-0.00020522262754016802
MVRW0_SI855,-0.08126040407129236
MVRW0_SX135,-0.07509230483661998
MVRW0_SX225,-0.03487917551627526
MVRW0_SX315,-0.04106731250368316
MVRW0_SX405,-0.04608902004030016
MVRW0_SX45,-0.0001482492538564133
MWAC0_SI1601,-0.03884156465530395
MWAC0_SI2231,-0.09647111516249807
MWAC0_SI971,-0.08633348037456644
MWAC0_SX161,-0.051133710510876715
MWAC0_SX251,-0.033813991636600135
MWAC0_SX341,-0.037611512250678485
MWAC0_SX431,-0.10180371148245675
MWAC0_SX71,-0.05520755244839576
MWAD0_SI1062,-8.509858553089313e-05
MWAD0_SI1749,-6.670173671510484e-05
MWAD0_SI2322,-0.0005101977902300217
MWAD0_SX162,-0.0018705534438292184
MWAD0_SX252,-0.00011971223284490407
MWAD0_SX342,-0.0013775917597942883
MWAD0_SX432,-3.5708242992185195e-05
MWAD0_SX72,-0.0015524219382892954
MWAR0_SI1045,-0.06864702095419674
MWAR0_SI1675,-0.05284540276778372
MWAR0_SI2305,-0.016488641500473022
MWAR0_SX145,-3.169344640091846e-05
MWAR0_SX235,-6.216496293400896e-05
MWAR0_SX325,-0.04144932746887207
MWAR0_SX415,-0.06789192226197985
MWAR0_SX55,-3.1205319354067676e-05
MWCH0_SI1622,-0.06475946449098133
MWCH0_SI1895,-0.05340359466416495
MWCH0_SI2252,-0.05223038650694348
MWCH0_SX182,-0.10259474407542836
MWCH0_SX272,-0.04677505016326904
MWCH0_SX362,-0.04572585083189465
MWCH0_SX452,-0.04731014099988071
MWCH0_SX92,-0.03804333069745232
MWDK0_SI1436,-0.0005211213887748072
MWDK0_SI2017,-1.167402951978147e-05
MWDK0_SI806,-0.051166260943693274
MWDK0_SX176,-0.04469739222059063
MWDK0_SX266,-0.0003464503454104547
MWDK0_SX356,-0.03476876531328474
MWDK0_SX446,-4.740515667036539e-06
MWDK0_SX86,-0.042352978388468424
MWEM0_SI1320,-0.07821222808625963
MWEM0_SI1393,-0.0003081662580370903
MWEM0_SI1950,-0.08042501449584961
MWEM0_SX150,-0.04317191044489543
MWEM0_SX240,-0.016180438430685746
MWEM0_SX330,-0.059347996344933145
MWEM0_SX420,-0.006503906904482374
MWEM0_SX60,-0.0012419865447647717
MWGR0_SI1606,-0.05526282336260822
MWGR0_SI2236,-0.06688012498797792
MWGR0_SI976,-0.04855963389078776
MWGR0_SX166,-0.08329810767338194
MWGR0_SX256,-0.05846848993590384
MWGR0_SX346,-1.6107542804725792e-05
MWGR0_SX436,-0.00017995433881878853
MWGR0_SX76,-3.6315404270824635e-05
MWRE0_SI1057,-0.09601756242605355
MWRE0_SI1687,-0.08744573593139648
MWRE0_SI2317,-2.1141735903386558e-05
MWRE0_SX157,-0.08014269007576837
MWRE0_SX247,-0.051184495290120445
MWRE0_SX337,-0.06707610867240212
MWRE0_SX427,-0.010660972860124376
MWRE0_SX67,-0.005751785304811265
MWRP0_SI1443,-2.034606586676091e-05
MWRP0_SI1525,-0.042964816093444824
MWRP0_SI2073,-0.06488468647003173
MWRP0_SX183,-0.07108396689097086
MWRP0_SX273,-0.13337302977038967
MWRP0_SX3,-0.14154404004414875
MWRP0_SX363,-4.572737221182747e-05
MWRP0_SX93,-4.639397957362235e-06
MWSB0_SI1626,-0.022940006749383336
MWSB0_SI2256,-0.07758863766988118
MWSB0_SI996,-0.06190035389918907
MWSB0_SX186,-0.07169716633283175
MWSB0_SX276,-0.03387351334095001
MWSB0_SX366,-0.08910905190233914
MWSB0_SX6,-8.014917235683512e-05
MWSB0_SX96,-0.049015820026397705
MWSH0_SI1426,-0.00017631621587844122
MWSH0_SI2266,-0.00030551664531230927
MWSH0_SI796,-0.0327497273683548
MWSH0_SX166,-8.632033540491473e-05
MWSH0_SX256,-0.034152796774199516
MWSH0_SX346,-0.03720077601346103
MWSH0_SX436,-0.009787203123172125
MWSH0_SX76,-0.08640140295028687
MZMB0_SI1166,-1.2338932218222783e-05
MZMB0_SI1796,-0.1258988254948666
MZMB0_SI536,-0.08136438781564886
MZMB0_SX176,-0.05225522816181183
MZMB0_SX266,-1.855466909932368e-05
MZMB0_SX356,-0.030213567945692275
MZMB0_SX446,-1.0850164107978344e-05
MZMB0_SX86,-0.011286081746220589
