MAKR0_SI722,-0.12526456514994302
MAKR0_SX362,-0.08184901475906373
MAKR0_SX452,-0.1064922537122454
MAKR0_SX92,-0.11062222719192505
MAPV0_SI663,-0.16066184335825395
MAPV0_SX393,-0.15060826894399282
MARC0_SI1818,-0.1242197831471761
MARC0_SI558,-0.12116515359213186
MARC0_SX18,-0.17011339847858137
MARC0_SX198,-0.10605420737430968
MARC0_SX288,-0.11343393060896131
MARC0_SX378,-0.1538208283876118
MARW0_SI646,-0.07707063198089599
MARW0_SX286,-0.11605800115145169
MBAR0_SI1319,-0.17653894424438477
MBAR0_SI1949,-0.1378929194282083
MBAR0_SX149,-0.12128627300262451
MBAR0_SX239,-0.1229172291294221
MBAR0_SX329,-0.11559996514950159
MBAR0_SX59,-0.16672706604003906
MBBR0_SI1055,-0.14138097930372806
MBBR0_SI2315,-0.06564924830482119
MBBR0_SX155,-0.19593011140823363
MBBR0_SX245,-0.15721986911914967
MBBR0_SX335,-0.12646075162020595
MBCG0_SI2217,-0.08308919270833333
MBCG0_SI957,-0.23062577681107954
MBCG0_SX147,-0.17954906550320712
MBCG0_SX237,-0.05608775741175601
MBCG0_SX327,-0.18259854470529863
MBCG0_SX417,-0.14751701884799534
MBEF0_SI1281,-0.12927205474288375
MBEF0_SI1911,-0.22245373870387222
MBEF0_SX111,-0.0640706221262614
MBEF0_SX201,-0.16803247928619386
MBEF0_SX21,-0.19621631678412943
MBEF0_SX291,-0.1907788239992582
MBGT0_SI1841,-0.1612112439911941
MBGT0_SI711,-0.17205865566547102
MBGT0_SX171,-0.16697393679151348
MBJV0_SI1247,-0.15472401994647403
MBJV0_SI1877,-0.17341320602982133
MBJV0_SI617,-0.18325908560501902
MBJV0_SX347,-0.1922722186072398
MBJV0_SX437,-0.14654363285411487
MBJV0_SX77,-0.1603809893131256
MBMA0_SX232,-0.1337909920271053
MBMA0_SX412,-0.12850532776270157
MBMA0_SX52,-0.1547131856282552
MBMA1_SI954,-0.16725002989477042
MBMA1_SX234,-0.12181440152620014
MBMA1_SX324,-0.1549624473817887
MBMA1_SX414,-0.19742874982880382
MBMA1_SX54,-0.18404338526171307
MBML0_SI1169,-0.12625897558111893
MBML0_SI539,-0.13387865008729877
MBML0_SX179,-0.10904965400695801
MBML0_SX359,-0.11332883618094704
MBML0_SX449,-0.2117103414332613
MBML0_SX89,-0.09832298371099657
MBOM0_SI1014,-0.13445415320219817
MBOM0_SI1644,-0.17544132730235223
MBOM0_SI2274,-0.1561675329466124
MBOM0_SX204,-0.12599484920501708
MBOM0_SX311,-0.1923688375032865
MBOM0_SX384,-0.10526432161745818
MBSB0_SI1353,-0.19375512713477724
MBSB0_SI723,-0.2072049095517113
MBSB0_SX273,-0.15755992669325608
MBSB0_SX3,-0.24662487323467547
MBTH0_SI757,-0.17023080871218726
MBTH0_SX212,-0.14730242165652188
MBTH0_SX302,-0.11350253423055014
MBTH0_SX32,-0.1470079808621793
MBTH0_SX392,-0.13157198164198133
MBWP0_SI1531,-0.11252134186880929
MBWP0_SI1969,-0.0977163437085274
MBWP0_SX259,-0.14590121570386386
MBWP0_SX349,-0.13986343633933146
MBWP0_SX79,-0.10703284399850028
MCAL0_SI1138,-0.15133773674399165
MCAL0_SX148,-0.14964788489871556
MCAL0_SX238,-0.15741595354947177
MCAL0_SX58,-0.1992901541969993
MCDC0_SI1292,-0.09582675165600246
MCDC0_SI1922,-0.11330006040375808
MCDC0_SX122,-0.1468912230597602
MCDC0_SX212,-0.1236533694797092
MCDC0_SX32,-0.09512659123069361
MCDC0_SX392,-0.19518549177381728
MCDD0_SI883,-0.10484422864140691
MCDD0_SX253,-0.17071572056523077
MCDD0_SX343,-0.1639548567838447
MCDR0_SI1154,-0.11889695186241
MCDR0_SI524,-0.12629303624553065
MCDR0_SX434,-0.08242411272866386
MCEF0_SI1135,-0.17022477558680943
MCEF0_SI842,-0.16679527885035464
MCEF0_SX235,-0.08680867467607771
MCEF0_SX325,-0.09940032164255778
MCEF0_SX415,-0.13280271839451147
MCEW0_SI2072,-0.17140360536246463
MCHL0_SI1347,-0.21894397735595703
MCHL0_SI1977,-0.1276413897673289
MCHL0_SX87,-0.08226733207702637
MCLK0_SI1660,-0.08413587676154242
MCLK0_SI2290,-0.13547046979268393
MCLK0_SI650,-0.15139014033947962
MCLK0_SX220,-0.14810289806789823
MCLK0_SX310,-0.1561797604416356
MCLK0_SX400,-0.16923632492890228
MCLM0_SI1456,-0.17723735543184502
MCLM0_SI826,-0.12731632232666015
MCLM0_SX196,-0.13542957054941276
MCLM0_SX286,-0.14478055000305176
MCLM0_SX376,-0.16888747215270997
MCPM0_SI1824,-0.15644121170043945
MCPM0_SI564,-0.1351671705440599
MCPM0_SX114,-0.10222906777352998
MCPM0_SX294,-0.149854641694289
MCPM0_SX384,-0.16559009750684103
MCRE0_SX131,-0.07752284407615662
MCRE0_SX221,-0.19455238098793842
MCRE0_SX401,-0.1423898765019008
MCRE0_SX41,-0.13220454235466159
MCSS0_SI1380,-0.09769678982821378
MCSS0_SI688,-0.14193695881327645
MCSS0_SI750,-0.08867905139923096
MCSS0_SX210,-0.19989824295043945
MCSS0_SX300,-0.09668797651926676
MCSS0_SX390,-0.11219463348388672
MCTH0_SI1209,-0.13680826349461334
MCTH0_SI1839,-0.13399930154123613
MCTH0_SI579,-0.16092252731323242
MCTH0_SX309,-0.14422276020050048
MCTH0_SX39,-0.15689097028790097
MCTM0_SI1350,-0.19658470153808594
MCTM0_SI1980,-0.18152554829915366
MCTM0_SI720,-0.14073208570480347
MCTM0_SX180,-0.19080976878895478
MCTM0_SX270,-0.21836451383737418
MCTM0_SX450,-0.14726732998359493
MCXM0_SX361,-0.18565143238414417
MDAC0_SI1837,-0.1614675521850586
MDAC0_SX181,-0.0773383378982544
MDAC0_SX271,-0.10765612787670559
MDAC0_SX361,-0.10618899085304954
MDAS0_SI1266,-0.15387536739480906
MDAS0_SI636,-0.08970807682384144
MDAS0_SX21,-0.10331993753259833
MDAS0_SX276,-0.22767809665564334
MDBB1_SI1006,-0.15745524970852598
MDBB1_SX286,-0.1377261061417429
MDBP0_SI1158,-0.09808981986272902
MDBP0_SI528,-0.15227488396872937
MDBP0_SX168,-0.1445021812732403
MDBP0_SX348,-0.14462237556775412
MDBP0_SX438,-0.1425342933804381
MDBP0_SX78,-0.16471326712406043
MDCD0_SI1415,-0.14671299192640516
MDCD0_SX155,-0.19328604246440687
MDCD0_SX65,-0.0632801999648412
MDCM0_SI1480,-0.1307911617415292
MDCM0_SI2110,-0.12059120088815689
MDCM0_SI850,-0.11805053761130885
MDCM0_SX130,-0.18484668378476743
MDCM0_SX220,-0.13009143457180117
MDCM0_SX310,-0.23852647840976715
MDCM0_SX40,-0.11253983324224298
MDCM0_SX400,-0.13608664624831257
MDDC0_SI1419,-0.12364946562668373
MDDC0_SI2049,-0.16305606067180634
MDDC0_SI789,-0.09696909276450552
MDDC0_SX339,-0.17368707349223475
MDDC0_SX69,-0.06947614207412257
MDED0_SI1170,-0.14199151414813418
MDED0_SX180,-0.1536974781437924
MDED0_SX360,-0.1964129419887767
MDED0_SX450,-0.08855242424822868
MDEF0_SI2193,-0.16534017794059985
MDEF0_SX303,-0.16128671687582266
MDEF0_SX33,-0.151411771774292
MDEF0_SX393,-0.1522630636508648
MDEM0_SI1868,-0.1486441997381357
MDEM0_SX248,-0.1243030285013133
MDEM0_SX428,-0.15562572479248046
MDHL0_SI1439,-0.14837591464702898
MDHL0_SI2069,-0.1825847327709198
MDHL0_SI809,-0.1518252604716533
MDHL0_SX179,-0.1384889378267176
MDHL0_SX359,-0.12738837366518768
MDHL0_SX449,-0.18616002919722577
MDHS0_SI1530,-0.14009564063128302
MDHS0_SX180,-0.1143971946504381
MDHS0_SX90,-0.12929069002469382
MDJM0_SI1455,-0.15304380948426294
MDJM0_SI2085,-0.16720040220963328
MDJM0_SI825,-0.12172450246037664
MDJM0_SX195,-0.0883488655090332
MDJM0_SX285,-0.137175448735555
MDJM0_SX375,-0.1497027812859951
MDKS0_SI1696,-0.18442132075627646
MDKS0_SI2326,-0.11879594509418194
MDKS0_SX256,-0.15629728635152182
MDKS0_SX76,-0.13950630596705846
MDLB0_SI1306,-0.10064141391074821
MDLB0_SI676,-0.1409397011711484
MDLB0_SX136,-0.14304184091502223
MDLB0_SX226,-0.10230837697568147
MDLB0_SX406,-0.14226360882029815
MDLB0_SX46,-0.1337072003272272
MDLC0_SI1395,-0.14298837576339493
MDLC1_SI1435,-0.16535359722072795
MDLC1_SI2065,-0.17440776167244748
MDLC1_SI2144,-0.13311069541507298
MDLC1_SX175,-0.17068292476512767
MDLC1_SX265,-0.10912088445715003
MDLC1_SX355,-0.13633940838001393
MDLC1_SX445,-0.15834410437222185
MDLC1_SX85,-0.13773778279622395
MDLC2_SI2244,-0.24753253600176642
MDLC2_SI984,-0.1448684501647949
MDLC2_SX174,-0.16880561908086142
MDLC2_SX264,-0.18381697336832684
MDLC2_SX84,-0.1286477109660273
MDLH0_SX160,-0.11172023111460161
MDLH0_SX340,-0.091682210113063
MDLH0_SX70,-0.028111643261379667
MDLM0_SI1234,-0.12440784999302455
MDLM0_SI1864,-0.11132038964165582
MDLM0_SI604,-0.16551991166739627
MDLM0_SX154,-0.11737419664859772
MDLM0_SX334,-0.0733402669429779
MDLM0_SX424,-0.1842985573936911
MDLM0_SX64,-0.12671318547479038
MDLR0_SI1233,-0.17453642360499647
MDLR0_SI1863,-0.07286828214471991
MDLR0_SX153,-0.171660711180489
MDLR0_SX333,-0.16034156935555594
MDLR0_SX423,-0.18368492126464844
MDLR0_SX63,-0.11233354337287671
MDLR1_SI1299,-0.13020318432858116
MDLR1_SI1929,-0.1187680789402553
MDLR1_SX129,-0.14973434325187437
MDMA0_SI1430,-0.08884438654271568
MDMA0_SX170,-0.1517886479695638
MDMA0_SX260,-0.14361837635869565
MDMA0_SX350,-0.14889917733534327
MDMA0_SX440,-0.16849742889404296
MDMT0_SI1832,-0.14272323021521935
MDMT0_SX122,-0.1352839103111854
MDMT0_SX32,-0.1824826513017927
MDMT0_SX392,-0.10799240511517193
MDNS0_SI1011,-0.17671891414757931
MDNS0_SI2271,-0.13361933827400208
MDNS0_SI873,-0.13118050462108546
MDNS0_SX111,-0.13338359196980795
MDNS0_SX291,-0.19855323959799373
MDPB0_SI1760,-0.1448103731328791
MDPB0_SI2126,-0.06692216509864443
MDPB0_SI866,-0.10612396399180095
MDPB0_SX236,-0.12202599174097965
MDPB0_SX326,-0.17733073234558105
MDPB0_SX416,-0.11803664101494683
MDPK0_SI1683,-0.14113230175442165
MDPK0_SI552,-0.1331571787595749
MDPK0_SX153,-0.17873130960667388
MDPK0_SX243,-0.1206216445335975
MDPK0_SX333,-0.1587302303314209
MDPK0_SX423,-0.18908563474329507
MDPS0_SI1979,-0.16841673851013184
MDPS0_SX179,-0.15601081848144532
MDPS0_SX269,-0.07367994608702483
MDPS0_SX449,-0.10593318939208984
MDRD0_SI1382,-0.09379574987623426
MDRD0_SI752,-0.18606670567246733
MDRD0_SX302,-0.10445500142646558
MDRD0_SX32,-0.16110257307688394
MDRD0_SX392,-0.14994007746378582
MDSJ0_SI1462,-0.1063658078511556
MDSJ0_SI2092,-0.07587475436074394
MDSJ0_SI832,-0.20128265108381
MDSJ0_SX112,-0.12876478401390282
MDSJ0_SX22,-0.21399808883666993
MDSJ0_SX292,-0.16281853119532266
MDSJ0_SX382,-0.12867157599505255
MDSJ0_SX438,-0.1978639562924703
MDSS0_SI1881,-0.13493908882141115
MDSS0_SI621,-0.07577222235062543
MDSS0_SX171,-0.22008686065673827
MDSS0_SX261,-0.17583377361297609
MDSS0_SX351,-0.2065286147288787
MDSS0_SX441,-0.14775039303687312
MDSS1_SI1713,-0.10134626286370414
MDSS1_SI697,-0.24294090270996094
MDSS1_SX247,-0.1818331003189087
MDSS1_SX337,-0.15786009364657932
MDSS1_SX427,-0.20559083498441255
MDTB0_SI1830,-0.1580279711130503
MDTB0_SX210,-0.16959531490619367
MDTB0_SX300,-0.10605063805213341
MDTB0_SX321,-0.1727718671162923
MDTB0_SX390,-0.1357084021848791
MDWD0_SI1260,-0.13766553666856554
MDWD0_SI1890,-0.16729081549295566
MDWD0_SI557,-0.17883313496907552
MDWD0_SX180,-0.11287883122762045
MDWD0_SX90,-0.13710224186932599
MDWH0_SI1925,-0.07424739334318373
MDWH0_SX125,-0.08782611574445452
MDWH0_SX305,-0.12463131817904385
MDWM0_SI916,-0.1744102602419646
MDWM0_SX106,-0.19202822652356377
MDWM0_SX376,-0.11898601972139798
MEAL0_SI1547,-0.1675259149991549
MEAL0_SI2177,-0.13130369892826788
MEAL0_SI917,-0.17096293414080585
MEAL0_SX197,-0.0846471009047135
MEAL0_SX287,-0.10029935042063395
MEAL0_SX377,-0.15575079236711775
MEDR0_SI1374,-0.11455840269724528
MEDR0_SX114,-0.10266635698430679
MEDR0_SX204,-0.1509985362782198
MEDR0_SX384,-0.10840932846069336
MEFG0_SI598,-0.1601923335682262
MEFG0_SX105,-0.11766219139099121
MEFG0_SX195,-0.18678645654158157
MEFG0_SX375,-0.1809862420914021
MEJL0_SI1592,-0.15178741727556502
MEJL0_SI1654,-0.18615969367649243
MEJL0_SI962,-0.20467951184227354
MEJL0_SX242,-0.21170873301369802
MEJL0_SX332,-0.1454871654510498
MEJL0_SX422,-0.16111114697578627
MEJS0_SI1240,-0.12525929537686434
MEJS0_SI1870,-0.1291055679321289
MEJS0_SI610,-0.08582347148173564
MEJS0_SX160,-0.1586474455319918
MEJS0_SX250,-0.15958521366119385
MEJS0_SX340,-0.15640364374433244
MEJS0_SX70,-0.05801398058732351
MESG0_SI1332,-0.14379315376281737
MESG0_SI1962,-0.11700092512985756
MESG0_SX252,-0.09559257825215657
MESG0_SX342,-0.16552669246022295
MESG0_SX432,-0.16272008830103382
MESJ0_SI2039,-0.14576513362380694
MESJ0_SI2257,-0.15556835306101832
MESJ0_SX187,-0.07362638021770276
MESJ0_SX277,-0.09475647926330566
MESJ0_SX7,-0.11264867618166167
MEWM0_SI1978,-0.09530634739819695
MEWM0_SI718,-0.21000256409516205
MEWM0_SX268,-0.17791333198547363
MEWM0_SX88,-0.14239306145525993
MFER0_SI2122,-0.16624380861009871
MFER0_SI862,-0.1901793046431108
MFER0_SX142,-0.08166716549847577
MFER0_SX232,-0.18532972335815429
MFMC0_SI1762,-0.11551460954878065
MFMC0_SX142,-0.12644851684570313
MFMC0_SX232,-0.14521521871740167
MFMC0_SX322,-0.12813183840583353
MFMC0_SX412,-0.16788789204188756
MFMC0_SX52,-0.18595805279044217
MFRM0_SI1155,-0.18265558638662663
MFRM0_SI1717,-0.17681281319979963
MFRM0_SX165,-0.1287115781735151
MFRM0_SX255,-0.12983868338844992
MFRM0_SX435,-0.15745987611658432
MFWK0_SI1879,-0.22265806505756994
MFWK0_SI619,-0.12404661708407932
MFWK0_SX169,-0.16691686993553526
MFWK0_SX439,-0.14992226494683158
MFWK0_SX79,-0.11673188209533691
MFXS0_SI1674,-0.1758709635053362
MFXS0_SI2304,-0.0471045500353763
MFXS0_SX144,-0.17918869654337566
MFXS0_SX234,-0.1459587259990413
MFXS0_SX324,-0.146693297794887
MFXS0_SX54,-0.2124506079632303
MFXV0_SI1342,-0.13224898904993915
MFXV0_SI1635,-0.17995473543802898
MFXV0_SX195,-0.08708995266964561
MFXV0_SX285,-0.11113970096294697
MGAF0_SI1282,-0.14780841889928598
MGAF0_SX112,-0.2540806399451362
MGAF0_SX202,-0.25795218819066096
MGAF0_SX292,-0.20959049047425735
MGAF0_SX382,-0.21154366041484632
MGAG0_SI1321,-0.1822519302368164
MGAG0_SI645,-0.2501730268651789
MGAG0_SI691,-0.12061484106655779
MGAG0_SX151,-0.16540779211582282
MGAG0_SX241,-0.15124418185307428
MGAG0_SX331,-0.1901186252462453
MGAG0_SX421,-0.11707835043630292
MGAK0_SI1036,-0.20474542197534593
MGAK0_SI2296,-0.21097324788570404
MGAK0_SX136,-0.16383351412686434
MGAK0_SX226,-0.08047954060814598
MGAK0_SX406,-0.12785045305887857
MGAR0_SI1212,-0.10134649276733398
MGAR0_SI1694,-0.22244267804282053
MGAR0_SX132,-0.2225550274516261
MGAR0_SX312,-0.08460768531350528
MGAW0_SI1165,-0.12160602666563906
MGAW0_SI1802,-0.13779522338003483
MGAW0_SI535,-0.17476193801216458
MGAW0_SX175,-0.16483061921362782
MGAW0_SX265,-0.17374668699322324
MGAW0_SX445,-0.1656125545501709
MGAW0_SX85,-0.14008971850077312
MGES0_SX131,-0.16144763946533203
MGES0_SX221,-0.18395701321688565
MGES0_SX401,-0.18550021307809011
MGES0_SX41,-0.11953838504090601
MGJC0_SI1256,-0.07213682681322098
MGJC0_SI1335,-0.10088743918981308
MGJC0_SI1965,-0.08334122763739692
MGJC0_SX255,-0.13893412181309292
MGJC0_SX435,-0.11504205067952473
MGJC0_SX75,-0.15074980960172765
MGRL0_SI1497,-0.1569710546924222
MGRL0_SI2127,-0.23911758831569127
MGRL0_SI867,-0.16731050459005065
MGRL0_SX237,-0.12653029881990874
MGRL0_SX417,-0.11400781179729261
MGRP0_SI1317,-0.19268325658944938
MGRP0_SX147,-0.16470019022623697
MGRP0_SX237,-0.07493894978573448
MGRP0_SX327,-0.1325444559897146
MGRP0_SX417,-0.17746775859111064
MGRP0_SX57,-0.08895536926057604
MGSH0_SI1176,-0.12083640174260216
MGSH0_SI1806,-0.1470333735148112
MGSH0_SX276,-0.13646401299370658
MGSL0_SI1164,-0.14767608923070571
MGSL0_SX174,-0.14722664789720016
MGSL0_SX264,-0.1751854786506066
MGSL0_SX444,-0.13483731370223195
MGSL0_SX84,-0.1946247100830078
MGXP0_SI1087,-0.12411702530724662
MGXP0_SI525,-0.12011882993910047
MGXP0_SX187,-0.15165565695081437
MGXP0_SX277,-0.1696951572711651
MGXP0_SX367,-0.08001103272309175
MGXP0_SX7,-0.09439889846309539
MGXP0_SX97,-0.16812505722045898
MHBS0_SI2205,-0.13400402936068448
MHBS0_SI945,-0.15738003342239945
MHBS0_SX135,-0.11496399697803315
MHBS0_SX225,-0.13858953228703252
MHIT0_SI1613,-0.19482842854091098
MHIT0_SI2243,-0.07149726390838623
MHIT0_SI983,-0.1969448969914363
MHIT0_SX263,-0.13617957555330718
MHIT0_SX353,-0.13945352669918176
MHIT0_SX83,-0.0682782353581609
MHJB0_SI1017,-0.14564116299152374
MHJB0_SI1647,-0.13473685582478842
MHJB0_SX117,-0.15669794740348025
MHJB0_SX207,-0.1345583995183309
MHJB0_SX27,-0.1107434332370758
MHJB0_SX297,-0.16936391830444336
MHJB0_SX387,-0.09235276579856873
MHMG0_SX195,-0.08360902070999146
MHMG0_SX285,-0.11686062090324634
MHMG0_SX375,-0.13186144828796387
MHMR0_SI1119,-0.20051617920398712
MHMR0_SI1692,-0.1256667005604711
MHMR0_SI489,-0.18061019352504185
MHMR0_SX309,-0.19181201674721457
MHMR0_SX39,-0.11322596266462996
MHRM0_SI1475,-0.11968453034110692
MHRM0_SI2218,-0.10299878371389289
MHRM0_SX148,-0.1108581406729562
MHRM0_SX418,-0.06457955969704522
MHRM0_SX58,-0.13756220817565917
MHXL0_SI1772,-0.15676090934059836
MHXL0_SI512,-0.08675975799560547
MHXL0_SI612,-0.09378471741309533
MHXL0_SX332,-0.18512041568756105
MHXL0_SX422,-0.1876969231499566
MHXL0_SX62,-0.10465731828109077
MILB0_SI2163,-0.15095312893390656
MILB0_SI807,-0.12236896826296437
MILB0_SI903,-0.1313347135271345
MILB0_SX3,-0.2290030075953557
MILB0_SX93,-0.1093177908942813
MJAC0_SI1331,-0.1221935565655048
MJAC0_SI701,-0.1598278135061264
MJAC0_SX251,-0.1317791497265851
MJAC0_SX341,-0.09594419674995618
MJAC0_SX431,-0.15328354835510255
MJAC0_SX71,-0.12088330586751302
MJAE0_SI2154,-0.09001804936316705
MJAE0_SX174,-0.12221444736827504
MJAI0_SI1604,-0.14994993805885315
MJAI0_SI710,-0.13979152097540387
MJAI0_SX254,-0.18091137068612234
MJAI0_SX434,-0.13061888217926027
MJAI0_SX74,-0.14325420996722052
MJBG0_SI1232,-0.11731022976814433
MJBG0_SI1724,-0.13638930320739745
MJBG0_SX242,-0.17593925427167845
MJBG0_SX422,-0.11117818620469835
MJDA0_SI1031,-0.13050975118364608
MJDA0_SI2291,-0.1308094104131063
MJDA0_SX221,-0.10513877868652344
MJDA0_SX311,-0.13950698852539062
MJDA0_SX401,-0.13127639889717102
MJDA0_SX41,-0.13610145157458736
MJDC0_SX261,-0.22772992451985677
MJDC0_SX441,-0.19730840190764395
MJDC0_SX81,-0.14611169270106725
MJDE0_SI1120,-0.13136408879206732
MJDE0_SI490,-0.13961160810370193
MJDE0_SX130,-0.17422731911263814
MJDE0_SX220,-0.1428745336699904
MJDE0_SX40,-0.11213704215155708
MJDE0_SX400,-0.11816770472425095
MJDG0_SI1042,-0.13306301169925266
MJDG0_SI1672,-0.143218994140625
MJDG0_SI1705,-0.1250042604363483
MJDG0_SX322,-0.1616145372390747
MJDG0_SX412,-0.1837465630637275
MJDM0_SI1340,-0.16674373700068548
MJDM0_SI974,-0.09459173679351807
MJDM0_SX170,-0.23577801386515299
MJDM0_SX260,-0.1070577757699149
MJDM0_SX350,-0.1627514937828327
MJDM0_SX440,-0.0938377283057388
MJEB0_SI1286,-0.14297030085609072
MJEB0_SI1916,-0.13386525605854235
MJEB0_SI656,-0.10524111672451622
MJEB0_SX170,-0.10340424820228859
MJEB0_SX206,-0.17318336168924967
MJEB0_SX296,-0.10915650427341461
MJEB1_SI1467,-0.16491409223906847
MJEB1_SX117,-0.10414409637451172
MJEB1_SX27,-0.1242354679107666
MJEB1_SX387,-0.1451243758201599
MJEE0_SX157,-0.13194000720977783
MJEE0_SX247,-0.16893216838007388
MJEE0_SX337,-0.1014643617578455
MJEE0_SX67,-0.10830564277116643
MJFH0_SI1737,-0.18587481008993612
MJFH0_SI477,-0.14801903094275523
MJFH0_SX117,-0.0945823284295889
MJFH0_SX207,-0.18713706472645636
MJFH0_SX27,-0.16310588518778482
MJFH0_SX387,-0.16099329789479574
MJFR0_SI1605,-0.18733353363840202
MJFR0_SI2235,-0.1274072907187722
MJFR0_SX435,-0.14389222567198706
MJFR0_SX75,-0.2106081901058074
MJHI0_SI555,-0.10921382052557808
MJHI0_SX428,-0.1841049080803281
MJHI0_SX68,-0.1553272111075265
MJJB0_SI1139,-0.14008052394075213
MJJB0_SI1277,-0.16350297305894934
MJJB0_SX149,-0.11881683270136516
MJJB0_SX239,-0.13516846825094783
MJJB0_SX329,-0.09135070512461108
MJJJ0_SI1793,-0.15346238192389994
MJJJ0_SX263,-0.14574191881262738
MJJJ0_SX353,-0.1203499370151096
MJJJ0_SX83,-0.12106502056121826
MJJM0_SI1251,-0.1857276133128575
MJJM0_SI1457,-0.14659187528822157
MJJM0_SI827,-0.0928789868074305
MJJM0_SX107,-0.1464095251900809
MJJM0_SX287,-0.2666316330432892
MJJM0_SX377,-0.2424918015797933
MJKR0_SI571,-0.1626033201450255
MJKR0_SX121,-0.14422148029978682
MJLB0_SI986,-0.09378360112508138
MJLB0_SX176,-0.17738091668417288
MJLB0_SX266,-0.15029744444222287
MJLB0_SX356,-0.18860868846668916
MJLB0_SX86,-0.12562881746599752
MJLG1_SI1012,-0.11380011588335037
MJLG1_SX112,-0.15661579370498657
MJLG1_SX22,-0.15864319151098077
MJLG1_SX382,-0.1257746972535786
MJLS0_SI1096,-0.1859727587018694
MJLS0_SI1726,-0.15187438329060873
MJLS0_SX106,-0.14876416325569153
MJLS0_SX196,-0.04386757810910543
MJLS0_SX286,-0.15904922874606386
MJLS0_SX376,-0.1413497357141404
MJMA0_SI1495,-0.16892043964282885
MJMA0_SI2125,-0.16243648529052734
MJMA0_SX145,-0.18879552891379908
MJMA0_SX325,-0.10414563692533053
MJMA0_SX415,-0.1192315778424663
MJMA0_SX55,-0.163322913646698
MJMD0_SI2288,-0.16271673931795008
MJMD0_SX128,-0.17976747512817381
MJMD0_SX218,-0.17757492354421905
MJMD0_SX308,-0.19610776572391905
MJMD0_SX398,-0.1601359248161316
MJMM0_SI1255,-0.12705344623989528
MJMM0_SI1885,-0.10162730400378887
MJMM0_SX175,-0.13666497959810145
MJMM0_SX355,-0.16509933131081717
MJMM0_SX445,-0.17354750633239746
MJMM0_SX85,-0.17061314582824708
MJPG0_SI1191,-0.10729074478149414
MJPG0_SI1821,-0.1948852944881358
MJPG0_SI561,-0.14041872744290335
MJPG0_SX111,-0.09598687291145325
MJPG0_SX201,-0.14453541605096115
MJPG0_SX21,-0.06828339476334422
MJPM0_SI1368,-0.15535702024187362
MJPM0_SI1998,-0.13870335598381198
MJPM0_SX108,-0.12995020966780813
MJPM0_SX18,-0.1263256072998047
MJPM0_SX378,-0.14724525213241577
MJPM1_SI1897,-0.2141146183013916
MJPM1_SI2280,-0.17240644903743968
MJPM1_SI761,-0.12688726059933927
MJPM1_SX221,-0.08560549922105742
MJPM1_SX311,-0.16452323689180262
MJPM1_SX401,-0.12580834494696724
MJRA0_SI606,-0.14808211503205476
MJRA0_SX156,-0.13074604670206705
MJRA0_SX246,-0.10822330415248871
MJRA0_SX336,-0.15540658510648286
MJRG0_SI1996,-0.16395069658756256
MJRG0_SX106,-0.09674897364207677
MJRG0_SX286,-0.1328284880694221
MJRG0_SX352,-0.11492184669740739
MJRG0_SX376,-0.13417579910971902
MJRH0_SI1125,-0.1571413278579712
MJRH0_SI1840,-0.09617671028512423
MJRH0_SX135,-0.15615148802061338
MJRH0_SX405,-0.09842587198529924
MJRH0_SX45,-0.11981718680437874
MJRH1_SI1558,-0.17366540627401383
MJRH1_SI514,-0.11645743154710339
MJRH1_SX154,-0.13292496913188212
MJRH1_SX244,-0.10959714524289395
MJRH1_SX334,-0.15742217472621373
MJRH1_SX424,-0.13266680457375266
MJRK0_SI1662,-0.06890017645699638
MJRK0_SX250,-0.21168592241075304
MJRK0_SX340,-0.16705942153930664
MJRK0_SX430,-0.1324646697854096
MJRP0_SI1845,-0.15602739926042228
MJRP0_SI585,-0.18856270248825485
MJRP0_SX135,-0.15362787246704102
MJSR0_SI1424,-0.1841558501833961
MJSR0_SX164,-0.16747983726295265
MJSR0_SX344,-0.12619111367634364
MJSR0_SX74,-0.18461434500558035
MJWG0_SI813,-0.1490070863203569
MJWG0_SX175,-0.14234365116466174
MJWG0_SX355,-0.18690109252929688
MJWG0_SX85,-0.16042329205407035
MJWS0_SX153,-0.1609941941720468
MJWS0_SX243,-0.12649799528576078
MJWS0_SX423,-0.11688114166259765
MJWT0_SI1381,-0.13830056737680904
MJWT0_SX121,-0.12387533445616027
MJWT0_SX211,-0.08596208177763841
MJWT0_SX301,-0.197631897070469
MJWT0_SX31,-0.11398728936910629
MJXA0_SI1507,-0.17277299596908244
MJXA0_SI877,-0.17243172327677408
MJXA0_SX157,-0.143904481615339
MJXA0_SX247,-0.14167923397488064
MJXA0_SX337,-0.14194011688232422
MJXA0_SX427,-0.17118419133699858
MJXL0_SI1172,-0.10665510468563791
MJXL0_SI1795,-0.12945371866226196
MJXL0_SI542,-0.15325722098350525
MJXL0_SX272,-0.1075405970863674
MJXL0_SX452,-0.15416874204363143
MJXL0_SX92,-0.1155542626100428
MKAG0_SI1609,-0.14950143640691585
MKAG0_SI979,-0.1451422804493015
MKAG0_SX79,-0.177673542753179
MKAH0_SI1528,-0.15398282753793816
MKAH0_SI2158,-0.18144388759837432
MKAH0_SI898,-0.14464698118322036
MKAH0_SX268,-0.17987761290177054
MKAH0_SX358,-0.21744339282696062
MKAH0_SX448,-0.11842706998189291
MKAH0_SX88,-0.13380920643709143
MKAJ0_SI1414,-0.17325927661015436
MKAJ0_SI2044,-0.15207954894664677
MKAJ0_SX244,-0.13504194077991305
MKAJ0_SX334,-0.15268438657124836
MKAJ0_SX64,-0.11822582085927327
MKAM0_SI1250,-0.23777117295698685
MKAM0_SI1316,-0.11750767105504085
MKAM0_SX236,-0.12950147688388824
MKAM0_SX326,-0.1717492789030075
MKAM0_SX56,-0.11342334747314453
MKDB0_SI2132,-0.13495938437325614
MKDB0_SI588,-0.15912960421654485
MKDB0_SX152,-0.20002190272013345
MKDB0_SX242,-0.11342079711682869
MKDB0_SX332,-0.0627297390074957
MKDB0_SX422,-0.06704325210757373
MKDB0_SX62,-0.11920578856217234
MKDD0_SI1567,-0.1474742591381073
MKDD0_SI2197,-0.15636135030675818
MKDD0_SI937,-0.20145523137059704
MKDD0_SX127,-0.09803893349387428
MKDD0_SX217,-0.06110105691132722
MKDD0_SX397,-0.16684649972354665
MKDT0_SI2153,-0.10281159083048502
MKDT0_SI814,-0.19171883767111259
MKDT0_SI893,-0.19443565096173968
MKDT0_SX263,-0.13668056634756234
MKDT0_SX83,-0.10921808389516977
MKES0_SI623,-0.1858382225036621
MKES0_SX173,-0.1472109488721164
MKES0_SX263,-0.21510206858317057
MKES0_SX353,-0.13419072768267462
MKJO0_SI2147,-0.13098090694796655
MKJO0_SI887,-0.11682168245315552
MKJO0_SX77,-0.15281227055717916
MKLN0_SI1598,-0.15112181901931762
MKLN0_SI2228,-0.08303075366550022
MKLN0_SI968,-0.16297416253523392
MKLN0_SX158,-0.16499713488987514
MKLN0_SX248,-0.15729248523712158
MKLN0_SX428,-0.16538481712341307
MKLN0_SX68,-0.1593365987141927
MKLR0_SI1059,-0.15529457358426826
MKLR0_SI1689,-0.1264211940765381
MKLR0_SI2319,-0.21350493431091308
MKLR0_SX339,-0.12719964098047326
MKLR0_SX69,-0.11905584335327149
MKLS0_SI1437,-0.18038275621939395
MKLS0_SX177,-0.17208634104047502
MKLS0_SX357,-0.13825544118881225
MKLS0_SX447,-0.18269503116607666
MKLS1_SI915,-0.20752036354758524
MKLS1_SX105,-0.1440863188575296
MKLS1_SX195,-0.13453895705086844
MKLS1_SX285,-0.1481996569140204
MKLS1_SX375,-0.14854935712592546
MKLW0_SI1571,-0.13240252510975983
MKLW0_SI2201,-0.08060763941870795
MKLW0_SX131,-0.1266927421092987
MKLW0_SX221,-0.18608270991932263
MKLW0_SX311,-0.20913911299272017
MKLW0_SX401,-0.15261668250674293
MKLW0_SX41,-0.16053790705544607
MKRG0_SI1491,-0.16526430957722213
MKRG0_SX141,-0.20181816948784723
MKRG0_SX31,-0.20158765866206244
MKRG0_SX411,-0.17517545643974752
MKXL0_SI1815,-0.11489689539349268
MKXL0_SX195,-0.15309138099352518
MKXL0_SX375,-0.14709021063411937
MLBC0_SI1239,-0.16595034329396374
MLBC0_SI609,-0.15081153725678065
MLBC0_SX249,-0.09411660035451254
MLBC0_SX339,-0.09164916066562429
MLBC0_SX69,-0.15308340858010686
MLEL0_SX166,-0.1079484512066019
MLEL0_SX256,-0.1344409386316935
MLJC0_SI1225,-0.12536112467447916
MLJC0_SI1855,-0.13849427825526187
MLJC0_SI595,-0.12538497875898313
MLJC0_SX325,-0.13268263586636247
MLJC0_SX415,-0.19719621611804497
MLJC0_SX55,-0.1190220984545621
MLJH0_SI1422,-0.1463736030790541
MLJH0_SX154,-0.13024286321691564
MLJH0_SX244,-0.19256973266601562
MLJH0_SX334,-0.18147674728842342
MLJH0_SX424,-0.12779176862616287
MLJH0_SX64,-0.12693421464217336
MLNS0_SI2037,-0.16364431381225586
MLNS0_SI777,-0.16565985833444902
MLNS0_SX327,-0.11833113757046786
MLNS0_SX417,-0.14554448808942522
MLNS0_SX57,-0.15739142894744873
MLSH0_SI1417,-0.08646704857809502
MLSH0_SI2047,-0.11547886171648579
MLSH0_SI787,-0.14035474100420553
MLSH0_SX157,-0.19983951250712076
MLSH0_SX247,-0.1637113827925462
MLSH0_SX337,-0.1659163475036621
MLSH0_SX427,-0.08116113117762974
MLSH0_SX67,-0.14228114416432935
MMAA0_SI1588,-0.08584117889404297
MMAA0_SX125,-0.10285096014699628
MMAA0_SX215,-0.10791995127995808
MMAA0_SX35,-0.0712365397700557
MMAA0_SX395,-0.24325401718552048
MMAB1_SI2124,-0.15568276246388754
MMAB1_SX234,-0.09334223087017353
MMAB1_SX324,-0.14495300477550876
MMAB1_SX414,-0.1257357486458712
MMAB1_SX54,-0.2013096809387207
MMAG0_SI1756,-0.14877476011003768
MMAG0_SI496,-0.13174292980096278
MMAG0_SX136,-0.11053520336485746
MMAG0_SX226,-0.07686823322659447
MMAM0_SI1597,-0.17649072647094727
MMAM0_SX247,-0.16362017393112183
MMAM0_SX337,-0.1390842360419196
MMAM0_SX427,-0.13264248004326454
MMAR0_SI1336,-0.15190353600875192
MMAR0_SX166,-0.15746048518589564
MMAR0_SX256,-0.2304576188325882
MMAR0_SX346,-0.12524873805495929
MMAR0_SX76,-0.14007055759429932
MMBS0_SI1151,-0.09963753488328722
MMBS0_SI521,-0.09800409098140529
MMBS0_SX161,-0.12759015998061823
MMBS0_SX341,-0.14026915154805997
MMBS0_SX431,-0.18344008616912058
MMBS0_SX71,-0.19215606240665212
MMCC0_SI1338,-0.20414872262992112
MMCC0_SI1968,-0.11276278351292465
MMCC0_SX168,-0.14766183605900518
MMCC0_SX348,-0.1626269691868832
MMCC0_SX438,-0.13885358735626818
MMDB0_SI1358,-0.1663505142810298
MMDB0_SI987,-0.17999099549793063
MMDB0_SX177,-0.1525438015277569
MMDB0_SX357,-0.12695825099945068
MMDB0_SX447,-0.14533472061157227
MMDG0_SI2035,-0.17114323118458624
MMDG0_SX430,-0.10879163539156
MMDG0_SX70,-0.0248643159866333
MMDM0_SI1941,-0.13728876340956914
MMDM0_SI681,-0.14638139355567195
MMDM0_SX141,-0.15185938811883692
MMDM0_SX321,-0.12219157900129046
MMDM0_SX411,-0.16248540180485424
MMDM0_SX51,-0.13429539998372395
MMDM1_SX243,-0.15554923546023486
MMDM1_SX333,-0.13585744301478067
MMDM1_SX423,-0.1150479793548584
MMDM1_SX63,-0.06530362053921349
MMDS0_SI1343,-0.12583283817066865
MMDS0_SI713,-0.08039974283289027
MMDS0_SX173,-0.10229291699149391
MMDS0_SX263,-0.11774936318397522
MMDS0_SX83,-0.1064212672850665
MMEA0_SI1388,-0.1549292317143193
MMEA0_SI2018,-0.04522044459978739
MMEA0_SI758,-0.16950546426975982
MMEA0_SX218,-0.14266708493232727
MMEA0_SX308,-0.11442098447254725
MMEA0_SX38,-0.12002826991834138
MMEA0_SX398,-0.1451296397617885
MMEB0_SI1987,-0.25281308094660443
MMEB0_SI727,-0.15449857711791992
MMEB0_SX327,-0.15208986070421007
MMEB0_SX367,-0.0824655328478132
MMEB0_SX7,-0.11586079230675331
MMGC0_SI1305,-0.13045321570502388
MMGC0_SI1935,-0.17104294805815726
MMGC0_SX135,-0.10020309686660767
MMGC0_SX405,-0.0908584056362029
MMGC0_SX45,-0.12385390864478217
MMGG0_SI1709,-0.12306035132635207
MMGG0_SI2339,-0.14360104501247406
MMGG0_SX179,-0.12983466386795045
MMGG0_SX269,-0.127754012743632
MMGG0_SX359,-0.17634451389312744
MMGG0_SX449,-0.11062792369297572
MMGG0_SX89,-0.16350718700524533
MMGK0_SI1322,-0.16147293215212616
MMGK0_SI1952,-0.1250684687069484
MMGK0_SI692,-0.14149630069732666
MMGK0_SX422,-0.11212241649627686
MMGK0_SX62,-0.08666682905620998
MMJB1_SI2038,-0.1473838906539114
MMJB1_SX148,-0.11821152443109556
MMJB1_SX328,-0.08249403060750758
MMLM0_SI2150,-0.12410407147165071
MMLM0_SI897,-0.17209561665852866
MMLM0_SX177,-0.12674403190612793
MMLM0_SX357,-0.10908842086791992
MMLM0_SX447,-0.07674424988882882
MMLM0_SX87,-0.19961377552577428
MMPM0_SI1061,-0.08099207083384195
MMPM0_SI1691,-0.14291400067946491
MMPM0_SI2321,-0.13033603219424977
MMPM0_SX161,-0.1286231803894043
MMPM0_SX341,-0.1384340392218696
MMPM0_SX431,-0.0870029236141004
MMPM0_SX71,-0.09922744381812311
MMRP0_SI717,-0.25342401591214264
MMRP0_SI774,-0.19619429983743808
MMRP0_SX234,-0.11467311495826357
MMRP0_SX324,-0.14814261139416304
MMRP0_SX414,-0.08932758371035258
MMRP0_SX54,-0.1147661035711115
MMSM0_SI1736,-0.1050277054309845
MMSM0_SX116,-0.14791403214136759
MMSM0_SX206,-0.17559960993324839
MMSM0_SX296,-0.09364187376839773
MMSM0_SX386,-0.10828920890545023
MMVP0_SX114,-0.14394610967391577
MMVP0_SX347,-0.15059725940227509
MMWB0_SI1619,-0.12481428146362304
MMWB0_SI2249,-0.12234878540039062
MMWB0_SX179,-0.13491268157958985
MMWB0_SX269,-0.07571675037515574
MMWB0_SX359,-0.09900123932782341
MMWB0_SX89,-0.15197516710330278
MMWS0_SX348,-0.21020871942693536
MMWS1_SI1071,-0.1445295311683832
MMWS1_SI1701,-0.1561227666920629
MMWS1_SX261,-0.12358655427631579
MMWS1_SX27,-0.13819227435372092
MMWS1_SX351,-0.14110143979390463
MMXS0_SI2136,-0.10618371963500976
MMXS0_SI629,-0.14967449249759798
MMXS0_SX156,-0.1779538455762361
MMXS0_SX246,-0.1766141312462943
MMXS0_SX336,-0.14530526267157662
MMXS0_SX426,-0.15909069462826378
MMXS0_SX66,-0.20299747410942526
MNET0_SI816,-0.17201924905544375
MNET0_SX186,-0.2144696044921875
MNET0_SX366,-0.1878062745799189
MNTW0_SI1068,-0.1503458023071289
MNTW0_SI1698,-0.14006583973512812
MNTW0_SX168,-0.10383097614560809
MNTW0_SX258,-0.1503864265069729
MNTW0_SX348,-0.14691699819361909
MPAR0_SI2206,-0.16893831888834634
MPAR0_SX226,-0.15732252903473684
MPAR0_SX406,-0.15439180995142737
MPEB0_SI1034,-0.16557328402996063
MPEB0_SI600,-0.12140024314492436
MPEB0_SX150,-0.11296047614170955
MPEB0_SX240,-0.13479146204496684
MPEB0_SX330,-0.1303401788075765
MPEB0_SX420,-0.14237806644845516
MPFU0_SI1258,-0.19506442162298387
MPFU0_SX178,-0.13160476088523865
MPGH0_SI1554,-0.16106715569129357
MPGH0_SI675,-0.1578941518610174
MPGH0_SX114,-0.08302612458505938
MPGH0_SX204,-0.12837043830326625
MPGH0_SX294,-0.1284342578479222
MPGH0_SX384,-0.12842087745666503
MPGR0_SI1410,-0.10561318233095367
MPGR0_SI2040,-0.1493234157562256
MPGR0_SX240,-0.10712952362863641
MPGR0_SX420,-0.10943817098935445
MPGR0_SX60,-0.09373886731206155
MPGR1_SI1269,-0.1550661495753697
MPGR1_SI1499,-0.16393132507801056
MPGR1_SI2129,-0.16010651805184103
MPGR1_SX149,-0.16820931434631348
MPGR1_SX329,-0.2073122314784838
MPGR1_SX59,-0.13598185777664185
MPMB0_SX151,-0.11575033187866211
MPMB0_SX61,-0.15295316522771663
MPPC0_SI1412,-0.139039917597695
MPPC0_SI2042,-0.10213397741317749
MPPC0_SI782,-0.15924457499855443
MPPC0_SX152,-0.085538877759661
MPPC0_SX242,-0.14786958694458008
MPPC0_SX422,-0.11634457738775957
MPPC0_SX62,-0.11308944547498548
MPRB0_SI1205,-0.20695521913725753
MPRB0_SX125,-0.15381747484207153
MPRB0_SX215,-0.13861763730962226
MPRB0_SX395,-0.18415961946759904
MPRD0_SI1431,-0.14534205925173876
MPRD0_SX171,-0.15456260483840417
MPRD0_SX81,-0.15234838033977308
MPRK0_SI1097,-0.16788088934762138
MPRK0_SX107,-0.1060803111006574
MPRK0_SX197,-0.14103244913035426
MPRK0_SX287,-0.1647238844916934
MPRK0_SX377,-0.15122537179426712
MPRT0_SI1210,-0.17952926635742186
MPRT0_SI580,-0.1119610211428474
MPRT0_SX310,-0.17523998022079468
MPRT0_SX400,-0.08771614730358124
MPSW0_SI1067,-0.16678233300485917
MPSW0_SI2327,-0.2340660285949707
MPSW0_SX167,-0.15452058498676008
MPSW0_SX257,-0.0997999370098114
MPSW0_SX437,-0.24503617059616817
MPSW0_SX77,-0.188347932064172
MRAB0_SI594,-0.14955676794052125
MRAB0_SX234,-0.08797117641993932
MRAB0_SX414,-0.12948725944341616
MRAB1_SI1478,-0.12740943431854249
MRAB1_SI848,-0.13648739507642843
MRAB1_SX218,-0.14470725310476204
MRAB1_SX38,-0.09882391952886814
MRAB1_SX398,-0.15377238663760098
MRAI0_SI1954,-0.11901574976303998
MRAI0_SI2052,-0.18626599652426584
MRAI0_SX252,-0.13716821959524444
MRAI0_SX342,-0.13282744477434857
MRAI0_SX432,-0.14967321432553804
MRAI0_SX72,-0.12907264232635499
MRAM0_SI1951,-0.1547125454606681
MRAM0_SX15,-0.16114210359977954
MRAM0_SX195,-0.14939543333920566
MRAM0_SX285,-0.14022360128514907
MRAM0_SX375,-0.07646657360924615
MRAV0_SI2268,-0.12949447972433908
MRAV0_SX108,-0.16021643262920957
MRAV0_SX288,-0.2007300721274482
MRBC0_SI1665,-0.08004378450327906
MRBC0_SX149,-0.1629576994025189
MRBC0_SX239,-0.14509816603227096
MRBC0_SX329,-0.10329980850219726
MRBC0_SX419,-0.10944920319777268
MRBC0_SX59,-0.11773447807018574
MRCG0_SI1428,-0.151330563559461
MRCG0_SI798,-0.2145338309438605
MRCG0_SX348,-0.18645992511656226
MRCG0_SX438,-0.18841606486927379
MRCW0_SI1371,-0.10603188806109959
MRCW0_SI2001,-0.13979820013046265
MRCW0_SI741,-0.18665154774983725
MRCW0_SX201,-0.15107373187416478
MRCW0_SX21,-0.12571064992384476
MRCW0_SX291,-0.18694751603262766
MRDD0_SI1050,-0.10622870127360026
MRDD0_SX150,-0.09813721690859113
MRDD0_SX240,-0.14809877808029587
MRDD0_SX277,-0.20999285270427837
MRDD0_SX60,-0.18766300894997337
MRDM0_SI1044,-0.1911345982955674
MRDM0_SI965,-0.2442518292051373
MRDM0_SX155,-0.08829947405083236
MRDM0_SX245,-0.15577588762555802
MRDM0_SX425,-0.10500185385994289
MRDM0_SX65,-0.06839449589069073
MRDS0_SI1797,-0.08035363554954529
MRDS0_SI537,-0.20302353265150538
MRDS0_SX267,-0.1973193986075265
MRDS0_SX357,-0.22085287512802496
MRDS0_SX87,-0.18386600698743547
MREE0_SI1734,-0.16606798687496702
MREE0_SI1959,-0.14115730921427408
MREE0_SX114,-0.14935808646969678
MREE0_SX294,-0.13247348323012842
MREE0_SX384,-0.1655155817667643
MREH1_SI1599,-0.0926713274236311
MREH1_SI969,-0.15391587454175193
MREH1_SX159,-0.13133737368461412
MREH1_SX249,-0.10116545855998993
MREH1_SX339,-0.1233490126473563
MREH1_SX69,-0.14139897648881122
MREM0_SI511,-0.15174609324971183
MREM0_SX151,-0.16524230350147595
MREM0_SX421,-0.20974892377853394
MREW1_SI1500,-0.08902713560288952
MREW1_SI2130,-0.12891503742762975
MREW1_SI870,-0.15151875019073485
MREW1_SX330,-0.16394675405401932
MREW1_SX420,-0.12019841935899522
MREW1_SX60,-0.14339915911356607
MRFK0_SI1076,-0.1397040935984829
MRFK0_SI1706,-0.12930151224136352
MRFK0_SX176,-0.19244484106699625
MRFK0_SX266,-0.1512906469147781
MRFL0_SI1156,-0.1214270668645059
MRFL0_SI1786,-0.06215214211007823
MRFL0_SI526,-0.12681950115766683
MRFL0_SX166,-0.10345276764460973
MRFL0_SX256,-0.19858409376705394
MRFL0_SX346,-0.12210373878479004
MRFL0_SX436,-0.14259990624019078
MRFL0_SX76,-0.18944558643159412
MRGM0_SI1162,-0.15461402986107803
MRGM0_SX442,-0.19301330799959143
MRGM0_SX82,-0.14014858188051166
MRGS0_SI1356,-0.11227536201477051
MRGS0_SI726,-0.1923892233106825
MRGS0_SX186,-0.0775443223806528
MRGS0_SX366,-0.14142388563889724
MRGS0_SX96,-0.09356371561686198
MRHL0_SI885,-0.10595001114739312
MRHL0_SX255,-0.13934163389534787
MRHL0_SX345,-0.13420541533108415
MRHL0_SX435,-0.15408847846236884
MRJB1_SI1020,-0.10628843307495117
MRJB1_SI1413,-0.1668659366973459
MRJB1_SI2021,-0.19026358652923067
MRJB1_SX210,-0.1338884188578679
MRJH0_SI1519,-0.2077178581088197
MRJH0_SI914,-0.17334424881708055
MRJH0_SX169,-0.19058760007222494
MRJH0_SX259,-0.24787335925632054
MRJH0_SX307,-0.12769471406936644
MRJH0_SX79,-0.18446420978855443
MRJM0_SI1228,-0.11746896279824746
MRJM0_SX328,-0.14541257344759428
MRJM0_SX418,-0.15526556968688965
MRJM1_SI1298,-0.1800984027338963
MRJM1_SI1928,-0.1562024986042696
MRJM1_SI668,-0.16494867205619812
MRJM1_SX128,-0.2033167318864302
MRJM1_SX218,-0.18930155890328543
MRJM1_SX308,-0.14076347649097443
MRJM1_SX398,-0.14785436304604135
MRJT0_SI1498,-0.15313604401379097
MRJT0_SI868,-0.14486943521807272
MRJT0_SX148,-0.1864844528404442
MRJT0_SX238,-0.15033385692498621
MRJT0_SX328,-0.1453396511077881
MRJT0_SX58,-0.13602140493560255
MRKM0_SI1391,-0.17941910879952566
MRKM0_SI637,-0.13770478347252155
MRKM0_SX277,-0.16865758542661313
MRKM0_SX97,-0.17045116424560547
MRLD0_SI964,-0.20880359302867543
MRLD0_SX244,-0.1195996261778332
MRLD0_SX424,-0.17738279615129743
MRLJ0_SI1420,-0.11643249338323419
MRLJ0_SI790,-0.14085920651753744
MRLJ0_SX160,-0.1494873558602682
MRLJ0_SX250,-0.08720902835621554
MRLJ0_SX340,-0.14229385058085123
MRLJ0_SX430,-0.10143958954584031
MRLJ1_SI1671,-0.08978133666806104
MRLJ1_SI2301,-0.11161378334308493
MRLJ1_SI2332,-0.07135750991957528
MRLJ1_SX141,-0.16795979154870866
MRLJ1_SX321,-0.18213848063820287
MRLJ1_SX411,-0.14960424716656023
MRLK0_SI1468,-0.2104719193255315
MRLK0_SI843,-0.17870503205519456
MRLK0_SX213,-0.1917316743305751
MRLK0_SX33,-0.17353129386901855
MRLR0_SI1826,-0.1632417879606548
MRLR0_SX116,-0.154311466217041
MRLR0_SX26,-0.13269937889916555
MRLR0_SX296,-0.12127958025251116
MRLR0_SX386,-0.1344944989239728
MRMB0_SI1581,-0.1530154091971261
MRMB0_SI951,-0.22081589698791504
MRMB0_SX141,-0.11660382151603699
MRMB0_SX231,-0.15933529138565064
MRMB0_SX321,-0.20114841726091173
MRMB0_SX411,-0.14915831496075885
MRMB0_SX51,-0.16610984313182342
MRMG0_SI1080,-0.1627702031816755
MRMG0_SI1710,-0.11389844041121633
MRMG0_SI2340,-0.1236228346824646
MRMG0_SX180,-0.08773489114714832
MRMG0_SX270,-0.14705239023481095
MRMG0_SX360,-0.06752182455623851
MRMG0_SX450,-0.1620770622702206
MRMG0_SX90,-0.10870807965596517
MRMH0_SI1021,-0.13665732383728027
MRMH0_SI1349,-0.1523646286555699
MRMH0_SX121,-0.10173471768697102
MRMH0_SX211,-0.1493791811393969
MRMH0_SX301,-0.15789948011699476
MRMH0_SX391,-0.1800598094337865
MRMS0_SI1113,-0.21003105680821305
MRMS0_SI2057,-0.13000187167414912
MRMS0_SX210,-0.15632523189891467
MRMS0_SX300,-0.20750596125920615
MRPC1_SI1482,-0.18132722668531465
MRPC1_SI2112,-0.19150053753572352
MRPC1_SX222,-0.16433318456013998
MRPC1_SX312,-0.10136784553527832
MRPC1_SX402,-0.06689802805582683
MRPC1_SX42,-0.08175605535507202
MRRE0_SI1334,-0.17713382027365945
MRRE0_SI704,-0.1798547108968099
MRRE0_SI952,-0.1686708844941238
MRRE0_SX164,-0.16756607623810463
MRRE0_SX254,-0.10658694267272949
MRSO0_SI1206,-0.15102767944335938
MRSO0_SX219,-0.15325759319548912
MRSO0_SX39,-0.1282398449747186
MRSP0_SI1429,-0.13648312432425364
MRSP0_SI2059,-0.09030280462125452
MRSP0_SI799,-0.1506325668758816
MRSP0_SX169,-0.1777868162501942
MRSP0_SX439,-0.1284028941934759
MRSP0_SX79,-0.1561412424654574
MRTC0_SI1458,-0.12355451285839081
MRTC0_SI828,-0.11554321082862648
MRTJ0_SI1551,-0.17189764976501465
MRTJ0_SI772,-0.1270532174543901
MRTJ0_SX142,-0.11814714827627507
MRTJ0_SX232,-0.09864895432083695
MRTJ0_SX412,-0.2074087054230446
MRTJ0_SX52,-0.17597991862195603
MRVG0_SI1140,-0.18081637584801877
MRVG0_SI1770,-0.1946596929005214
MRVG0_SI510,-0.13334149283331795
MRVG0_SX150,-0.10191600411026566
MRVG0_SX330,-0.19866724014282228
MRVG0_SX420,-0.1516420624472878
MRVG0_SX60,-0.15811182152141223
MRWA0_SX343,-0.12264129093715123
MRWA0_SX433,-0.15047624978152188
MRWS0_SI1102,-0.15869009672705806
MRWS0_SI472,-0.17718024687333542
MRWS0_SX112,-0.1889966936672435
MRWS0_SX292,-0.13255132328380237
MRWS0_SX382,-0.12084018482881434
MRXB0_SI2215,-0.10089175884540265
MRXB0_SX145,-0.11378765106201172
MRXB0_SX235,-0.083665955451227
MRXB0_SX55,-0.1341580033302307
MSAH1_SI1049,-0.13069666585614603
MSAH1_SI2309,-0.15778712928295135
MSAH1_SX149,-0.1818084716796875
MSAH1_SX239,-0.22205384572347006
MSAH1_SX329,-0.1973847734167221
MSAH1_SX419,-0.15632257963481702
MSAH1_SX59,-0.12249853394248268
MSAS0_SI1376,-0.18987401326497397
MSAS0_SX386,-0.13814982005528043
MSAT0_SI2156,-0.17074145768818103
MSAT0_SI896,-0.17459762891133626
MSAT0_SX176,-0.10830026202731663
MSAT0_SX266,-0.11012022495269776
MSAT0_SX356,-0.11243694850376675
MSAT0_SX86,-0.13815574292783384
MSAT1_SI1703,-0.12698177730335908
MSAT1_SI2333,-0.15859209789949305
MSAT1_SX173,-0.1255946159362793
MSAT1_SX353,-0.06436190184424906
MSAT1_SX443,-0.18206655979156494
MSAT1_SX83,-0.11888181841051257
MSDB0_SI1007,-0.2416744439498238
MSDB0_SI1637,-0.17559385299682617
MSDB0_SI2267,-0.14463608840416217
MSDH0_SI2113,-0.17897314291733962
MSDH0_SI2240,-0.15329644083976746
MSDH0_SI980,-0.15305511768047625
MSDH0_SX170,-0.12761394794170672
MSDH0_SX350,-0.13234012467520578
MSDH0_SX440,-0.11791359384854634
MSDS0_SI1077,-0.1331000635700841
MSDS0_SX177,-0.08946982451847621
MSDS0_SX357,-0.10931072429734834
MSDS0_SX447,-0.10324477297919137
MSDS0_SX87,-0.09014614189372343
MSEM1_SI1440,-0.10144747628106011
MSEM1_SX180,-0.19339067406124538
MSEM1_SX270,-0.1636797228167134
MSEM1_SX360,-0.17203886368695429
MSEM1_SX450,-0.1118487944969764
MSES0_SI1589,-0.17540688174111502
MSES0_SX149,-0.20044680339534107
MSES0_SX239,-0.18693355034137593
MSES0_SX329,-0.12139801751999628
MSES0_SX419,-0.16238740870827123
MSES0_SX59,-0.17003596912730823
MSFH0_SX136,-0.11324640489974112
MSFH0_SX226,-0.16188122505365415
MSFH0_SX316,-0.12334634318496242
MSFV0_SI632,-0.13407598003264395
MSFV0_SX272,-0.12663594245910645
MSFV0_SX92,-0.17894152800242105
MSJK0_SI1596,-0.19620704650878906
MSJK0_SI966,-0.13705613536219444
MSJK0_SX156,-0.10509778062502544
MSJK0_SX336,-0.1597822666168213
MSJK0_SX66,-0.14070835980502042
MSMC0_SI509,-0.15864699437068058
MSMC0_SI647,-0.0925305684407552
MSMC0_SX107,-0.16217983686006987
MSMC0_SX197,-0.18652557373046874
MSMC0_SX287,-0.1418780527616802
MSMC0_SX377,-0.07224693184807188
MSMR0_SI1405,-0.10263014691216606
MSMR0_SI775,-0.1743828345989359
MSMR0_SX235,-0.11035580294472831
MSMR0_SX325,-0.16583581197829472
MSMR0_SX415,-0.12623064748702512
MSMS0_SI1433,-0.15944780383193702
MSMS0_SI803,-0.1400529617486998
MSMS0_SX263,-0.2592375095073993
MSMS0_SX353,-0.16187883913516998
MSMS0_SX83,-0.11767422812325613
MSRG0_SI1851,-0.15271876917945015
MSRG0_SI591,-0.15149513880411783
MSRG0_SX231,-0.19992490112781525
MSRG0_SX321,-0.14740790153036312
MSRG0_SX411,-0.10599263090836375
MSRR0_SI1131,-0.1985475718975067
MSRR0_SI501,-0.13924146467639553
MSRR0_SX141,-0.1396896709095348
MSTF0_SI1396,-0.12410586589091532
MSTF0_SI852,-0.20947545261706335
MSTF0_SX136,-0.23216589291890463
MSTF0_SX46,-0.12610398020063127
MSVS0_SI2198,-0.13368494002545467
MSVS0_SI938,-0.15013482835557726
MSVS0_SX308,-0.1006399954066557
MSVS0_SX38,-0.1487689126621593
MTAB0_SX222,-0.13610035578409832
MTAB0_SX312,-0.15517263701467804
MTAB0_SX402,-0.1612056385387074
MTAB0_SX42,-0.07897312410416142
MTAS0_SI1385,-0.1294343383223922
MTAS0_SI2015,-0.22927561673251065
MTAS0_SI755,-0.18119537508165515
MTAS0_SX125,-0.1819914358633536
MTAS0_SX215,-0.17594327926635742
MTAS0_SX305,-0.11613390843073527
MTAT0_SI1110,-0.12765197455883026
MTAT0_SI811,-0.18908749965199254
MTAT0_SX210,-0.13138528823852538
MTAT0_SX300,-0.14661238743708685
MTAT0_SX390,-0.1764458450111183
MTAT1_SI1627,-0.11704576015472412
MTAT1_SI779,-0.08992638830411231
MTAT1_SX149,-0.16654327392578125
MTAT1_SX329,-0.1310883186481617
MTBC0_SI1803,-0.14591610020604626
MTBC0_SI543,-0.14231587901259912
MTBC0_SX273,-0.18489287793636322
MTBC0_SX363,-0.11814154386520385
MTCS0_SI712,-0.1702447086572647
MTCS0_SX172,-0.2104756900242397
MTCS0_SX262,-0.18498715038957267
MTCS0_SX352,-0.12255887831411054
MTCS0_SX442,-0.13775977028740777
MTCS0_SX82,-0.13404283215922694
MTDB0_SI771,-0.08058220545450846
MTDB0_SX141,-0.1511682588226941
MTDB0_SX321,-0.14699354358747893
MTDB0_SX411,-0.18172304253829152
MTDP0_SI1274,-0.15399342491513207
MTDP0_SI2151,-0.20898014790303
MTDP0_SX171,-0.16494634416368273
MTDP0_SX441,-0.17314975401934454
MTDP0_SX81,-0.11747541278600693
MTER0_SI1157,-0.11019776662190756
MTER0_SI1787,-0.10154995424994107
MTER0_SX437,-0.16085639595985413
MTER0_SX77,-0.1579387438924689
MTJG0_SI1520,-0.2144936598264254
MTJG0_SI2157,-0.10540667863992545
MTJG0_SX260,-0.1695108297394543
MTJG0_SX80,-0.14211297035217285
MTJM0_SI1226,-0.13059654641658702
MTJM0_SX236,-0.17445080855797077
MTJM0_SX326,-0.16446740051795697
MTJM0_SX416,-0.13315361279707688
MTJM0_SX56,-0.16969792787418808
MTJS0_SI562,-0.20113948134125256
MTJS0_SX112,-0.15810757416945237
MTJS0_SX202,-0.28878295989263625
MTJS0_SX22,-0.09526461676547401
MTJS0_SX382,-0.17558692630968595
MTJU0_SI2020,-0.14899949369759397
MTJU0_SX220,-0.18260562419891357
MTJU0_SX310,-0.1712400008892191
MTJU0_SX400,-0.19714204967021942
MTKD0_SI1187,-0.1752080050381747
MTKD0_SI1817,-0.20594431006390115
MTKD0_SI630,-0.09946235020955403
MTKD0_SX287,-0.09654897054036458
MTKD0_SX377,-0.1854701042175293
MTKP0_SI454,-0.13797227267561288
MTKP0_SX123,-0.1984121939715217
MTKP0_SX213,-0.16475885564630682
MTKP0_SX33,-0.15380413830280304
MTKP0_SX393,-0.12996377366961856
MTLB0_SI504,-0.12996141399656022
MTLB0_SX144,-0.17547044387230507
MTLB0_SX234,-0.15518983205159506
MTLC0_SI1313,-0.12365586829907967
MTLC0_SI1477,-0.13838333696932406
MTLC0_SX217,-0.09338016169411796
MTLC0_SX397,-0.13527335840113022
MTML0_SI1065,-0.10289982386997767
MTML0_SI2325,-0.13402579470378598
MTML0_SX165,-0.23581495739164807
MTML0_SX345,-0.11057111069008156
MTML0_SX435,-0.16017467498779298
MTML0_SX75,-0.1357851198741368
MTMN0_SI1064,-0.1638657288117842
MTMN0_SI2324,-0.09154866913617668
MTMN0_SX434,-0.15757835272586707
MTMN0_SX74,-0.12243665589226617
MTMT0_SI1118,-0.19901434998763234
MTMT0_SI1748,-0.16850129295797908
MTMT0_SI488,-0.1531834686011599
MTMT0_SX128,-0.14941139574404116
MTMT0_SX218,-0.1926224881952459
MTMT0_SX308,-0.17701317923409599
MTMT0_SX398,-0.14143674318180527
MTPF0_SI1235,-0.1270119243197971
MTPF0_SI1865,-0.236344387656764
MTPF0_SI605,-0.16765506744384764
MTPF0_SX245,-0.18501177855900355
MTPF0_SX335,-0.17326651486483488
MTPF0_SX425,-0.14050660814557756
MTPG0_SI1383,-0.15499099384654652
MTPG0_SI753,-0.16642029532070818
MTPG0_SX123,-0.12859989467420077
MTPG0_SX213,-0.11701983790243825
MTPG0_SX303,-0.2308790854045323
MTPG0_SX33,-0.1156781796486147
MTPG0_SX393,-0.15684819943977124
MTPP0_SI1508,-0.11596930027008057
MTPP0_SI2138,-0.10719165802001954
MTPP0_SX158,-0.1216064180646624
MTPP0_SX248,-0.14245477744511195
MTPP0_SX68,-0.07807424489189596
MTPR0_SI2230,-0.1175035834312439
MTPR0_SX160,-0.11561761856079102
MTPR0_SX250,-0.21190731866019114
MTPR0_SX430,-0.18999806694362475
MTQC0_SX271,-0.20287149092730353
MTQC0_SX361,-0.11173952709544789
MTQC0_SX91,-0.07444795342378838
MTRC0_SI993,-0.12546247449414483
MTRC0_SX170,-0.1399856829175762
MTRC0_SX183,-0.09251180401554814
MTRC0_SX273,-0.10132204161749946
MTRC0_SX363,-0.16386370360851288
MTRC0_SX93,-0.12527932903983377
MTRR0_SI1548,-0.1589026583565606
MTRR0_SI918,-0.19265084896447524
MTRR0_SX198,-0.1261152982711792
MTRR0_SX288,-0.1416163328217297
MTRT0_SI597,-0.20103280246257782
MTRT0_SX147,-0.14864060084025066
MTRT0_SX417,-0.17815425179221414
MTWH1_SI2142,-0.06787818386441186
MTWH1_SI882,-0.067843856233539
MTWH1_SX162,-0.15708854794502258
MTWH1_SX252,-0.16880432297201717
MTWH1_SX432,-0.17167129883399376
MTXS0_SI1690,-0.08220608830451966
MTXS0_SI2320,-0.12734651565551758
MTXS0_SX340,-0.09804849441234882
MTXS0_SX430,-0.1730922508239746
MVJH0_SI1556,-0.18289097872647372
MVJH0_SI2186,-0.1901850700378418
MVJH0_SX116,-0.17602081652040835
MVJH0_SX206,-0.14349510730841222
MVJH0_SX296,-0.1334426498413086
MVJH0_SX386,-0.07442708938352523
MVLO0_SI1147,-0.12394802910940987
MVLO0_SI517,-0.18197281634221313
MVLO0_SX157,-0.2223644421018403
MVLO0_SX247,-0.16067775766900244
MVLO0_SX427,-0.11825001650843127
MVRW0_SI1485,-0.14987120712012575
MVRW0_SI855,-0.08966623714991978
MVRW0_SX225,-0.1580977114764127
MVRW0_SX315,-0.09803605079650879
MVRW0_SX405,-0.13468421830071342
MVRW0_SX45,-0.14770061739029422
MWAC0_SI971,-0.08641136053836707
MWAC0_SX161,-0.1901797664408781
MWAC0_SX251,-0.15274107456207275
MWAC0_SX341,-0.15950240844335312
MWAC0_SX431,-0.17255087156553525
MWAC0_SX71,-0.19315993785858154
MWAD0_SI1749,-0.017422977834939957
MWAD0_SI2322,-0.14574678738911948
MWAD0_SX162,-0.19207115526552554
MWAD0_SX342,-0.10428371737080236
MWAR0_SI1045,-0.1326846007643075
MWAR0_SI1675,-0.21233933470969976
MWAR0_SX145,-0.13478880770066204
MWAR0_SX415,-0.1732105693301639
MWCH0_SI1895,-0.13273262060605562
MWCH0_SX272,-0.1527799892425537
MWCH0_SX92,-0.1509477240698678
MWDK0_SI1436,-0.12548271554415344
MWDK0_SI806,-0.14612464206974682
MWDK0_SX176,-0.1558259388185897
MWDK0_SX266,-0.06893312931060791
MWDK0_SX356,-0.14678159512971578
MWDK0_SX446,-0.10939027203453912
MWDK0_SX86,-0.1870425224304199
MWEM0_SI1320,-0.1364042507974725
MWEM0_SI1393,-0.1429816278918036
MWEM0_SI1950,-0.15989284930021866
MWEM0_SX150,-0.11232545226812363
MWEM0_SX330,-0.14715460538864136
MWEM0_SX420,-0.1422000492320341
MWGR0_SI1606,-0.17340539395809174
MWGR0_SI2236,-0.179234579205513
MWGR0_SI976,-0.1499754472212358
MWGR0_SX166,-0.15282036965353446
MWGR0_SX256,-0.14257413148880005
MWGR0_SX346,-0.1415647216465162
MWRE0_SX247,-0.08165814047274382
MWRE0_SX337,-0.16191865268506503
MWRE0_SX67,-0.10688355389763327
MWRP0_SI1525,-0.09605078470139276
MWRP0_SI2073,-0.16086381912231446
MWRP0_SX183,-0.17803412675857544
MWRP0_SX273,-0.17354400341327375
MWRP0_SX3,-0.07080047130584717
MWSB0_SI2256,-0.16956922925751786
MWSB0_SX186,-0.06255842248598735
MWSB0_SX276,-0.14428004622459412
MWSB0_SX366,-0.1584557427300347
MWSB0_SX6,-0.054242213567097984
MWSB0_SX96,-0.18018113545009068
MWSH0_SI1426,-0.17860130896935097
MWSH0_SI2266,-0.16484896341959634
MWSH0_SX166,-0.14027355367487127
MWSH0_SX256,-0.16559877911129514
MWSH0_SX346,-0.10445728898048401
MWSH0_SX436,-0.17496259689331053
MWSH0_SX76,-0.13162263956936923
MZMB0_SX176,-0.14894718925158182
MZMB0_SX266,-0.10793240368366241
MZMB0_SX356,-0.09431362779516923
MZMB0_SX86,-0.09687940776348114
