MAKR0_SI722,-0.06830242701939174
MAKR0_SX182,-0.06934656493965237
MAKR0_SX272,-0.07748052808973524
MAKR0_SX362,-0.08178291601293228
MAKR0_SX452,-0.0750905612042842
MAKR0_SX92,-0.056972155638780636
MAPV0_SI1293,-0.06646299853767317
MAPV0_SI1923,-0.05594243372187895
MAPV0_SI663,-0.04417364634490491
MAPV0_SX123,-0.06272444853911528
MAPV0_SX213,-0.061557239956325956
MAPV0_SX303,-0.07688082924372033
MAPV0_SX33,-0.07787630864693416
MAPV0_SX393,-0.0625579775744722
MARC0_SI1188,-0.05579896345206186
MARC0_SI1818,-0.06122027014807073
MARC0_SI558,-0.07404770570642807
MARC0_SX108,-0.050289253566576084
MARC0_SX18,-0.09252385435433223
MARC0_SX198,-0.10605616922731753
MARC0_SX288,-0.07260553460372121
MARC0_SX378,-0.09222631454467774
MARW0_SI1276,-0.06608937094020512
MARW0_SI1906,-0.05221111352363842
MARW0_SI646,-0.05979581058773536
MARW0_SX106,-0.07843769413151153
MARW0_SX16,-0.06074087034981206
MARW0_SX286,-0.06563398083693436
MARW0_SX349,-0.0792735971350026
MARW0_SX376,-0.09890659541299898
MBAR0_SI1319,-0.06714813391782597
MBAR0_SI1949,-0.06929252107264632
MBAR0_SI689,-0.08391831965928667
MBAR0_SX149,-0.05973819010966533
MBAR0_SX239,-0.0653273073832194
MBAR0_SX329,-0.07467271546465519
MBAR0_SX419,-0.08477137588553413
MBAR0_SX59,-0.07069973742708247
MBBR0_SI1055,-0.06808698765365533
MBBR0_SI1685,-0.06861660110048089
MBBR0_SI2315,-0.06670248820519573
MBBR0_SX155,-0.08121987376784044
MBBR0_SX245,-0.06923644595675998
MBBR0_SX335,-0.06911821076364229
MBBR0_SX425,-0.06985488265910476
MBBR0_SX65,-0.06971528353514495
MBCG0_SI2217,-0.07506004909299455
MBCG0_SI486,-0.05627337063060087
MBCG0_SI957,-0.07819889192272006
MBCG0_SX147,-0.07205769030028435
MBCG0_SX237,-0.05561471847166498
MBCG0_SX327,-0.07117896244443696
MBCG0_SX417,-0.07701887855670549
MBCG0_SX57,-0.05382030848929062
MBEF0_SI1281,-0.0656579120342548
MBEF0_SI1911,-0.058307066495838084
MBEF0_SI651,-0.06993245706929789
MBEF0_SX111,-0.052793699018122475
MBEF0_SX201,-0.07884938141395306
MBEF0_SX21,-0.04726905292934842
MBEF0_SX291,-0.08171404532666476
MBEF0_SX381,-0.08327353442156757
MBGT0_SI1341,-0.047911422593253
MBGT0_SI1841,-0.073957386902113
MBGT0_SI711,-0.048983176043079155
MBGT0_SX171,-0.06075077183199245
MBGT0_SX261,-0.06341909951177137
MBGT0_SX351,-0.07556777477264404
MBGT0_SX441,-0.06381044777795727
MBGT0_SX81,-0.05411125529896129
MBJV0_SI1247,-0.06184403997072032
MBJV0_SI1877,-0.06720175425211589
MBJV0_SI617,-0.05764481116985452
MBJV0_SX167,-0.07572984995332153
MBJV0_SX257,-0.09380953084854853
MBJV0_SX347,-0.08550312783983019
MBJV0_SX437,-0.0654304728788488
MBJV0_SX77,-0.07569766343886883
MBMA0_SI1222,-0.08877459512066792
MBMA0_SI1852,-0.047649027353309725
MBMA0_SI592,-0.05301571545535571
MBMA0_SX142,-0.08478434832262775
MBMA0_SX232,-0.05566860107054193
MBMA0_SX322,-0.08313400800838026
MBMA0_SX412,-0.08693495899641594
MBMA0_SX52,-0.06678997621697895
MBMA1_SI2207,-0.052749898122704544
MBMA1_SI2214,-0.07208590898357455
MBMA1_SI954,-0.05541399054396479
MBMA1_SX144,-0.07309558868408203
MBMA1_SX234,-0.06384904833807462
MBMA1_SX324,-0.07879152619436885
MBMA1_SX414,-0.05714829980510555
MBMA1_SX54,-0.04933040849180046
MBML0_SI1169,-0.043897417875436634
MBML0_SI1799,-0.05220145352911002
MBML0_SI539,-0.06762542724609374
MBML0_SX179,-0.06713388306753976
MBML0_SX269,-0.052273375356299244
MBML0_SX359,-0.050238152971240374
MBML0_SX449,-0.0758065749437381
MBML0_SX89,-0.06908889503330572
MBOM0_SI1014,-0.062210276355482125
MBOM0_SI1644,-0.07346565848902652
MBOM0_SI2274,-0.0697759780883789
MBOM0_SX114,-0.07019708528800353
MBOM0_SX204,-0.06994005839029947
MBOM0_SX294,-0.04768412504623185
MBOM0_SX311,-0.08633738957094343
MBOM0_SX384,-0.058073095373205236
MBSB0_SI1353,-0.07415750347529992
MBSB0_SI1983,-0.049036764436297946
MBSB0_SI723,-0.059251278719604825
MBSB0_SX183,-0.06478426011942201
MBSB0_SX273,-0.07943359288302335
MBSB0_SX3,-0.06443426928182286
MBSB0_SX363,-0.09056107133757078
MBSB0_SX93,-0.05509516211117015
MBTH0_SI2102,-0.05821177288166528
MBTH0_SI505,-0.05127046836747064
MBTH0_SI757,-0.04193245280872692
MBTH0_SX122,-0.065064624159449
MBTH0_SX212,-0.06097899668315459
MBTH0_SX302,-0.04559562561359811
MBTH0_SX32,-0.07272064428535296
MBTH0_SX392,-0.06005878983256973
MBWP0_SI1531,-0.08400257428487141
MBWP0_SI1969,-0.08633229280493074
MBWP0_SI709,-0.0484956399894055
MBWP0_SX169,-0.07711473657694427
MBWP0_SX259,-0.04254233094088753
MBWP0_SX349,-0.07737966341393016
MBWP0_SX439,-0.06447321350811518
MBWP0_SX79,-0.06996276692148377
MCAE0_SI1447,-0.058443120095582134
MCAE0_SI2077,-0.08037142656647124
MCAE0_SI817,-0.0708065910431721
MCAE0_SX187,-0.07862951059257035
MCAE0_SX277,-0.048891335202936544
MCAE0_SX367,-0.06178500131776712
MCAE0_SX7,-0.06478192294455323
MCAE0_SX97,-0.06466691905054553
MCAL0_SI1138,-0.0658100212321562
MCAL0_SI1768,-0.03751927387865284
MCAL0_SI508,-0.04006222588675363
MCAL0_SX148,-0.05734951551570449
MCAL0_SX238,-0.06693795832192026
MCAL0_SX328,-0.06142737548475321
MCAL0_SX418,-0.07175990008803272
MCAL0_SX58,-0.059930276251458504
MCDC0_SI1292,-0.0656482568427698
MCDC0_SI1922,-0.06020602697058569
MCDC0_SI662,-0.06648263197678786
MCDC0_SX122,-0.07111102764423077
MCDC0_SX212,-0.07246569889347727
MCDC0_SX302,-0.08043374513324938
MCDC0_SX32,-0.04875989012665801
MCDC0_SX392,-0.07426764294992086
MCDD0_SI1513,-0.08090938306322285
MCDD0_SI2143,-0.058954734941978594
MCDD0_SI883,-0.04792645977389428
MCDD0_SX163,-0.06298859556962488
MCDD0_SX253,-0.07759612078827936
MCDD0_SX343,-0.07062170028686524
MCDD0_SX433,-0.07163668465693004
MCDD0_SX73,-0.056514938524664556
MCDR0_SI1154,-0.08475796663308445
MCDR0_SI1784,-0.07061043099611385
MCDR0_SI524,-0.066532251458419
MCDR0_SX164,-0.05875754669269552
MCDR0_SX254,-0.05148600129520192
MCDR0_SX344,-0.06614074099111367
MCDR0_SX434,-0.06033458335726869
MCDR0_SX74,-0.06747703697845225
MCEF0_SI1135,-0.0662063051770617
MCEF0_SI1765,-0.07164633863325807
MCEF0_SI842,-0.06739836931228638
MCEF0_SX145,-0.060561735798993446
MCEF0_SX235,-0.07985775398485588
MCEF0_SX325,-0.07372447307602766
MCEF0_SX415,-0.07147723412796443
MCEF0_SX55,-0.0474110148094257
MCEW0_SI1442,-0.06271911106226634
MCEW0_SI2072,-0.0785991814718292
MCEW0_SI812,-0.07097122687419863
MCEW0_SX182,-0.05957876796453771
MCEW0_SX272,-0.05683223784915985
MCEW0_SX362,-0.06376351019180498
MCEW0_SX452,-0.058216524596261504
MCEW0_SX92,-0.05039354884659855
MCHL0_SI1347,-0.06457330699928268
MCHL0_SI1404,-0.08481511458974754
MCHL0_SI1977,-0.04978574520696408
MCHL0_SX177,-0.052974750858326855
MCHL0_SX267,-0.061046099592450796
MCHL0_SX357,-0.06276778018835819
MCHL0_SX447,-0.06374880659031569
MCHL0_SX87,-0.07554093053785421
MCLK0_SI1660,-0.046040770519210635
MCLK0_SI2290,-0.06278351109202315
MCLK0_SI650,-0.07681133872584293
MCLK0_SX130,-0.06501764635885915
MCLK0_SX220,-0.07856164976607921
MCLK0_SX310,-0.0643199270989697
MCLK0_SX40,-0.06223696299961635
MCLK0_SX400,-0.06967064454981582
MCLM0_SI1456,-0.07635083433057441
MCLM0_SI2086,-0.05475713918497274
MCLM0_SI826,-0.07306677535925497
MCLM0_SX106,-0.08013049434853471
MCLM0_SX16,-0.09720992043380337
MCLM0_SX196,-0.06976363825243573
MCLM0_SX286,-0.07078540544568396
MCLM0_SX376,-0.09466976415915568
MCPM0_SI1194,-0.08213720390264936
MCPM0_SI1824,-0.056662189903441795
MCPM0_SI564,-0.06081925039216289
MCPM0_SX114,-0.05430413368053006
MCPM0_SX204,-0.06892135430173756
MCPM0_SX24,-0.05670395075717819
MCPM0_SX294,-0.06237861345399101
MCPM0_SX384,-0.04029112992827425
MCRE0_SI1121,-0.06594345738978985
MCRE0_SI1725,-0.06105460027220902
MCRE0_SI1751,-0.07634681107161881
MCRE0_SX131,-0.04590218380627879
MCRE0_SX221,-0.05411257062639509
MCRE0_SX24,-0.06809427041923051
MCRE0_SX401,-0.04966176942337391
MCRE0_SX41,-0.07121223934813042
MCSS0_SI1380,-0.061589354932726964
MCSS0_SI688,-0.07185959915735732
MCSS0_SI750,-0.054335524565982125
MCSS0_SX120,-0.06189090244019229
MCSS0_SX210,-0.05228554791417615
MCSS0_SX30,-0.04963008403778076
MCSS0_SX300,-0.05663673725533993
MCSS0_SX390,-0.062130051171219586
MCTH0_SI1209,-0.05671518101733188
MCTH0_SI1839,-0.07348573493044913
MCTH0_SI579,-0.05358851497823542
MCTH0_SX129,-0.07305915164251398
MCTH0_SX219,-0.07500063289295543
MCTH0_SX309,-0.06727133251371838
MCTH0_SX39,-0.05571379390448631
MCTH0_SX399,-0.07848684558309771
MCTM0_SI1350,-0.09019704402493631
MCTM0_SI1980,-0.07272976937053872
MCTM0_SI720,-0.04842293487404877
MCTM0_SX180,-0.051411956760054785
MCTM0_SX270,-0.0557960399559566
MCTM0_SX360,-0.0689070038876291
MCTM0_SX450,-0.07588595633180986
MCTM0_SX90,-0.06278060731433686
MCXM0_SI1351,-0.07157015886547763
MCXM0_SI1981,-0.07067066202383213
MCXM0_SI721,-0.07950858366654216
MCXM0_SX181,-0.08184256156285603
MCXM0_SX271,-0.07771477391642909
MCXM0_SX361,-0.10795229282962182
MCXM0_SX451,-0.0870952972998986
MCXM0_SX91,-0.06516327203488817
MDAC0_SI1261,-0.06280450715350049
MDAC0_SI1837,-0.03708511456105504
MDAC0_SI631,-0.04943440109491348
MDAC0_SX181,-0.062165161325961726
MDAC0_SX271,-0.07393850485483805
MDAC0_SX361,-0.06305556538503922
MDAC0_SX451,-0.09097662450141202
MDAC0_SX91,-0.061200612497121484
MDAS0_SI1266,-0.07360922841347411
MDAS0_SI1896,-0.06376411584005401
MDAS0_SI636,-0.06652059250440293
MDAS0_SX186,-0.040308974823861754
MDAS0_SX21,-0.07444922307903847
MDAS0_SX276,-0.07426521994850853
MDAS0_SX6,-0.06832190765731636
MDAS0_SX96,-0.07584577618223248
MDBB1_SI1006,-0.09105983744143188
MDBB1_SI1636,-0.05965282652113173
MDBB1_SI2056,-0.09462896401826146
MDBB1_SX106,-0.08484511952763715
MDBB1_SX16,-0.07450151901978713
MDBB1_SX196,-0.07953120026912988
MDBB1_SX286,-0.06389388322191009
MDBB1_SX376,-0.0821803845857319
MDBP0_SI1158,-0.06112639823656404
MDBP0_SI1788,-0.07327450294148886
MDBP0_SI528,-0.06103320908953614
MDBP0_SX168,-0.06518294634642424
MDBP0_SX258,-0.08865099638895271
MDBP0_SX348,-0.07682690395873008
MDBP0_SX438,-0.0639614842154763
MDBP0_SX78,-0.06794402081033458
MDCD0_SI1415,-0.05774315256271919
MDCD0_SI2045,-0.09234768411387569
MDCD0_SI785,-0.0727631598060308
MDCD0_SX155,-0.08064030640877333
MDCD0_SX245,-0.09164178030831473
MDCD0_SX335,-0.08814532603692571
MDCD0_SX425,-0.06283621268697304
MDCD0_SX65,-0.07006002407447964
MDCM0_SI1480,-0.05709759248506038
MDCM0_SI2110,-0.06494929718732037
MDCM0_SI850,-0.07754427261068919
MDCM0_SX130,-0.05946804386700771
MDCM0_SX220,-0.07333484649658203
MDCM0_SX310,-0.051865685370660594
MDCM0_SX40,-0.08550337086553159
MDCM0_SX400,-0.0550234608104748
MDDC0_SI1419,-0.07473901994617026
MDDC0_SI2049,-0.06790544660828954
MDDC0_SI789,-0.06023361779361791
MDDC0_SX159,-0.06151587946885297
MDDC0_SX249,-0.08833031987947691
MDDC0_SX339,-0.08225310338686591
MDDC0_SX429,-0.07718560189911813
MDDC0_SX69,-0.0771637113669173
MDED0_SI1170,-0.06071539593350356
MDED0_SI1800,-0.07217025158921006
MDED0_SI540,-0.060409469604492186
MDED0_SX180,-0.05354600606554727
MDED0_SX270,-0.04974316072094348
MDED0_SX360,-0.06230217544212219
MDED0_SX450,-0.05603823074297099
MDED0_SX90,-0.03941953091221001
MDEF0_SI1123,-0.06999748509104659
MDEF0_SI1563,-0.058850724758697175
MDEF0_SI2193,-0.04957151412963867
MDEF0_SX123,-0.06334162116947031
MDEF0_SX213,-0.04641175362134072
MDEF0_SX303,-0.060486099936745384
MDEF0_SX33,-0.049434974159992914
MDEF0_SX393,-0.0728267773543254
MDEM0_SI1868,-0.06807683893547205
MDEM0_SI608,-0.04235009713606401
MDEM0_SI800,-0.04646554486504916
MDEM0_SX158,-0.03617564538367709
MDEM0_SX248,-0.04647977440951547
MDEM0_SX338,-0.06548643112182617
MDEM0_SX428,-0.04628806572899189
MDEM0_SX68,-0.04065400417720046
MDHL0_SI1439,-0.04764660224087836
MDHL0_SI2069,-0.05438606583752394
MDHL0_SI809,-0.05162766691926238
MDHL0_SX179,-0.05946264203810534
MDHL0_SX269,-0.06357137992899253
MDHL0_SX359,-0.06791331208161125
MDHL0_SX449,-0.06801817926128259
MDHL0_SX89,-0.06546931159227415
MDHS0_SI1530,-0.062252078336827894
MDHS0_SI2160,-0.07245912911004103
MDHS0_SI900,-0.05532499357711437
MDHS0_SX180,-0.06797704481540766
MDHS0_SX270,-0.06471199602694125
MDHS0_SX360,-0.06277547350116805
MDHS0_SX450,-0.05956433036110618
MDHS0_SX90,-0.06535386552616042
MDJM0_SI1455,-0.08502991581375981
MDJM0_SI2085,-0.08158303525882027
MDJM0_SI825,-0.05832159949130699
MDJM0_SX105,-0.059445806451745936
MDJM0_SX15,-0.06297952107020786
MDJM0_SX195,-0.050681128793833206
MDJM0_SX285,-0.07038717082902497
MDJM0_SX375,-0.0750444445693702
MDKS0_SI1066,-0.06264104947939024
MDKS0_SI1696,-0.08699298237645349
MDKS0_SI2326,-0.08355463965464446
MDKS0_SX166,-0.07333183288574219
MDKS0_SX256,-0.07615061037268193
MDKS0_SX346,-0.0810496260480183
MDKS0_SX436,-0.0577926288951527
MDKS0_SX76,-0.05268025768853222
MDLB0_SI1306,-0.05079908067457241
MDLB0_SI1936,-0.06623906305391494
MDLB0_SI676,-0.0745016166142055
MDLB0_SX136,-0.07011223716297368
MDLB0_SX226,-0.04664462706002083
MDLB0_SX316,-0.04941640836056148
MDLB0_SX406,-0.05048943440848534
MDLB0_SX46,-0.043421277961882936
MDLC0_SI1395,-0.07068752420359645
MDLC0_SI2025,-0.07248868033999488
MDLC0_SI765,-0.048990377358027866
MDLC0_SX135,-0.05979773857140467
MDLC0_SX225,-0.048723795475103915
MDLC0_SX315,-0.07051022402890078
MDLC0_SX405,-0.07432577719536772
MDLC0_SX45,-0.06751363571376016
MDLC1_SI1435,-0.06721218410077126
MDLC1_SI2065,-0.07496734830534428
MDLC1_SI2144,-0.06834389368693033
MDLC1_SX175,-0.07923196108286618
MDLC1_SX265,-0.04046884729471772
MDLC1_SX355,-0.06963556903903767
MDLC1_SX445,-0.06581374642929592
MDLC1_SX85,-0.07563114166259766
MDLC2_SI1614,-0.05392037053262034
MDLC2_SI2244,-0.06879411516962824
MDLC2_SI984,-0.0642717987375974
MDLC2_SX174,-0.07036505865845775
MDLC2_SX264,-0.05005969001112806
MDLC2_SX354,-0.06407417227688446
MDLC2_SX444,-0.07915358707822602
MDLC2_SX84,-0.060793691033484955
MDLH0_SI1960,-0.07288354237874349
MDLH0_SI574,-0.0818406589067162
MDLH0_SI700,-0.07090913293195918
MDLH0_SX160,-0.06023012826202113
MDLH0_SX250,-0.08310737013816834
MDLH0_SX340,-0.058315944376375654
MDLH0_SX430,-0.07236525675203309
MDLH0_SX70,-0.06166863664288387
MDLM0_SI1234,-0.0676119999645018
MDLM0_SI1864,-0.052431094418665405
MDLM0_SI604,-0.058132021959638694
MDLM0_SX154,-0.05618234400479299
MDLM0_SX244,-0.06424439825662752
MDLM0_SX334,-0.06657726089389338
MDLM0_SX424,-0.053173861010321254
MDLM0_SX64,-0.07420619328816731
MDLR0_SI1233,-0.07453975149005726
MDLR0_SI1863,-0.07837106448747379
MDLR0_SI603,-0.045498953925238714
MDLR0_SX153,-0.05578905155060958
MDLR0_SX243,-0.0847013918355631
MDLR0_SX333,-0.06738587984671959
MDLR0_SX423,-0.06875434660575759
MDLR0_SX63,-0.0693710800400354
MDLR1_SI1299,-0.06776430130004883
MDLR1_SI1929,-0.05305814909187343
MDLR1_SI669,-0.07700789961505523
MDLR1_SX129,-0.05788735703107746
MDLR1_SX219,-0.06701252320233514
MDLR1_SX309,-0.05825836700800608
MDLR1_SX39,-0.0592484796369398
MDLR1_SX399,-0.06192153142387137
MDMA0_SI1238,-0.044339283457342185
MDMA0_SI1430,-0.07493355861403468
MDMA0_SI2060,-0.05779738887663811
MDMA0_SX170,-0.06847299069774394
MDMA0_SX260,-0.0612767573153035
MDMA0_SX350,-0.06565184760511968
MDMA0_SX440,-0.07454729080200195
MDMA0_SX80,-0.048527291563690685
MDMT0_SI1832,-0.06205059233165923
MDMT0_SI2341,-0.061110223134358724
MDMT0_SI572,-0.07760622537680689
MDMT0_SX122,-0.07615702572990866
MDMT0_SX212,-0.06674484683073593
MDMT0_SX302,-0.06773333330457708
MDMT0_SX32,-0.05114089283034032
MDMT0_SX392,-0.06549772471684553
MDNS0_SI1011,-0.06659954798010806
MDNS0_SI2271,-0.08039136627810685
MDNS0_SI873,-0.06883736235976477
MDNS0_SX111,-0.03896835400508
MDNS0_SX201,-0.06886068979899089
MDNS0_SX21,-0.06486760979831808
MDNS0_SX291,-0.07719878064907663
MDNS0_SX381,-0.09454596625434028
MDPB0_SI1760,-0.07337571047665029
MDPB0_SI2126,-0.05414865046371648
MDPB0_SI866,-0.05525832706027561
MDPB0_SX146,-0.043159595589512746
MDPB0_SX236,-0.05850931526958079
MDPB0_SX326,-0.03921814851982649
MDPB0_SX416,-0.05867184951842538
MDPB0_SX56,-0.06378943992383553
MDPK0_SI1053,-0.06295489205254448
MDPK0_SI1683,-0.10571469863255818
MDPK0_SI552,-0.05825884749249714
MDPK0_SX153,-0.06820186196941219
MDPK0_SX243,-0.08012578024793027
MDPK0_SX333,-0.08827826329049347
MDPK0_SX423,-0.07771864304175743
MDPK0_SX63,-0.07113269237761802
MDPS0_SI1651,-0.09452663378769093
MDPS0_SI1979,-0.06425962535613174
MDPS0_SI719,-0.08231882647280292
MDPS0_SX179,-0.07703533830313847
MDPS0_SX269,-0.06633669166749226
MDPS0_SX359,-0.05427259138260765
MDPS0_SX449,-0.08159103511292258
MDPS0_SX89,-0.06583935315491724
MDRD0_SI1382,-0.05865039825439453
MDRD0_SI2012,-0.0627179868293531
MDRD0_SI752,-0.05655120945662903
MDRD0_SX122,-0.07913152221849702
MDRD0_SX212,-0.08218359751244114
MDRD0_SX302,-0.06923980838788224
MDRD0_SX32,-0.04780563088350518
MDRD0_SX392,-0.06624441790434481
MDSJ0_SI1462,-0.05651192062202541
MDSJ0_SI2092,-0.05630388714018322
MDSJ0_SI832,-0.07930675789161964
MDSJ0_SX112,-0.06855623381478446
MDSJ0_SX22,-0.051631877075733065
MDSJ0_SX292,-0.05605981260623987
MDSJ0_SX382,-0.08121967315673828
MDSJ0_SX438,-0.05317338907493735
MDSS0_SI1881,-0.07665543703688789
MDSS0_SI2087,-0.0573817303306178
MDSS0_SI621,-0.0625129684688538
MDSS0_SX171,-0.06626875504203465
MDSS0_SX261,-0.05758702380102385
MDSS0_SX351,-0.07229509224762788
MDSS0_SX441,-0.062437622635452834
MDSS0_SX81,-0.05456632753697837
MDSS1_SI1327,-0.07611622244624769
MDSS1_SI1713,-0.0363318936136745
MDSS1_SI697,-0.07979549891512158
MDSS1_SX157,-0.07082054155682205
MDSS1_SX247,-0.06842625972836516
MDSS1_SX337,-0.07124645233154298
MDSS1_SX427,-0.05892376694382663
MDSS1_SX67,-0.060301486043835006
MDTB0_SI1200,-0.0758931846816305
MDTB0_SI1830,-0.09615357256166025
MDTB0_SI570,-0.08406447242288029
MDTB0_SX120,-0.05326454187944482
MDTB0_SX210,-0.045834903363828304
MDTB0_SX300,-0.06224117373010795
MDTB0_SX321,-0.06592802053389281
MDTB0_SX390,-0.07700152436563791
MDWD0_SI1260,-0.07453526536079302
MDWD0_SI1890,-0.05356273755349748
MDWD0_SI557,-0.04070149709100593
MDWD0_SX180,-0.06494402417949602
MDWD0_SX270,-0.049652617441583
MDWD0_SX360,-0.05775050113075658
MDWD0_SX450,-0.05426507872584453
MDWD0_SX90,-0.07660950656142532
MDWH0_SI1168,-0.05042304229736328
MDWH0_SI1925,-0.03401568531990051
MDWH0_SI665,-0.05514855493874659
MDWH0_SX125,-0.027162080360611133
MDWH0_SX215,-0.06532985480256782
MDWH0_SX305,-0.05931688870997787
MDWH0_SX35,-0.041449150029760205
MDWH0_SX395,-0.05804395078118881
MDWM0_SI1546,-0.07038877259439497
MDWM0_SI2176,-0.06376537409695712
MDWM0_SI916,-0.0518892664428151
MDWM0_SX106,-0.08410991668701172
MDWM0_SX16,-0.09114664490871166
MDWM0_SX286,-0.05496657715684455
MDWM0_SX376,-0.07487658965281951
MDWM0_SX433,-0.05506976815157159
MEAL0_SI1547,-0.05381380278488685
MEAL0_SI2177,-0.0659856525992575
MEAL0_SI917,-0.0876221386891491
MEAL0_SX107,-0.05577506553835985
MEAL0_SX197,-0.07127926519008282
MEAL0_SX287,-0.048800406089195836
MEAL0_SX347,-0.061384402412123694
MEAL0_SX377,-0.0818764662542263
MEDR0_SI1374,-0.08528046502007379
MEDR0_SI2004,-0.07330027789604374
MEDR0_SI744,-0.05925179035105604
MEDR0_SX114,-0.060195368124669295
MEDR0_SX204,-0.0709788373538426
MEDR0_SX24,-0.06081365062072214
MEDR0_SX294,-0.051425904938668915
MEDR0_SX384,-0.06322382892351694
MEFG0_SI465,-0.0655469134234
MEFG0_SI491,-0.07456230854093371
MEFG0_SI598,-0.061584706379496035
MEFG0_SX105,-0.04850846749764902
MEFG0_SX15,-0.09847488267565961
MEFG0_SX195,-0.05007651677498451
MEFG0_SX285,-0.0687085613345089
MEFG0_SX375,-0.06708082872278551
MEGJ0_SI1337,-0.05928927776860256
MEGJ0_SI1967,-0.05250524936762071
MEGJ0_SI707,-0.07743582668074642
MEGJ0_SX167,-0.055533351620616636
MEGJ0_SX257,-0.07561687607839318
MEGJ0_SX3,-0.07119226731316891
MEGJ0_SX437,-0.06457563014845774
MEGJ0_SX77,-0.07586489102891461
MEJL0_SI1592,-0.060631452068205804
MEJL0_SI1654,-0.05520341296990713
MEJL0_SI962,-0.06774952676561144
MEJL0_SX152,-0.06056781005859375
MEJL0_SX242,-0.0763242728595804
MEJL0_SX332,-0.06085413270077463
MEJL0_SX422,-0.07585651613153097
MEJL0_SX62,-0.07288237220735798
MEJS0_SI1240,-0.06868884485092522
MEJS0_SI1870,-0.05956183354406898
MEJS0_SI610,-0.06540211704042223
MEJS0_SX160,-0.061885166662344664
MEJS0_SX250,-0.08409438373373566
MEJS0_SX340,-0.046203344947031696
MEJS0_SX430,-0.06481848543111755
MEJS0_SX70,-0.06394873195224338
MESG0_SI1332,-0.07125288688096425
MESG0_SI1962,-0.06119627285497794
MESG0_SI702,-0.06794087640170393
MESG0_SX162,-0.0959760772515528
MESG0_SX252,-0.06146423430310879
MESG0_SX342,-0.05363273054626646
MESG0_SX432,-0.0707896158136709
MESG0_SX72,-0.05152721290128777
MESJ0_SI2039,-0.05775336724893063
MESJ0_SI2257,-0.0726906146321978
MESJ0_SI997,-0.0692877005476978
MESJ0_SX187,-0.076820969581604
MESJ0_SX277,-0.05326642308916364
MESJ0_SX367,-0.0429430994494208
MESJ0_SX7,-0.06440094607559281
MESJ0_SX97,-0.08099396240535041
MEWM0_SI1348,-0.08977209174114725
MEWM0_SI1978,-0.06754643776837517
MEWM0_SI718,-0.07756974890425399
MEWM0_SX178,-0.07018026918978304
MEWM0_SX268,-0.06244740300801954
MEWM0_SX358,-0.08756081988702671
MEWM0_SX448,-0.05006296411523678
MEWM0_SX88,-0.07391518372315187
MFER0_SI1492,-0.04939515751563698
MFER0_SI2122,-0.04915843587933165
MFER0_SI862,-0.07163766487357542
MFER0_SX142,-0.07161912112168863
MFER0_SX232,-0.051647090062897
MFER0_SX322,-0.06598719375393403
MFER0_SX412,-0.07166116400416117
MFER0_SX52,-0.05699970195819805
MFMC0_SI1132,-0.06704913304504735
MFMC0_SI1762,-0.07616178596059883
MFMC0_SI502,-0.060596499178144664
MFMC0_SX142,-0.07320842897988916
MFMC0_SX232,-0.05181174354757217
MFMC0_SX322,-0.08620350120603576
MFMC0_SX412,-0.08249244032234981
MFMC0_SX52,-0.04165885772234128
MFRM0_SI1155,-0.07495661576588948
MFRM0_SI1717,-0.05350290186264935
MFRM0_SI1785,-0.08021450387011367
MFRM0_SX165,-0.06506874220711845
MFRM0_SX255,-0.06885375524226856
MFRM0_SX345,-0.0929322411032284
MFRM0_SX435,-0.06399346457587349
MFRM0_SX75,-0.05680189828504308
MFWK0_SI1249,-0.05318026109175249
MFWK0_SI1879,-0.055123270535078206
MFWK0_SI619,-0.07020809467022236
MFWK0_SX169,-0.08522726965288743
MFWK0_SX259,-0.09478308617848752
MFWK0_SX349,-0.08270212146343213
MFWK0_SX439,-0.06625016436025014
MFWK0_SX79,-0.06483477771942026
MFXS0_SI1674,-0.06429055813820131
MFXS0_SI2225,-0.058547484874725345
MFXS0_SI2304,-0.06925721602006392
MFXS0_SX144,-0.08289789163841392
MFXS0_SX234,-0.05836388758357416
MFXS0_SX324,-0.06408263504647412
MFXS0_SX414,-0.07141182469386681
MFXS0_SX54,-0.07746336133417513
MFXV0_SI1005,-0.08533071069156423
MFXV0_SI1342,-0.09040337401779915
MFXV0_SI1635,-0.07262768163913634
MFXV0_SX105,-0.05347867948668344
MFXV0_SX15,-0.08283394550590358
MFXV0_SX195,-0.04936776696679426
MFXV0_SX285,-0.05818853273496523
MFXV0_SX375,-0.06208788553873698
MGAF0_SI1282,-0.07899060133026867
MGAF0_SI1912,-0.07176620909508238
MGAF0_SI652,-0.0809623225453938
MGAF0_SX112,-0.07345337648272016
MGAF0_SX202,-0.06729131545463618
MGAF0_SX22,-0.06238952130902538
MGAF0_SX292,-0.062490589154435464
MGAF0_SX382,-0.057293834542869626
MGAG0_SI1321,-0.08313660980552755
MGAG0_SI645,-0.07188411995216652
MGAG0_SI691,-0.07664113508495607
MGAG0_SX151,-0.09115021445534446
MGAG0_SX241,-0.08388171686190311
MGAG0_SX331,-0.09221065602404006
MGAG0_SX421,-0.06482769214109177
MGAG0_SX61,-0.10063600716115803
MGAK0_SI1036,-0.08754339512224239
MGAK0_SI1666,-0.08239913151181977
MGAK0_SI2296,-0.08562570835257174
MGAK0_SX136,-0.06649414192086318
MGAK0_SX226,-0.05999798244900174
MGAK0_SX316,-0.04835178818501217
MGAK0_SX406,-0.051135671797709246
MGAK0_SX46,-0.0521983155664408
MGAR0_SI1212,-0.056880992167704814
MGAR0_SI1694,-0.06500811488540084
MGAR0_SI1842,-0.05189665445840981
MGAR0_SX132,-0.06551982261039116
MGAR0_SX222,-0.044415859949021114
MGAR0_SX312,-0.059286636010072474
MGAR0_SX402,-0.05949388097544185
MGAR0_SX42,-0.062330664461675074
MGAW0_SI1165,-0.08281454025889953
MGAW0_SI1802,-0.0730278927792785
MGAW0_SI535,-0.05255938938685826
MGAW0_SX175,-0.06683304506828983
MGAW0_SX265,-0.04602609510007112
MGAW0_SX355,-0.0975061742270865
MGAW0_SX445,-0.07544740495227632
MGAW0_SX85,-0.07815303890386485
MGES0_SI1481,-0.08459014158982497
MGES0_SI2111,-0.07903181273361733
MGES0_SI851,-0.08896135523699332
MGES0_SX131,-0.06933374662657042
MGES0_SX221,-0.07833836484684174
MGES0_SX311,-0.05870698902704944
MGES0_SX401,-0.08950583409454863
MGES0_SX41,-0.08681640142126928
MGJC0_SI1256,-0.06621805150458153
MGJC0_SI1335,-0.08245055789039249
MGJC0_SI1965,-0.07708778499085227
MGJC0_SX165,-0.07107241523457083
MGJC0_SX255,-0.07721528819963044
MGJC0_SX345,-0.06537992054172483
MGJC0_SX435,-0.06516331713024386
MGJC0_SX75,-0.07466868586188195
MGRL0_SI1497,-0.09805981116958812
MGRL0_SI2127,-0.03983001639373111
MGRL0_SI867,-0.09426339052364659
MGRL0_SX147,-0.0678811054153136
MGRL0_SX237,-0.05286387089760073
MGRL0_SX327,-0.054197531480055586
MGRL0_SX417,-0.07383766952826053
MGRL0_SX57,-0.08333047866821289
MGRP0_SI1317,-0.071447354652387
MGRP0_SI1947,-0.09641405843919323
MGRP0_SI687,-0.07143977793251596
MGRP0_SX147,-0.059784094935340135
MGRP0_SX237,-0.04443170989088237
MGRP0_SX327,-0.059426453773011555
MGRP0_SX417,-0.07813641510473558
MGRP0_SX57,-0.05397880338949843
MGSH0_SI1176,-0.0646017910852288
MGSH0_SI1806,-0.08098684298764368
MGSH0_SI546,-0.06264183446943616
MGSH0_SX127,-0.08371438525971912
MGSH0_SX186,-0.058053556855741914
MGSH0_SX276,-0.07875562750774881
MGSH0_SX6,-0.07307740243158657
MGSH0_SX96,-0.05558127773051359
MGSL0_SI1164,-0.04938801102159757
MGSL0_SI534,-0.04548056229301121
MGSL0_SI797,-0.07198638828722781
MGSL0_SX174,-0.05578485115495308
MGSL0_SX264,-0.04388411615935849
MGSL0_SX354,-0.06341015031313327
MGSL0_SX444,-0.038948834772561586
MGSL0_SX84,-0.0644686780657087
MGXP0_SI1087,-0.06707776275500327
MGXP0_SI457,-0.06066924816853291
MGXP0_SI525,-0.060894157891699434
MGXP0_SX187,-0.06293716593685313
MGXP0_SX277,-0.052937041233925924
MGXP0_SX367,-0.054811499969303956
MGXP0_SX7,-0.05639437765194564
MGXP0_SX97,-0.07215743324973367
MHBS0_SI1575,-0.07163915302762654
MHBS0_SI2205,-0.07201795770017892
MHBS0_SI945,-0.07397211445451347
MHBS0_SX135,-0.05503891231296779
MHBS0_SX225,-0.06117944307224725
MHBS0_SX315,-0.07870385306222098
MHBS0_SX405,-0.07058447845711195
MHBS0_SX45,-0.07230434180295318
MHIT0_SI1613,-0.07534111943738214
MHIT0_SI2243,-0.07669269747850371
MHIT0_SI983,-0.08274574846725302
MHIT0_SX173,-0.08605165854512646
MHIT0_SX263,-0.04710625988219429
MHIT0_SX353,-0.057704380580357144
MHIT0_SX443,-0.066061577642007
MHIT0_SX83,-0.06647300720214844
MHJB0_SI1017,-0.07615795964780062
MHJB0_SI1647,-0.05730244197647464
MHJB0_SI2277,-0.07620112901971082
MHJB0_SX117,-0.07417810573134312
MHJB0_SX207,-0.06106930858684036
MHJB0_SX27,-0.0457789168065908
MHJB0_SX297,-0.07248884405793443
MHJB0_SX387,-0.08690540374271453
MHMG0_SI1365,-0.08179452762392614
MHMG0_SI1995,-0.06882822288657134
MHMG0_SI735,-0.06760640164990446
MHMG0_SX105,-0.04646526489939008
MHMG0_SX15,-0.054535527265708865
MHMG0_SX195,-0.0505212538423594
MHMG0_SX285,-0.05865067730617894
MHMG0_SX375,-0.06339396689047662
MHMR0_SI1119,-0.09704602710784428
MHMR0_SI1692,-0.07069428621140202
MHMR0_SI489,-0.054553950705179356
MHMR0_SX129,-0.05983054597499007
MHMR0_SX219,-0.05785703529129236
MHMR0_SX309,-0.08137341483694609
MHMR0_SX39,-0.05790455286739437
MHMR0_SX399,-0.07138967113334592
MHRM0_SI1475,-0.06109813802382525
MHRM0_SI2218,-0.056842985119016365
MHRM0_SI958,-0.07030767916089894
MHRM0_SX148,-0.06554927825927734
MHRM0_SX238,-0.06407923638066158
MHRM0_SX328,-0.06538260610480058
MHRM0_SX418,-0.046577498668760764
MHRM0_SX58,-0.07391073603829938
MHXL0_SI1772,-0.07569778765890708
MHXL0_SI512,-0.05985780323252959
MHXL0_SI612,-0.04864314163973893
MHXL0_SX152,-0.04050970784988177
MHXL0_SX242,-0.06439895126292415
MHXL0_SX332,-0.0501201112391585
MHXL0_SX422,-0.06154613146271469
MHXL0_SX62,-0.06553338807204674
MILB0_SI2163,-0.0637363534632737
MILB0_SI807,-0.08764345344455762
MILB0_SI903,-0.0774091573861929
MILB0_SX183,-0.054570795833200646
MILB0_SX273,-0.07949778955307366
MILB0_SX3,-0.031543887340960725
MILB0_SX363,-0.08031435012817383
MILB0_SX93,-0.058174310271272955
MJAC0_SI1331,-0.06392719329349579
MJAC0_SI2148,-0.03719124270648491
MJAC0_SI701,-0.06455607004295108
MJAC0_SX251,-0.06418572834559849
MJAC0_SX307,-0.06261003017425537
MJAC0_SX341,-0.049958146535433255
MJAC0_SX431,-0.0485219042978169
MJAC0_SX71,-0.051125089028724154
MJAE0_SI1524,-0.07236334403849537
MJAE0_SI1999,-0.06311783103443129
MJAE0_SI2154,-0.05463196617026517
MJAE0_SX174,-0.06613948933325649
MJAE0_SX264,-0.06769051133540639
MJAE0_SX354,-0.07327600877233012
MJAE0_SX444,-0.06343547480250641
MJAE0_SX84,-0.0702501443716196
MJAI0_SI1604,-0.049892675564083715
MJAI0_SI682,-0.06536387325672621
MJAI0_SI710,-0.05585295373453595
MJAI0_SX164,-0.05528956888647984
MJAI0_SX254,-0.05737097212608824
MJAI0_SX344,-0.08877236502511161
MJAI0_SX434,-0.05434604610562859
MJAI0_SX74,-0.04545647994331692
MJBG0_SI1232,-0.06076238295611213
MJBG0_SI1724,-0.052793060440615
MJBG0_SI1862,-0.046099589137957364
MJBG0_SX152,-0.07183080216858284
MJBG0_SX242,-0.07092772327340424
MJBG0_SX332,-0.047155466485530775
MJBG0_SX422,-0.0649398456920277
MJBG0_SX62,-0.0631915890440649
MJDA0_SI1031,-0.07111607223260598
MJDA0_SI1661,-0.033246701367423255
MJDA0_SI2291,-0.06762985253112604
MJDA0_SX131,-0.09258422638450921
MJDA0_SX221,-0.06447505950927734
MJDA0_SX311,-0.06578292077144215
MJDA0_SX401,-0.03966934142574187
MJDA0_SX41,-0.07367097941878574
MJDC0_SI1161,-0.08771091410767139
MJDC0_SI2165,-0.061197904440072864
MJDC0_SI531,-0.0721941451503806
MJDC0_SX171,-0.09436325304435961
MJDC0_SX261,-0.06462261133026659
MJDC0_SX351,-0.07992599362232645
MJDC0_SX441,-0.08000306079262182
MJDC0_SX81,-0.0697878365664138
MJDE0_SI1120,-0.055335367854869956
MJDE0_SI463,-0.05757627164684056
MJDE0_SI490,-0.07606615339006696
MJDE0_SX130,-0.05800772437933368
MJDE0_SX220,-0.06441455370529107
MJDE0_SX310,-0.07423919234867146
MJDE0_SX40,-0.06341829607563634
MJDE0_SX400,-0.068009905193163
MJDG0_SI1042,-0.05284607928732167
MJDG0_SI1672,-0.06683368880514036
MJDG0_SI1705,-0.059508895014857385
MJDG0_SX142,-0.06379238153115296
MJDG0_SX232,-0.05016774961934287
MJDG0_SX322,-0.0780695096581383
MJDG0_SX412,-0.0778482695271198
MJDG0_SX52,-0.05575994579817477
MJDM0_SI1340,-0.04093585190949617
MJDM0_SI1937,-0.05920059262341215
MJDM0_SI974,-0.08731826146443684
MJDM0_SX170,-0.061166135046844185
MJDM0_SX260,-0.06193798065185547
MJDM0_SX350,-0.07118726003737677
MJDM0_SX440,-0.06770893443714489
MJDM0_SX80,-0.05145953563933677
MJEB0_SI1286,-0.07076817192699975
MJEB0_SI1916,-0.06911557331842635
MJEB0_SI656,-0.06775013273231155
MJEB0_SX170,-0.0674285888671875
MJEB0_SX206,-0.06876298481832721
MJEB0_SX26,-0.08154386476028798
MJEB0_SX296,-0.047961014117973655
MJEB0_SX386,-0.06358257717556423
MJEB1_SI1467,-0.06257701020703538
MJEB1_SI2097,-0.0516278566632952
MJEB1_SI837,-0.0734596021713749
MJEB1_SX117,-0.06276746719114241
MJEB1_SX207,-0.07718249611232592
MJEB1_SX27,-0.048545771174960665
MJEB1_SX297,-0.08834064056269855
MJEB1_SX387,-0.06007035043504503
MJEE0_SI1237,-0.09447382989330827
MJEE0_SI1867,-0.055771556189051726
MJEE0_SI607,-0.052265646377047476
MJEE0_SX157,-0.08120272770400874
MJEE0_SX247,-0.08121242627992735
MJEE0_SX337,-0.05867679255783178
MJEE0_SX427,-0.059705336581786166
MJEE0_SX67,-0.05422533475435697
MJFH0_SI1107,-0.07200383583395398
MJFH0_SI1737,-0.058255643555612274
MJFH0_SI477,-0.06957385088946368
MJFH0_SX117,-0.051836231898833816
MJFH0_SX207,-0.05510779789515904
MJFH0_SX27,-0.06625824413080325
MJFH0_SX297,-0.10213179031604437
MJFH0_SX387,-0.09888512958851896
MJFR0_SI1605,-0.05917197447997314
MJFR0_SI2235,-0.06977981118594899
MJFR0_SI975,-0.07483518923433444
MJFR0_SX165,-0.06293868478229296
MJFR0_SX255,-0.06810658649333472
MJFR0_SX345,-0.06702512518823309
MJFR0_SX435,-0.06416879658236191
MJFR0_SX75,-0.07505724281618446
MJHI0_SI1328,-0.05664567201716419
MJHI0_SI555,-0.08561185016724222
MJHI0_SI698,-0.07007093269731746
MJHI0_SX158,-0.049587245080985276
MJHI0_SX248,-0.08630488670035584
MJHI0_SX338,-0.07114762010665747
MJHI0_SX428,-0.050791814963451296
MJHI0_SX68,-0.060108892253187836
MJJB0_SI1139,-0.06294797750619742
MJJB0_SI1277,-0.0480538711213229
MJJB0_SI1769,-0.08629130940192302
MJJB0_SX149,-0.06305181657945788
MJJB0_SX239,-0.05973648047221572
MJJB0_SX329,-0.07616638948546237
MJJB0_SX419,-0.07080523173014323
MJJB0_SX59,-0.05843371265339402
MJJJ0_SI1163,-0.037219133653267074
MJJJ0_SI1793,-0.0695120466516373
MJJJ0_SI533,-0.040923486208782514
MJJJ0_SX173,-0.08186678659348261
MJJJ0_SX263,-0.03369570410852407
MJJJ0_SX353,-0.06327170475273375
MJJJ0_SX443,-0.0687016118181883
MJJJ0_SX83,-0.06465218559144036
MJJM0_SI1251,-0.06449542601415716
MJJM0_SI1457,-0.06502654335715553
MJJM0_SI827,-0.056460837959122136
MJJM0_SX107,-0.06383953904205898
MJJM0_SX17,-0.06274059162804144
MJJM0_SX197,-0.048142371755657776
MJJM0_SX287,-0.044186937117332487
MJJM0_SX377,-0.056137978436542904
MJKR0_SI1201,-0.08877656188192247
MJKR0_SI1831,-0.06865151099909365
MJKR0_SI571,-0.05409218793246835
MJKR0_SX121,-0.06808085600054876
MJKR0_SX211,-0.06695067521297571
MJKR0_SX301,-0.07158455067435227
MJKR0_SX31,-0.07544558638826422
MJKR0_SX391,-0.07361827319181419
MJLB0_SI1616,-0.08160817933138945
MJLB0_SI2246,-0.07077037012854288
MJLB0_SI986,-0.0885517419862353
MJLB0_SX176,-0.07171301653156173
MJLB0_SX266,-0.06358697310737942
MJLB0_SX356,-0.06715063053926976
MJLB0_SX446,-0.06230707246749127
MJLB0_SX86,-0.05235605973463792
MJLG1_SI1012,-0.07689547802689331
MJLG1_SI1642,-0.06134249142238072
MJLG1_SI2272,-0.06466793356682722
MJLG1_SX112,-0.059199678136947306
MJLG1_SX202,-0.04466770116020651
MJLG1_SX22,-0.06774893389061583
MJLG1_SX292,-0.05451233570392315
MJLG1_SX382,-0.06597142959759984
MJLS0_SI1096,-0.057623626179777815
MJLS0_SI1726,-0.06460008264225435
MJLS0_SI466,-0.07538596654342393
MJLS0_SX106,-0.08317394690080122
MJLS0_SX16,-0.08993269737730634
MJLS0_SX196,-0.07157143917712537
MJLS0_SX286,-0.06807233869414969
MJLS0_SX376,-0.06282811465849512
MJMA0_SI1495,-0.07968326490752552
MJMA0_SI2125,-0.0590535329642199
MJMA0_SI865,-0.061802942153306034
MJMA0_SX145,-0.08751539083627555
MJMA0_SX235,-0.05945182250717939
MJMA0_SX325,-0.08432337627318746
MJMA0_SX415,-0.08733092704320063
MJMA0_SX55,-0.05998802185058594
MJMD0_SI1028,-0.05544108416126892
MJMD0_SI1658,-0.06974802803747433
MJMD0_SI2288,-0.07306473949423763
MJMD0_SX128,-0.08922782566236413
MJMD0_SX218,-0.052832019187716156
MJMD0_SX308,-0.05532569809263921
MJMD0_SX38,-0.05784570634571326
MJMD0_SX398,-0.09711108028685274
MJMM0_SI1255,-0.07381398078954615
MJMM0_SI1885,-0.0466729131873679
MJMM0_SI625,-0.06802582129454002
MJMM0_SX175,-0.05205633126053156
MJMM0_SX265,-0.042494933921974024
MJMM0_SX355,-0.06982459530809919
MJMM0_SX445,-0.06469771280243065
MJMM0_SX85,-0.0831196066566501
MJPG0_SI1191,-0.0783474894248292
MJPG0_SI1821,-0.05464111139744888
MJPG0_SI561,-0.07606050331958863
MJPG0_SX111,-0.03998604286007765
MJPG0_SX201,-0.08494905719842612
MJPG0_SX21,-0.055560300797980446
MJPG0_SX291,-0.07300326347351074
MJPG0_SX381,-0.09622850605085784
MJPM0_SI1368,-0.07502707568081943
MJPM0_SI1998,-0.06471729794064084
MJPM0_SI738,-0.04358273034491694
MJPM0_SX108,-0.05078611835356681
MJPM0_SX18,-0.07755067348480224
MJPM0_SX198,-0.04471148832893928
MJPM0_SX288,-0.06037410513147131
MJPM0_SX378,-0.06860320294489626
MJPM1_SI1897,-0.07040997913905553
MJPM1_SI2280,-0.05948636393067698
MJPM1_SI761,-0.062090021963337905
MJPM1_SX131,-0.0777287766269353
MJPM1_SX221,-0.06107678538874576
MJPM1_SX311,-0.07682240432388847
MJPM1_SX401,-0.0715054943136973
MJPM1_SX41,-0.07398532981148903
MJRA0_SI1236,-0.08059792162260551
MJRA0_SI1866,-0.07547974375496923
MJRA0_SI606,-0.06827902438035652
MJRA0_SX156,-0.06990408170021187
MJRA0_SX246,-0.06043287831493932
MJRA0_SX336,-0.06143407382918905
MJRA0_SX426,-0.05913761601303563
MJRA0_SX66,-0.06672652356036297
MJRG0_SI1366,-0.07552125848875456
MJRG0_SI1996,-0.04089717183794294
MJRG0_SI736,-0.08116837047593563
MJRG0_SX106,-0.07727599347758497
MJRG0_SX16,-0.08051922917366028
MJRG0_SX286,-0.046856987285104026
MJRG0_SX352,-0.06195398291043817
MJRG0_SX376,-0.06977567365092616
MJRH0_SI1125,-0.06627477110610178
MJRH0_SI1755,-0.0640968914472624
MJRH0_SI1840,-0.06098716606801458
MJRH0_SX135,-0.06106754649769176
MJRH0_SX225,-0.07682842311292591
MJRH0_SX315,-0.07408145322638043
MJRH0_SX405,-0.06678322433982196
MJRH0_SX45,-0.06253311727394838
MJRH1_SI1558,-0.06804241782740543
MJRH1_SI1774,-0.07467634686952308
MJRH1_SI514,-0.06036730292889712
MJRH1_SX154,-0.06208326726434976
MJRH1_SX244,-0.08551293243596583
MJRH1_SX334,-0.059544443549596676
MJRH1_SX424,-0.06691912021017246
MJRH1_SX64,-0.07683855126261228
MJRK0_SI1662,-0.08702111099705552
MJRK0_SI2103,-0.0662226849291698
MJRK0_SI880,-0.09257652814998184
MJRK0_SX160,-0.06754875693091734
MJRK0_SX250,-0.0754675380519179
MJRK0_SX340,-0.06785095459201582
MJRK0_SX430,-0.0676752693036829
MJRK0_SX70,-0.04556956625821298
MJRP0_SI1835,-0.054503317922353745
MJRP0_SI1845,-0.05897475995994695
MJRP0_SI585,-0.06354674381607628
MJRP0_SX135,-0.08111876989962787
MJRP0_SX225,-0.07631061833079268
MJRP0_SX315,-0.06720415990155443
MJRP0_SX405,-0.07454522076775046
MJRP0_SX45,-0.05658807529239204
MJSR0_SI1424,-0.08396939016616119
MJSR0_SI2054,-0.08004471612355066
MJSR0_SI794,-0.07771151195200839
MJSR0_SX164,-0.06488682079866442
MJSR0_SX254,-0.06924010424724113
MJSR0_SX344,-0.061246550909363394
MJSR0_SX434,-0.052340384641307997
MJSR0_SX74,-0.048752667152718324
MJWG0_SI2155,-0.05314620861337205
MJWG0_SI813,-0.04924883493563024
MJWG0_SI895,-0.050249805189158815
MJWG0_SX175,-0.05332856334990739
MJWG0_SX265,-0.04582703229293082
MJWG0_SX355,-0.05733835561193894
MJWG0_SX445,-0.08106134758620966
MJWG0_SX85,-0.050647793394146545
MJWS0_SI1143,-0.07169644481157401
MJWS0_SI1773,-0.0718097969337746
MJWS0_SI513,-0.05993258524284088
MJWS0_SX153,-0.06669905797349221
MJWS0_SX243,-0.0581505224571465
MJWS0_SX333,-0.0853691723518994
MJWS0_SX423,-0.08788263983059423
MJWS0_SX63,-0.0643769099300069
MJWT0_SI1291,-0.044078008890658174
MJWT0_SI1381,-0.062169116296809476
MJWT0_SI751,-0.06566856110018063
MJWT0_SX121,-0.05113021507140524
MJWT0_SX211,-0.03989088155661419
MJWT0_SX301,-0.06862557871957843
MJWT0_SX31,-0.05852245051285316
MJWT0_SX391,-0.04841403461439641
MJXA0_SI1507,-0.055194068501013833
MJXA0_SI2137,-0.044046486995016884
MJXA0_SI877,-0.07494549435864163
MJXA0_SX157,-0.053036113954939935
MJXA0_SX247,-0.07337604585241099
MJXA0_SX337,-0.08004444312318532
MJXA0_SX427,-0.06082276685522237
MJXA0_SX67,-0.048241902961105594
MJXL0_SI1172,-0.07241554815407354
MJXL0_SI1795,-0.05419881162587662
MJXL0_SI542,-0.06513787659121231
MJXL0_SX182,-0.07264057256407656
MJXL0_SX272,-0.053633110863821845
MJXL0_SX362,-0.07488626147073413
MJXL0_SX452,-0.06138242746328379
MJXL0_SX92,-0.07395462762741815
MKAG0_SI1609,-0.07008633338717889
MKAG0_SI2239,-0.06436881781613678
MKAG0_SI979,-0.0653620762611503
MKAG0_SX169,-0.06654515558359575
MKAG0_SX259,-0.0764421659095265
MKAG0_SX30,-0.036316902573044235
MKAG0_SX439,-0.06373973457609655
MKAG0_SX79,-0.07653563181559245
MKAH0_SI1528,-0.06734368215382718
MKAH0_SI2158,-0.07757058993790501
MKAH0_SI898,-0.06169207122689286
MKAH0_SX178,-0.07222628535435438
MKAH0_SX268,-0.0693792852555743
MKAH0_SX358,-0.057652766054326836
MKAH0_SX448,-0.05480457734370577
MKAH0_SX88,-0.05178605185614692
MKAJ0_SI1414,-0.071429085485714
MKAJ0_SI2044,-0.07483837555865852
MKAJ0_SI784,-0.07099731557923489
MKAJ0_SX154,-0.060167105692737505
MKAJ0_SX244,-0.07332788060923091
MKAJ0_SX334,-0.06232672026663116
MKAJ0_SX424,-0.05681032453264509
MKAJ0_SX64,-0.07213167254434248
MKAM0_SI1250,-0.07409318650230459
MKAM0_SI1316,-0.06531527316528746
MKAM0_SI1465,-0.05343952857458544
MKAM0_SX146,-0.05002882019166024
MKAM0_SX236,-0.06905128109839655
MKAM0_SX326,-0.0424377933625252
MKAM0_SX416,-0.07555831460391774
MKAM0_SX56,-0.07240606112530712
MKDB0_SI2132,-0.07403815636268028
MKDB0_SI588,-0.06170315073247541
MKDB0_SI872,-0.05704187226775509
MKDB0_SX152,-0.06590905908035906
MKDB0_SX242,-0.06159852264793056
MKDB0_SX332,-0.058849830986190364
MKDB0_SX422,-0.08045301872028422
MKDB0_SX62,-0.08348472651107844
MKDD0_SI1567,-0.06844271287071906
MKDD0_SI2197,-0.06063452731357532
MKDD0_SI937,-0.06713726451096025
MKDD0_SX127,-0.05777073943096658
MKDD0_SX217,-0.05935878857322361
MKDD0_SX307,-0.06927087014181572
MKDD0_SX37,-0.05034729286476418
MKDD0_SX397,-0.06057901851466445
MKDT0_SI2153,-0.04411423873901367
MKDT0_SI814,-0.0747138702117645
MKDT0_SI893,-0.059866731519141965
MKDT0_SX173,-0.1045162771630475
MKDT0_SX263,-0.04408713283701839
MKDT0_SX353,-0.0455323855082194
MKDT0_SX443,-0.0858608942765456
MKDT0_SX83,-0.06910788145101847
MKES0_SI1253,-0.07190433144569397
MKES0_SI1883,-0.05486222014339577
MKES0_SI623,-0.059328295236610505
MKES0_SX173,-0.0843469624919943
MKES0_SX263,-0.06380171072287638
MKES0_SX353,-0.06358899678269478
MKES0_SX443,-0.08333821918653406
MKES0_SX83,-0.06834863976957241
MKJO0_SI1517,-0.07003163052843762
MKJO0_SI2147,-0.06651627676827566
MKJO0_SI887,-0.08395129736838686
MKJO0_SX167,-0.06445154776939979
MKJO0_SX257,-0.08224535542865131
MKJO0_SX424,-0.04695141807435051
MKJO0_SX437,-0.05222532915514569
MKJO0_SX77,-0.06842030419243707
MKLN0_SI1598,-0.06460679878527435
MKLN0_SI2228,-0.08208988206502099
MKLN0_SI968,-0.07818741268581814
MKLN0_SX158,-0.054074945903959726
MKLN0_SX248,-0.07680958218044705
MKLN0_SX338,-0.06107756334864451
MKLN0_SX428,-0.0645723907199837
MKLN0_SX68,-0.06937302729880163
MKLR0_SI1059,-0.04797524896286826
MKLR0_SI1689,-0.05680328550792876
MKLR0_SI2319,-0.07825755512013155
MKLR0_SX159,-0.05640956800277919
MKLR0_SX249,-0.053277361483974314
MKLR0_SX339,-0.048919540434959795
MKLR0_SX429,-0.05661443885104115
MKLR0_SX69,-0.060691161842197756
MKLS0_SI1437,-0.0564810570973551
MKLS0_SI1533,-0.07580580386815895
MKLS0_SI2067,-0.05781335650749926
MKLS0_SX177,-0.07122356433586534
MKLS0_SX267,-0.07589318790537788
MKLS0_SX357,-0.06202174670075717
MKLS0_SX447,-0.06333458911087433
MKLS0_SX87,-0.06479996735194944
MKLS1_SI1545,-0.05993919134882752
MKLS1_SI2175,-0.0764455795288086
MKLS1_SI915,-0.07771465740677465
MKLS1_SX105,-0.059965443065148276
MKLS1_SX15,-0.08069293144252473
MKLS1_SX195,-0.04903632767346441
MKLS1_SX285,-0.06158652286297879
MKLS1_SX375,-0.06322026028528482
MKLW0_SI1571,-0.04418269374914337
MKLW0_SI1844,-0.092821667068883
MKLW0_SI2201,-0.050024712339360664
MKLW0_SX131,-0.05956037184771369
MKLW0_SX221,-0.06700682251771808
MKLW0_SX311,-0.07387964829154636
MKLW0_SX401,-0.06409265537454624
MKLW0_SX41,-0.08693975365680197
MKRG0_SI1491,-0.06132657046145108
MKRG0_SI2121,-0.08864771247884558
MKRG0_SI861,-0.07307999122870361
MKRG0_SX141,-0.05979594944408105
MKRG0_SX231,-0.08066836918625876
MKRG0_SX31,-0.06404423159222271
MKRG0_SX411,-0.07742358380415308
MKRG0_SX51,-0.05967792754477643
MKXL0_SI1185,-0.07669266646470481
MKXL0_SI1815,-0.06380467824806454
MKXL0_SI1958,-0.05713011704239191
MKXL0_SX105,-0.053445601360106364
MKXL0_SX15,-0.06676464954405341
MKXL0_SX195,-0.04809957080417209
MKXL0_SX285,-0.050395718179487285
MKXL0_SX375,-0.06283675226671942
MLBC0_SI1239,-0.07181977051232248
MLBC0_SI1869,-0.06485821650578426
MLBC0_SI609,-0.07197566353595318
MLBC0_SX159,-0.05774132065151049
MLBC0_SX249,-0.054868484851177235
MLBC0_SX339,-0.05550818151357222
MLBC0_SX429,-0.059193319203902264
MLBC0_SX69,-0.08078162349871736
MLEL0_SI1246,-0.05417906694499192
MLEL0_SI1876,-0.06507544768484015
MLEL0_SI616,-0.08664603749657893
MLEL0_SX166,-0.066981299905216
MLEL0_SX256,-0.03959922075958692
MLEL0_SX346,-0.05563219059148484
MLEL0_SX436,-0.04482382598238955
MLEL0_SX76,-0.05135180345222132
MLJC0_SI1225,-0.05569551609180592
MLJC0_SI1855,-0.06761036113816865
MLJC0_SI595,-0.07668792560536375
MLJC0_SX145,-0.06894487912963036
MLJC0_SX235,-0.07099042989439884
MLJC0_SX325,-0.0671764257299991
MLJC0_SX415,-0.09328482592547381
MLJC0_SX55,-0.0746458336159035
MLJH0_SI1324,-0.04776564178916909
MLJH0_SI1422,-0.06068191413246488
MLJH0_SI694,-0.04530534491074824
MLJH0_SX154,-0.05507121129338475
MLJH0_SX244,-0.054874346273574647
MLJH0_SX334,-0.054653286543048796
MLJH0_SX424,-0.0395687288708157
MLJH0_SX64,-0.08043455530385502
MLNS0_SI1407,-0.06752309243240699
MLNS0_SI2037,-0.08018252019132122
MLNS0_SI777,-0.06824606518412746
MLNS0_SX147,-0.06901744873292985
MLNS0_SX237,-0.04321076900144167
MLNS0_SX327,-0.0867186629253885
MLNS0_SX417,-0.05982154162962045
MLNS0_SX57,-0.0532075135604195
MLSH0_SI1417,-0.06121300083930504
MLSH0_SI2047,-0.06613286565787525
MLSH0_SI787,-0.06909677227196745
MLSH0_SX157,-0.059218463219201614
MLSH0_SX247,-0.07722118043679796
MLSH0_SX337,-0.08061778586628528
MLSH0_SX427,-0.058546617996594136
MLSH0_SX67,-0.06723816723418026
MMAA0_SI1588,-0.050380357038746
MMAA0_SI2105,-0.07555721424244068
MMAA0_SI845,-0.08106343092116634
MMAA0_SX125,-0.046035323824201314
MMAA0_SX215,-0.06826921379041372
MMAA0_SX305,-0.04684829033142307
MMAA0_SX35,-0.059493269802125034
MMAA0_SX395,-0.06941671403570207
MMAB1_SI1494,-0.06073237720288729
MMAB1_SI2124,-0.07659014626657319
MMAB1_SI864,-0.09004463958740234
MMAB1_SX144,-0.08488062844760176
MMAB1_SX234,-0.0546490224202474
MMAB1_SX324,-0.07118533948145875
MMAB1_SX414,-0.05894481620915308
MMAB1_SX54,-0.07259452506287457
MMAG0_SI1126,-0.06901101368229563
MMAG0_SI1756,-0.05576363043351607
MMAG0_SI496,-0.06243810848313935
MMAG0_SX136,-0.06492104128182652
MMAG0_SX226,-0.061519873447907276
MMAG0_SX316,-0.05957336051791322
MMAG0_SX406,-0.0425294158384972
MMAG0_SX46,-0.04551816177368164
MMAM0_SI1597,-0.07312673104775919
MMAM0_SI1668,-0.09520111780732735
MMAM0_SI2227,-0.07324688560084293
MMAM0_SX157,-0.07440194791677046
MMAM0_SX247,-0.08324545359681429
MMAM0_SX337,-0.10597136640173244
MMAM0_SX427,-0.07309896028958834
MMAM0_SX67,-0.07552836058569737
MMAR0_SI1336,-0.06779593475594008
MMAR0_SI1966,-0.06407747074049347
MMAR0_SI706,-0.044290907118055556
MMAR0_SX166,-0.06537276595386106
MMAR0_SX256,-0.044148494175502234
MMAR0_SX346,-0.05337567034020888
MMAR0_SX436,-0.058438190194063405
MMAR0_SX76,-0.0591608186007878
MMBS0_SI1151,-0.06258059580088694
MMBS0_SI1781,-0.04441612869945925
MMBS0_SI521,-0.06462247748123973
MMBS0_SX161,-0.047031402587890625
MMBS0_SX251,-0.056580572861891526
MMBS0_SX341,-0.05334344155118545
MMBS0_SX431,-0.04847900455464047
MMBS0_SX71,-0.05082130432128906
MMCC0_SI1338,-0.0568995475769043
MMCC0_SI1968,-0.06139495117323739
MMCC0_SI708,-0.061891185078875026
MMCC0_SX168,-0.06420445865427954
MMCC0_SX258,-0.05380346112302925
MMCC0_SX348,-0.053200452900781826
MMCC0_SX438,-0.05828617654913189
MMCC0_SX78,-0.039163191384131754
MMDB0_SI1358,-0.09025849414472821
MMDB0_SI1617,-0.05804486817951444
MMDB0_SI987,-0.0878248349042006
MMDB0_SX177,-0.0683813750743866
MMDB0_SX267,-0.06572379939183841
MMDB0_SX357,-0.062407347806699716
MMDB0_SX447,-0.06769785456632445
MMDB0_SX87,-0.0641376803619693
MMDG0_SI1780,-0.06797892200060127
MMDG0_SI2035,-0.054387691516231226
MMDG0_SI520,-0.039740574359893796
MMDG0_SX160,-0.06372258657202087
MMDG0_SX250,-0.06322864006305563
MMDG0_SX340,-0.055248075373032515
MMDG0_SX430,-0.07982193669186363
MMDG0_SX70,-0.04143885269905757
MMDM0_SI1311,-0.0692169883034446
MMDM0_SI1941,-0.06551295778025752
MMDM0_SI681,-0.05896020320154006
MMDM0_SX141,-0.05730743165228777
MMDM0_SX231,-0.05744451880455017
MMDM0_SX321,-0.06020064300365662
MMDM0_SX411,-0.0721302578988936
MMDM0_SX51,-0.05873813903589043
MMDM1_SI1650,-0.03656529589911192
MMDM1_SI2043,-0.06781280974638627
MMDM1_SI783,-0.06885440532977764
MMDM1_SX153,-0.04375570622073511
MMDM1_SX243,-0.059446232430886904
MMDM1_SX333,-0.06776254442003038
MMDM1_SX423,-0.07655945946188535
MMDM1_SX63,-0.05009939722771192
MMDS0_SI1343,-0.07360688676225378
MMDS0_SI1973,-0.07208293632224753
MMDS0_SI713,-0.07124302692902394
MMDS0_SX173,-0.09091456996955999
MMDS0_SX263,-0.088660741589733
MMDS0_SX353,-0.07913432534285418
MMDS0_SX443,-0.0895922397045379
MMDS0_SX83,-0.06647305301183176
MMEA0_SI1388,-0.06513219469049003
MMEA0_SI2018,-0.038757952776822174
MMEA0_SI758,-0.07305131747028021
MMEA0_SX128,-0.07184100700413576
MMEA0_SX218,-0.046058050115057765
MMEA0_SX308,-0.06642191075096446
MMEA0_SX38,-0.07081146973830003
MMEA0_SX398,-0.07285027899897055
MMEB0_SI1357,-0.06255157234132752
MMEB0_SI1987,-0.0899915193256579
MMEB0_SI727,-0.05938956659164787
MMEB0_SX187,-0.08225273818112491
MMEB0_SX327,-0.07136394103727729
MMEB0_SX367,-0.07832460882120611
MMEB0_SX7,-0.07537170907725459
MMEB0_SX97,-0.06642369062698196
MMGC0_SI1305,-0.07789031476206124
MMGC0_SI1935,-0.05728765412759925
MMGC0_SI2184,-0.06875424281410548
MMGC0_SX135,-0.0677017387768901
MMGC0_SX225,-0.06307682144307644
MMGC0_SX315,-0.0518165131409963
MMGC0_SX405,-0.07849091063154505
MMGC0_SX45,-0.06625152001014123
MMGG0_SI1079,-0.07197017214562008
MMGG0_SI1709,-0.08222600425161966
MMGG0_SI2339,-0.05976687306943147
MMGG0_SX179,-0.07507689158121744
MMGG0_SX269,-0.05985941659836542
MMGG0_SX359,-0.050130272477599915
MMGG0_SX449,-0.06649353582534431
MMGG0_SX89,-0.058846461467253856
MMGK0_SI1322,-0.09692952746436709
MMGK0_SI1952,-0.0785981387626834
MMGK0_SI692,-0.05687566371779368
MMGK0_SX152,-0.07636445332942397
MMGK0_SX242,-0.08716918116780967
MMGK0_SX332,-0.0517268885037064
MMGK0_SX422,-0.07430483757044731
MMGK0_SX62,-0.08336027533607146
MMJB1_SI1408,-0.064946640369504
MMJB1_SI2038,-0.06482275909692312
MMJB1_SI778,-0.04967175651999081
MMJB1_SX148,-0.08302707526520009
MMJB1_SX238,-0.05471683307817787
MMJB1_SX328,-0.06670798612444588
MMJB1_SX418,-0.06386578687980994
MMJB1_SX58,-0.06348867520042088
MMLM0_SI1527,-0.06392686764399211
MMLM0_SI2150,-0.0583160752100302
MMLM0_SI897,-0.05893694671765298
MMLM0_SX177,-0.048014139642520826
MMLM0_SX267,-0.07910039689805773
MMLM0_SX357,-0.05901099054098932
MMLM0_SX447,-0.06578944553838711
MMLM0_SX87,-0.07153728090483567
MMPM0_SI1061,-0.061619244804678036
MMPM0_SI1691,-0.07370229049842117
MMPM0_SI2321,-0.07890388700697157
MMPM0_SX161,-0.055168532397045125
MMPM0_SX251,-0.0579909257485833
MMPM0_SX341,-0.05272482610811853
MMPM0_SX431,-0.05365308737143492
MMPM0_SX71,-0.06654635904288968
MMRP0_SI2034,-0.058466468318816155
MMRP0_SI717,-0.04847572882648422
MMRP0_SI774,-0.07198773687411858
MMRP0_SX144,-0.053032611665271574
MMRP0_SX234,-0.04949702555044538
MMRP0_SX324,-0.05599407942398735
MMRP0_SX414,-0.05350756925695083
MMRP0_SX54,-0.05108295787464489
MMSM0_SI1106,-0.07026941105547245
MMSM0_SI1736,-0.05538936471039394
MMSM0_SI476,-0.07231922324644316
MMSM0_SX116,-0.07586966995644358
MMSM0_SX206,-0.06791262030601501
MMSM0_SX26,-0.05291492214788756
MMSM0_SX296,-0.061451142955674484
MMSM0_SX386,-0.06459935726178971
MMVP0_SI1284,-0.045665814070751445
MMVP0_SI1914,-0.06378290276778371
MMVP0_SI654,-0.0712684551518416
MMVP0_SX114,-0.06312682859359249
MMVP0_SX204,-0.07753711423246919
MMVP0_SX294,-0.07736449956063195
MMVP0_SX347,-0.07420306735568577
MMVP0_SX384,-0.058937743743001834
MMWB0_SI1619,-0.03116022328861424
MMWB0_SI2249,-0.07565876897392727
MMWB0_SI989,-0.04362263118519503
MMWB0_SX179,-0.06141587489627186
MMWB0_SX269,-0.04796311738061123
MMWB0_SX359,-0.05138946981991038
MMWB0_SX449,-0.06343002484832565
MMWB0_SX89,-0.06595172821142423
MMWS0_SI1518,-0.08486591023244676
MMWS0_SI559,-0.05230058257903286
MMWS0_SI888,-0.094825767960388
MMWS0_SX168,-0.07733601595448182
MMWS0_SX258,-0.08792846554615459
MMWS0_SX348,-0.07230869617337495
MMWS0_SX438,-0.07923781690258665
MMWS0_SX78,-0.07376846698446012
MMWS1_SI1071,-0.04188165323136595
MMWS1_SI1701,-0.060853591635207496
MMWS1_SI2331,-0.07648365314190204
MMWS1_SX261,-0.054781313295717594
MMWS1_SX27,-0.06554072408965139
MMWS1_SX351,-0.05739341661768052
MMWS1_SX441,-0.06331864525290097
MMWS1_SX81,-0.055170663512579286
MMXS0_SI2136,-0.0790739407504562
MMXS0_SI629,-0.06039965903922303
MMXS0_SI876,-0.04774934759637191
MMXS0_SX156,-0.05758675847734724
MMXS0_SX246,-0.055427017374935314
MMXS0_SX336,-0.070761553286305
MMXS0_SX426,-0.05497209349674965
MMXS0_SX66,-0.08262928025128972
MNET0_SI1446,-0.08608684787502537
MNET0_SI2076,-0.0806109730790301
MNET0_SI816,-0.08349685937585966
MNET0_SX186,-0.07491025838766012
MNET0_SX276,-0.07012642707143511
MNET0_SX366,-0.08528418821447036
MNET0_SX6,-0.0752641475143064
MNET0_SX96,-0.07567780132223319
MNTW0_SI1068,-0.06998161991212777
MNTW0_SI1698,-0.05294196001307931
MNTW0_SI2328,-0.054924138019539714
MNTW0_SX168,-0.057507207976901994
MNTW0_SX202,-0.05698898523160727
MNTW0_SX258,-0.06422856758380759
MNTW0_SX348,-0.07068421987181935
MNTW0_SX78,-0.05631968016114182
MPAR0_SI1576,-0.07273688683143029
MPAR0_SI2206,-0.06757785444674284
MPAR0_SI946,-0.07084771184962195
MPAR0_SX136,-0.07018893264060796
MPAR0_SX226,-0.068469136350068
MPAR0_SX316,-0.06691142615922001
MPAR0_SX406,-0.05070135538334107
MPAR0_SX46,-0.06090535508825424
MPEB0_SI1034,-0.08098999659220378
MPEB0_SI1860,-0.06321962868295065
MPEB0_SI600,-0.07236546876898223
MPEB0_SX150,-0.0633087666829427
MPEB0_SX240,-0.0730454102727293
MPEB0_SX330,-0.06138074598729811
MPEB0_SX420,-0.07039381736932798
MPEB0_SX60,-0.0697510604149786
MPFU0_SI1258,-0.07073980070086833
MPFU0_SI1888,-0.08495160153037623
MPFU0_SI628,-0.0619885179511739
MPFU0_SX178,-0.08672262608319864
MPFU0_SX268,-0.06444626678655177
MPFU0_SX358,-0.0798552026710357
MPFU0_SX448,-0.027572705982198024
MPFU0_SX88,-0.05328374717667786
MPGH0_SI1554,-0.06406664971860579
MPGH0_SI675,-0.05877818455031565
MPGH0_SI924,-0.06037689751660973
MPGH0_SX114,-0.07886428163762678
MPGH0_SX204,-0.09379903587377128
MPGH0_SX24,-0.06198958346718236
MPGH0_SX294,-0.05533254557642443
MPGH0_SX384,-0.054477593956924066
MPGR0_SI1410,-0.07839079464183134
MPGR0_SI2040,-0.04544941490218484
MPGR0_SI780,-0.06799378311424925
MPGR0_SX150,-0.07061242210794483
MPGR0_SX240,-0.06715925231234718
MPGR0_SX330,-0.06963282921920122
MPGR0_SX420,-0.058980373186147635
MPGR0_SX60,-0.06593387157886059
MPGR1_SI1269,-0.053994898210492054
MPGR1_SI1499,-0.08810406937253
MPGR1_SI2129,-0.07224127704055731
MPGR1_SX149,-0.07379475889722166
MPGR1_SX239,-0.0636566090133955
MPGR1_SX329,-0.04904466949546961
MPGR1_SX419,-0.07396461611888448
MPGR1_SX59,-0.07498237361078677
MPMB0_SI1501,-0.037567102788326194
MPMB0_SI2131,-0.03661520628802544
MPMB0_SI871,-0.049766477991323
MPMB0_SX151,-0.057281578812643744
MPMB0_SX241,-0.07379954524294159
MPMB0_SX331,-0.05693412834489849
MPMB0_SX421,-0.04375260595929562
MPMB0_SX61,-0.05473156211789974
MPPC0_SI1412,-0.06899001734043525
MPPC0_SI2042,-0.0577384146248422
MPPC0_SI782,-0.05528989045516304
MPPC0_SX152,-0.058157005158078624
MPPC0_SX242,-0.0582283759603695
MPPC0_SX332,-0.058511375974062765
MPPC0_SX422,-0.06166120223057123
MPPC0_SX62,-0.06649000233617322
MPRB0_SI1205,-0.07935369582403273
MPRB0_SI1215,-0.06488212319307549
MPRB0_SI575,-0.08419428434974065
MPRB0_SX125,-0.05869721322164048
MPRB0_SX215,-0.059751156328895313
MPRB0_SX305,-0.04719763204275844
MPRB0_SX35,-0.042446786230737034
MPRB0_SX395,-0.07934057116508483
MPRD0_SI1431,-0.0457212319645857
MPRD0_SI2061,-0.05175539616788371
MPRD0_SI801,-0.06356611772017046
MPRD0_SX171,-0.06572172848843785
MPRD0_SX261,-0.04321426345456031
MPRD0_SX351,-0.08481979370117188
MPRD0_SX441,-0.050985578080298195
MPRD0_SX81,-0.05705277312035654
MPRK0_SI1097,-0.058290297190348304
MPRK0_SI1727,-0.04756519489718559
MPRK0_SI467,-0.06761988231113979
MPRK0_SX107,-0.07345776225245276
MPRK0_SX17,-0.0406412288455144
MPRK0_SX197,-0.061943420997032754
MPRK0_SX287,-0.055081164632857865
MPRK0_SX377,-0.06364622729563574
MPRT0_SI1210,-0.07965154063944914
MPRT0_SI495,-0.05913995587548544
MPRT0_SI580,-0.07975815011442994
MPRT0_SX130,-0.06253930374428078
MPRT0_SX220,-0.06864350694077867
MPRT0_SX310,-0.07589543171418019
MPRT0_SX40,-0.04528133379042356
MPRT0_SX400,-0.054324812470120866
MPSW0_SI1067,-0.0817662104004954
MPSW0_SI1697,-0.09152958609841087
MPSW0_SI2327,-0.06605424742767776
MPSW0_SX167,-0.08442701187925768
MPSW0_SX24,-0.062184167944866676
MPSW0_SX257,-0.06002555979360448
MPSW0_SX437,-0.08564922770515818
MPSW0_SX77,-0.07945997346707476
MRAB0_SI1224,-0.0776751494604694
MRAB0_SI1854,-0.0726210023755225
MRAB0_SI594,-0.06371467101750115
MRAB0_SX144,-0.07054201761881511
MRAB0_SX234,-0.06078444740988991
MRAB0_SX324,-0.07135054991417325
MRAB0_SX414,-0.07178208487374442
MRAB0_SX54,-0.061876278538857736
MRAB1_SI1478,-0.07072782357002182
MRAB1_SI2108,-0.04963388693020138
MRAB1_SI848,-0.07035031667569788
MRAB1_SX128,-0.072185312806382
MRAB1_SX218,-0.07185790379842122
MRAB1_SX308,-0.04608165093188016
MRAB1_SX38,-0.052969356574634516
MRAB1_SX398,-0.08913068893628243
MRAI0_SI1954,-0.06709268286421492
MRAI0_SI2052,-0.06188741105326106
MRAI0_SI792,-0.0552954478342025
MRAI0_SX162,-0.080566650781876
MRAI0_SX252,-0.06911606047732896
MRAI0_SX342,-0.07011283344372522
MRAI0_SX432,-0.04887576943404069
MRAI0_SX72,-0.058184446792257316
MRAM0_SI1275,-0.05721611144050719
MRAM0_SI1905,-0.056321002818919996
MRAM0_SI1951,-0.06929873756355587
MRAM0_SX105,-0.05332327878326796
MRAM0_SX15,-0.046637946367263795
MRAM0_SX195,-0.045661637277314156
MRAM0_SX285,-0.06138233399726975
MRAM0_SX375,-0.05918946447251718
MRAV0_SI1008,-0.05482968319667859
MRAV0_SI1638,-0.08529610429073405
MRAV0_SI2268,-0.07589793456228155
MRAV0_SX108,-0.059526432261747475
MRAV0_SX18,-0.09020730246484807
MRAV0_SX198,-0.11287506951226128
MRAV0_SX288,-0.07836557797023229
MRAV0_SX378,-0.08922885978308907
MRBC0_SI1665,-0.05821613831953569
MRBC0_SI1859,-0.06753486057497421
MRBC0_SI599,-0.05199144977634236
MRBC0_SX149,-0.06453520830939798
MRBC0_SX239,-0.06904770950677018
MRBC0_SX329,-0.05903025596372543
MRBC0_SX419,-0.05323042625035995
MRBC0_SX59,-0.05683126636579925
MRCG0_SI1428,-0.09444282054901124
MRCG0_SI2058,-0.04806102044654615
MRCG0_SI798,-0.06435393267136844
MRCG0_SX168,-0.04645224927945901
MRCG0_SX258,-0.06524020817433418
MRCG0_SX348,-0.04930615542557439
MRCG0_SX438,-0.057611769463818144
MRCG0_SX78,-0.04157575524371603
MRCW0_SI1371,-0.07847167619692734
MRCW0_SI2001,-0.0608575359668607
MRCW0_SI741,-0.07518153179549286
MRCW0_SX111,-0.04150180729556846
MRCW0_SX201,-0.06924395317578838
MRCW0_SX21,-0.05438906201244106
MRCW0_SX291,-0.07819936255447003
MRCW0_SX381,-0.07114983040448193
MRDD0_SI1050,-0.07943454771551467
MRDD0_SI1680,-0.06677030192481147
MRDD0_SI2310,-0.046418313057191914
MRDD0_SX150,-0.06785010814666748
MRDD0_SX240,-0.07974705782803622
MRDD0_SX277,-0.0818007320827908
MRDD0_SX330,-0.06158161163330078
MRDD0_SX60,-0.0920488063662434
MRDM0_SI1044,-0.07445867438065379
MRDM0_SI1595,-0.0726591796875
MRDM0_SI965,-0.06578868125384543
MRDM0_SX155,-0.06011684256863881
MRDM0_SX245,-0.05111953353881836
MRDM0_SX335,-0.06860460493299696
MRDM0_SX425,-0.0869747380741307
MRDM0_SX65,-0.08280717053459687
MRDS0_SI1167,-0.0867203618143941
MRDS0_SI1797,-0.0743677227313702
MRDS0_SI537,-0.0979952641426696
MRDS0_SX177,-0.036462615234683256
MRDS0_SX267,-0.07854540831123302
MRDS0_SX357,-0.06591090208254986
MRDS0_SX447,-0.06885910889492976
MRDS0_SX87,-0.06443125259044559
MREE0_SI1104,-0.07426629986679345
MREE0_SI1734,-0.04652624660068088
MREE0_SI1959,-0.07274431475041586
MREE0_SX114,-0.06586477250763864
MREE0_SX204,-0.08592131351218613
MREE0_SX24,-0.05481170571368674
MREE0_SX294,-0.0696080308971983
MREE0_SX384,-0.05645757300831447
MREH1_SI1599,-0.05985565563239673
MREH1_SI2229,-0.07205123187386415
MREH1_SI969,-0.06171504098504951
MREH1_SX159,-0.04051053692869019
MREH1_SX249,-0.06055217239091981
MREH1_SX339,-0.058421036072798
MREH1_SX429,-0.055685598414748814
MREH1_SX69,-0.05862064526472724
MREM0_SI1591,-0.05782689025245323
MREM0_SI511,-0.07897840727359877
MREM0_SI961,-0.05906649150294387
MREM0_SX151,-0.06444184844558304
MREM0_SX241,-0.0956852989357735
MREM0_SX331,-0.07209491122300458
MREM0_SX421,-0.07221381981056053
MREM0_SX61,-0.06163136951207328
MREW1_SI1500,-0.06884708858671643
MREW1_SI2130,-0.04932027190696192
MREW1_SI870,-0.06987549708439754
MREW1_SX150,-0.06514724376982292
MREW1_SX240,-0.0679727016010351
MREW1_SX330,-0.06481554341870685
MREW1_SX420,-0.07307688206522685
MREW1_SX60,-0.061907361158684115
MRFK0_SI1076,-0.06138080875623172
MRFK0_SI1706,-0.058684438667041344
MRFK0_SI2336,-0.07128327233450753
MRFK0_SX176,-0.07827717534611735
MRFK0_SX266,-0.06610564015946298
MRFK0_SX356,-0.06918214496813323
MRFK0_SX446,-0.060687779430374206
MRFK0_SX86,-0.04852901063523851
MRFL0_SI1156,-0.0550557864609585
MRFL0_SI1786,-0.06433792475840491
MRFL0_SI526,-0.07632698896454601
MRFL0_SX166,-0.06875493011112167
MRFL0_SX256,-0.06538543701171876
MRFL0_SX346,-0.06571321791790902
MRFL0_SX436,-0.06598241594102648
MRFL0_SX76,-0.06529655576125955
MRGM0_SI1162,-0.05660919803583954
MRGM0_SI1792,-0.06184039852483486
MRGM0_SI532,-0.07752969175203075
MRGM0_SX172,-0.0817676788480411
MRGM0_SX262,-0.07381513563253111
MRGM0_SX416,-0.06022539882795185
MRGM0_SX442,-0.0526899841249793
MRGM0_SX82,-0.05497352994721511
MRGS0_SI1356,-0.0640641844857222
MRGS0_SI1986,-0.08303411963845597
MRGS0_SI726,-0.054576886843328606
MRGS0_SX186,-0.03957177208853768
MRGS0_SX276,-0.07841960382284285
MRGS0_SX366,-0.06981928577161815
MRGS0_SX6,-0.04410694532864831
MRGS0_SX96,-0.06444245723255894
MRHL0_SI1515,-0.06227571719160704
MRHL0_SI2145,-0.06517548031277126
MRHL0_SI885,-0.056742212574952725
MRHL0_SX165,-0.0718631328452042
MRHL0_SX255,-0.06208372735357904
MRHL0_SX345,-0.064114240210826
MRHL0_SX435,-0.06776611811833011
MRHL0_SX75,-0.06862223957458773
MRJB1_SI1020,-0.05585379321595088
MRJB1_SI1413,-0.06678807596288303
MRJB1_SI2021,-0.07528890189477953
MRJB1_SX120,-0.05552185697508563
MRJB1_SX210,-0.03837984892038199
MRJB1_SX30,-0.04495034240870084
MRJB1_SX300,-0.06216655565997747
MRJB1_SX390,-0.05204473373962572
MRJH0_SI1519,-0.06622534687236203
MRJH0_SI889,-0.07083922412160558
MRJH0_SI914,-0.03585613515388452
MRJH0_SX169,-0.053454599773547655
MRJH0_SX259,-0.05129266772749861
MRJH0_SX307,-0.051493456134688385
MRJH0_SX439,-0.05453419745722903
MRJH0_SX79,-0.05286246521832192
MRJM0_SI1095,-0.04699863006021375
MRJM0_SI1228,-0.0729519874384041
MRJM0_SI1858,-0.06936873811664003
MRJM0_SX148,-0.0825562493961186
MRJM0_SX238,-0.0827838468921277
MRJM0_SX328,-0.0625806213114303
MRJM0_SX418,-0.07596800451249522
MRJM0_SX58,-0.06356455616115295
MRJM1_SI1298,-0.06401551352062078
MRJM1_SI1928,-0.06232227881749471
MRJM1_SI668,-0.05895524905533741
MRJM1_SX128,-0.06538869194362475
MRJM1_SX218,-0.06012792172639266
MRJM1_SX308,-0.05127342637762966
MRJM1_SX38,-0.0631178795697285
MRJM1_SX398,-0.07749801769591215
MRJT0_SI1498,-0.05320891920840267
MRJT0_SI1805,-0.06004906878059293
MRJT0_SI868,-0.0908066213947453
MRJT0_SX148,-0.08713091458522433
MRJT0_SX238,-0.07369319943414218
MRJT0_SX328,-0.08255570658137289
MRJT0_SX418,-0.07942821040298
MRJT0_SX58,-0.06873371105382939
MRKM0_SI1267,-0.06118458903308482
MRKM0_SI1391,-0.053792249991813826
MRKM0_SI637,-0.05602464882001896
MRKM0_SX187,-0.057528001853669304
MRKM0_SX277,-0.04172263767408288
MRKM0_SX367,-0.03891342009731274
MRKM0_SX7,-0.054697275161743164
MRKM0_SX97,-0.08584569249342495
MRLD0_SI1594,-0.07414943562697161
MRLD0_SI2224,-0.08075642477872684
MRLD0_SI964,-0.08722561200459798
MRLD0_SX154,-0.06834057158073492
MRLD0_SX244,-0.08690660299077207
MRLD0_SX334,-0.0737741415580494
MRLD0_SX424,-0.0503889040182565
MRLD0_SX64,-0.0635967974392873
MRLJ0_SI1420,-0.05558675413678406
MRLJ0_SI2050,-0.0378943574491632
MRLJ0_SI790,-0.06608180582088276
MRLJ0_SX160,-0.052999013735924236
MRLJ0_SX250,-0.08329936324572954
MRLJ0_SX340,-0.04982674468107738
MRLJ0_SX430,-0.06567436909815025
MRLJ0_SX70,-0.0375361687097794
MRLJ1_SI1671,-0.07906363119927397
MRLJ1_SI2301,-0.07163267539920949
MRLJ1_SI2332,-0.06183307821100408
MRLJ1_SX141,-0.08269991193498884
MRLJ1_SX231,-0.08021489708824495
MRLJ1_SX321,-0.056018312772115074
MRLJ1_SX411,-0.07555817684411129
MRLJ1_SX51,-0.07053391339909679
MRLK0_SI1468,-0.06446227944234877
MRLK0_SI2140,-0.09748987807441004
MRLK0_SI843,-0.052948992676530145
MRLK0_SX123,-0.0675373963158197
MRLK0_SX213,-0.08014085860479446
MRLK0_SX303,-0.06748473588810411
MRLK0_SX33,-0.0725368462898881
MRLK0_SX393,-0.07873720982495476
MRLR0_SI1196,-0.06541972204085884
MRLR0_SI1826,-0.04863726370262377
MRLR0_SI566,-0.05588322566105769
MRLR0_SX116,-0.04134435258153397
MRLR0_SX206,-0.06657260141254943
MRLR0_SX26,-0.0594481036870806
MRLR0_SX296,-0.061681708981913906
MRLR0_SX386,-0.060642935195059144
MRMB0_SI1581,-0.056299903176047585
MRMB0_SI2211,-0.08644887130625926
MRMB0_SI951,-0.051050644347121595
MRMB0_SX141,-0.05446408666512757
MRMB0_SX231,-0.04939510736120752
MRMB0_SX321,-0.04290705033015927
MRMB0_SX411,-0.07444440861612246
MRMB0_SX51,-0.06714279827904608
MRMG0_SI1080,-0.08114968639309124
MRMG0_SI1710,-0.05815075256012298
MRMG0_SI2340,-0.0851017300873235
MRMG0_SX180,-0.06721984384782638
MRMG0_SX270,-0.06099053000689446
MRMG0_SX360,-0.05379606548108553
MRMG0_SX450,-0.06762349164044415
MRMG0_SX90,-0.05936514285572788
MRMH0_SI1021,-0.07049636637910883
MRMH0_SI1349,-0.08238390040270148
MRMH0_SI2281,-0.05320571899414062
MRMH0_SX121,-0.08009099960327148
MRMH0_SX211,-0.05906757293456051
MRMH0_SX301,-0.0616991427256446
MRMH0_SX31,-0.06888794015955042
MRMH0_SX391,-0.04581505505006705
MRML0_SI1421,-0.07247182767685145
MRML0_SI2051,-0.06549050731043662
MRML0_SI791,-0.0787334231962514
MRML0_SX161,-0.06462179028425094
MRML0_SX251,-0.07333373186881081
MRML0_SX341,-0.06137260609427414
MRML0_SX431,-0.06069085347718297
MRML0_SX71,-0.06969194070524036
MRMS0_SI1113,-0.05873646661249131
MRMS0_SI2057,-0.05012621009597602
MRMS0_SI2100,-0.07561580066023202
MRMS0_SX120,-0.07153965058873911
MRMS0_SX210,-0.06927819421448683
MRMS0_SX30,-0.048378829496452606
MRMS0_SX300,-0.04820658151920025
MRMS0_SX390,-0.0725869040452797
MRPC1_SI1482,-0.06318411020132211
MRPC1_SI2026,-0.03887162489049575
MRPC1_SI2112,-0.07339440651659696
MRPC1_SX132,-0.08460633689110432
MRPC1_SX222,-0.05922741129778433
MRPC1_SX312,-0.06387459215267684
MRPC1_SX402,-0.07793467606955427
MRPC1_SX42,-0.054981207727786884
MRRE0_SI1334,-0.0654958680618641
MRRE0_SI704,-0.059531391200734605
MRRE0_SI952,-0.06446519716821536
MRRE0_SX164,-0.05683250033978334
MRRE0_SX254,-0.05459876214304278
MRRE0_SX344,-0.06280461824857271
MRRE0_SX434,-0.05411431057001251
MRRE0_SX74,-0.052087838482704894
MRSO0_SI1206,-0.06243804572285085
MRSO0_SI1659,-0.0631188577221286
MRSO0_SI2289,-0.05582876766429228
MRSO0_SX129,-0.06609253235805182
MRSO0_SX219,-0.06333914491319165
MRSO0_SX309,-0.05695703457563352
MRSO0_SX39,-0.056398174979469994
MRSO0_SX399,-0.06324407515987274
MRSP0_SI1429,-0.08646385115806503
MRSP0_SI2059,-0.06920539998562536
MRSP0_SI799,-0.0692223457006917
MRSP0_SX169,-0.06039587176458353
MRSP0_SX196,-0.05509391527497367
MRSP0_SX259,-0.06916783519626893
MRSP0_SX439,-0.051996399374569166
MRSP0_SX79,-0.07304342809426358
MRTC0_SI1458,-0.06824527380292508
MRTC0_SI2088,-0.07277055313645026
MRTC0_SI828,-0.05971693330340915
MRTC0_SX108,-0.05177782013147764
MRTC0_SX18,-0.08311630017829663
MRTC0_SX198,-0.09850481861042526
MRTC0_SX288,-0.08757591802020405
MRTC0_SX378,-0.0593815639520147
MRTJ0_SI1551,-0.037268037954088076
MRTJ0_SI2032,-0.06385692411106125
MRTJ0_SI772,-0.044948301453521286
MRTJ0_SX142,-0.05237149649166029
MRTJ0_SX232,-0.051561523765646
MRTJ0_SX322,-0.07076971489086485
MRTJ0_SX412,-0.08787861048618209
MRTJ0_SX52,-0.04507845313987922
MRVG0_SI1140,-0.061489637941122055
MRVG0_SI1770,-0.039661865567536335
MRVG0_SI510,-0.05607304691283171
MRVG0_SX150,-0.054890746370368046
MRVG0_SX240,-0.06094263164141706
MRVG0_SX330,-0.07912191772460937
MRVG0_SX420,-0.06826904450339832
MRVG0_SX60,-0.08182280039707554
MRWA0_SI1603,-0.07895670818681476
MRWA0_SI2233,-0.07000747305809418
MRWA0_SI973,-0.058540836028521066
MRWA0_SX163,-0.09101845481178977
MRWA0_SX253,-0.09280877794538225
MRWA0_SX343,-0.047812663184271915
MRWA0_SX433,-0.06640911102294922
MRWA0_SX73,-0.05999350645104233
MRWS0_SI1102,-0.06576890246524315
MRWS0_SI1732,-0.09181442260742187
MRWS0_SI472,-0.0685482363328866
MRWS0_SX112,-0.06948734774734035
MRWS0_SX202,-0.05955131448430123
MRWS0_SX22,-0.05591141217127796
MRWS0_SX292,-0.06712593822359289
MRWS0_SX382,-0.06683622569161675
MRXB0_SI1585,-0.07111279526098961
MRXB0_SI2215,-0.06898307383841303
MRXB0_SI955,-0.07358547321801047
MRXB0_SX145,-0.06768604480859006
MRXB0_SX235,-0.06084038311745221
MRXB0_SX325,-0.09228943669518759
MRXB0_SX415,-0.07580668611346551
MRXB0_SX55,-0.062064164644711976
MSAH1_SI1049,-0.0859167445058058
MSAH1_SI1679,-0.04603030434970198
MSAH1_SI2309,-0.07653340285386497
MSAH1_SX149,-0.05915805792352956
MSAH1_SX239,-0.06376420273611197
MSAH1_SX329,-0.061004508496745755
MSAH1_SX419,-0.0739763754385489
MSAH1_SX59,-0.08448935826619466
MSAS0_SI1376,-0.07181759809286853
MSAS0_SI2006,-0.06477611859639486
MSAS0_SI746,-0.06697439986668276
MSAS0_SX116,-0.07682079997489123
MSAS0_SX206,-0.07027642489122252
MSAS0_SX26,-0.08333174851689025
MSAS0_SX296,-0.054609253458733104
MSAS0_SX386,-0.0502499363482644
MSAT0_SI1526,-0.06580102660439231
MSAT0_SI2156,-0.059022530265476394
MSAT0_SI896,-0.04541720435732887
MSAT0_SX176,-0.06994637897118976
MSAT0_SX266,-0.07022974281113382
MSAT0_SX356,-0.07500188735895282
MSAT0_SX446,-0.04981073511057887
MSAT0_SX86,-0.06657174838486538
MSAT1_SI1073,-0.07920143339369032
MSAT1_SI1703,-0.07033806858640729
MSAT1_SI2333,-0.05999049339585632
MSAT1_SX173,-0.06943011658353955
MSAT1_SX263,-0.04943360967084396
MSAT1_SX353,-0.07320772579738072
MSAT1_SX443,-0.056540251614754664
MSAT1_SX83,-0.06390104647035952
MSDB0_SI1007,-0.065782486285708
MSDB0_SI1637,-0.06937797905886985
MSDB0_SI2267,-0.06543024218812281
MSDB0_SX107,-0.06551509382622094
MSDB0_SX17,-0.06786747381720744
MSDB0_SX197,-0.06972321055152199
MSDB0_SX287,-0.06975795911706012
MSDB0_SX377,-0.08827867761122442
MSDH0_SI2113,-0.0633097801208496
MSDH0_SI2240,-0.06334018030910628
MSDH0_SI980,-0.04882654121943882
MSDH0_SX170,-0.059885499684233644
MSDH0_SX260,-0.05799925447714449
MSDH0_SX350,-0.08168906782140684
MSDH0_SX440,-0.0666817455756955
MSDH0_SX80,-0.04695362019761701
MSDS0_SI1077,-0.060925817156171465
MSDS0_SI1707,-0.08838007527012978
MSDS0_SI2337,-0.06297846688735839
MSDS0_SX177,-0.05781225766536694
MSDS0_SX267,-0.06447664143349888
MSDS0_SX357,-0.06822736071085878
MSDS0_SX447,-0.053124189376831055
MSDS0_SX87,-0.06851679658236569
MSEM1_SI1440,-0.06714485309742114
MSEM1_SI2070,-0.07511123517237672
MSEM1_SI810,-0.05847783332323506
MSEM1_SX180,-0.05395650106763083
MSEM1_SX270,-0.05857444982059666
MSEM1_SX360,-0.05363994797849967
MSEM1_SX450,-0.060731593624791635
MSEM1_SX90,-0.04755209281691739
MSES0_SI1589,-0.07458145892033811
MSES0_SI2216,-0.07834770747593471
MSES0_SI2219,-0.05791036125754013
MSES0_SX149,-0.0646935476773027
MSES0_SX239,-0.05933652707000277
MSES0_SX329,-0.07191864700562701
MSES0_SX419,-0.07147773964276452
MSES0_SX59,-0.043578655044467465
MSFH0_SI1216,-0.053172788591183205
MSFH0_SI1738,-0.06381595155395296
MSFH0_SI586,-0.06705598953442696
MSFH0_SX136,-0.07107057924623843
MSFH0_SX226,-0.05880038482321184
MSFH0_SX316,-0.06758358381771074
MSFH0_SX406,-0.06468860919658954
MSFH0_SX46,-0.04927804360541354
MSFV0_SI1262,-0.052212189997870494
MSFV0_SI1892,-0.07051846932391731
MSFV0_SI632,-0.06849303549908577
MSFV0_SX182,-0.08338798466225096
MSFV0_SX272,-0.0554548594344586
MSFV0_SX362,-0.08279748202702186
MSFV0_SX452,-0.05251073233688934
MSFV0_SX92,-0.06315356056012017
MSJK0_SI1596,-0.06080459193179482
MSJK0_SI2226,-0.05178956582512654
MSJK0_SI966,-0.05908425649007162
MSJK0_SX156,-0.057826893365205224
MSJK0_SX246,-0.06691482173862742
MSJK0_SX336,-0.06647547850242028
MSJK0_SX426,-0.06371344507268045
MSJK0_SX66,-0.05265812203288078
MSMC0_SI1907,-0.08151637940179735
MSMC0_SI509,-0.07444290349512925
MSMC0_SI647,-0.0439844024315309
MSMC0_SX107,-0.05376791884530738
MSMC0_SX17,-0.08326728562801933
MSMC0_SX197,-0.04474128467935912
MSMC0_SX287,-0.06943832031668049
MSMC0_SX377,-0.07377690134324445
MSMR0_SI1150,-0.055102163450274036
MSMR0_SI1405,-0.05361411804543402
MSMR0_SI775,-0.07187934935562254
MSMR0_SX145,-0.0773338344362047
MSMR0_SX235,-0.06085690349137702
MSMR0_SX325,-0.06381167121555494
MSMR0_SX415,-0.062462054842240586
MSMR0_SX55,-0.06150236129760742
MSMS0_SI1433,-0.08137791832381165
MSMS0_SI2063,-0.045852434439737286
MSMS0_SI803,-0.058882397307446724
MSMS0_SX173,-0.07448748100635617
MSMS0_SX263,-0.057857936826245536
MSMS0_SX353,-0.053713838121882775
MSMS0_SX443,-0.07683563232421875
MSMS0_SX83,-0.08722924059770239
MSRG0_SI1221,-0.06178325967690379
MSRG0_SI1851,-0.05108553171157837
MSRG0_SI591,-0.0793697299524879
MSRG0_SX141,-0.05237464508795821
MSRG0_SX231,-0.026410574782384583
MSRG0_SX321,-0.0646636197700613
MSRG0_SX411,-0.056408954488820044
MSRG0_SX51,-0.05768309011087789
MSRR0_SI1131,-0.05140208126453871
MSRR0_SI1761,-0.0762847111775325
MSRR0_SI501,-0.07407788237834947
MSRR0_SX141,-0.054389302448559836
MSRR0_SX231,-0.07908014817671342
MSRR0_SX30,-0.043285851979123956
MSRR0_SX411,-0.07263706596034347
MSRR0_SX51,-0.04972106549474928
MSTF0_SI1396,-0.06576145160663593
MSTF0_SI766,-0.04136633135608791
MSTF0_SI852,-0.058310696303721044
MSTF0_SX136,-0.07464483996343346
MSTF0_SX226,-0.055751617138202376
MSTF0_SX316,-0.05586598406201003
MSTF0_SX406,-0.04236899163191181
MSTF0_SX46,-0.05045973607736041
MSVS0_SI1568,-0.05101869272631268
MSVS0_SI2198,-0.05764675879663275
MSVS0_SI938,-0.07413639412486078
MSVS0_SX128,-0.06815262337849272
MSVS0_SX218,-0.05053965068478297
MSVS0_SX308,-0.06745446196495586
MSVS0_SX38,-0.06547371455601284
MSVS0_SX398,-0.07986042448573893
MTAB0_SI1572,-0.07639866123874316
MTAB0_SI2202,-0.06113921359366896
MTAB0_SI942,-0.05948717036145799
MTAB0_SX132,-0.06298798257178002
MTAB0_SX222,-0.044318888089634266
MTAB0_SX312,-0.07505443768623547
MTAB0_SX402,-0.04695340458502217
MTAB0_SX42,-0.04563009050157335
MTAS0_SI1385,-0.08480009343738934
MTAS0_SI2015,-0.06504042489188058
MTAS0_SI755,-0.08895055736814227
MTAS0_SX125,-0.058257953407838174
MTAS0_SX215,-0.06816636113559499
MTAS0_SX305,-0.06114274290598691
MTAS0_SX35,-0.04791126844178827
MTAS0_SX395,-0.08967635880655317
MTAT0_SI1110,-0.066261719085358
MTAT0_SI1740,-0.06323962333874825
MTAT0_SI811,-0.08350466746909946
MTAT0_SX120,-0.05288904472856491
MTAT0_SX210,-0.06177467967188636
MTAT0_SX30,-0.05262129647391183
MTAT0_SX300,-0.05419751817146234
MTAT0_SX390,-0.061063780452742245
MTAT1_SI1409,-0.06755838097173038
MTAT1_SI1627,-0.05355894624306063
MTAT1_SI779,-0.05597909793896815
MTAT1_SX149,-0.057562399471507354
MTAT1_SX239,-0.04474398430357588
MTAT1_SX329,-0.06495757536454634
MTAT1_SX419,-0.04855679308950419
MTAT1_SX59,-0.05105125178461489
MTBC0_SI1173,-0.043282570157732285
MTBC0_SI1803,-0.04598568280537923
MTBC0_SI543,-0.05854221100502826
MTBC0_SX183,-0.07127761840820312
MTBC0_SX273,-0.08084792929862622
MTBC0_SX347,-0.07543143427184738
MTBC0_SX363,-0.0741856397028421
MTBC0_SX93,-0.06408864259719849
MTCS0_SI1972,-0.04236263898933459
MTCS0_SI2265,-0.05783465600782825
MTCS0_SI712,-0.06441441078611466
MTCS0_SX172,-0.08573881443256118
MTCS0_SX262,-0.06478590100123409
MTCS0_SX352,-0.06576667340273784
MTCS0_SX442,-0.06168061815645472
MTCS0_SX82,-0.04562262708812841
MTDB0_SI1401,-0.06911754172686572
MTDB0_SI2031,-0.06429406801859537
MTDB0_SI771,-0.07580168971931357
MTDB0_SX141,-0.06059535152940865
MTDB0_SX231,-0.06308905023043274
MTDB0_SX321,-0.07004421458524816
MTDB0_SX411,-0.07163798094547885
MTDB0_SX51,-0.052491531815639765
MTDP0_SI1274,-0.0586755013879324
MTDP0_SI1521,-0.08460043690687308
MTDP0_SI2151,-0.05927502162872799
MTDP0_SX171,-0.07279222889950401
MTDP0_SX261,-0.07774083337118459
MTDP0_SX351,-0.07556229511290107
MTDP0_SX441,-0.05683266775948661
MTDP0_SX81,-0.049607586386977445
MTER0_SI1157,-0.050799448555762614
MTER0_SI1787,-0.057031578290861334
MTER0_SI527,-0.0471183853661454
MTER0_SX167,-0.06794453918777425
MTER0_SX17,-0.06881297003362596
MTER0_SX257,-0.061601377621725885
MTER0_SX437,-0.06930220828336828
MTER0_SX77,-0.06995875660966082
MTJG0_SI1520,-0.06178573809171978
MTJG0_SI2157,-0.05240662539446796
MTJG0_SI890,-0.07845517751332876
MTJG0_SX170,-0.06319257316239384
MTJG0_SX260,-0.07396969428429237
MTJG0_SX350,-0.06720982643705124
MTJG0_SX440,-0.06313610578838148
MTJG0_SX80,-0.06294733650830327
MTJM0_SI1226,-0.05634866048657675
MTJM0_SI1856,-0.0767218125313091
MTJM0_SI655,-0.07940898251223874
MTJM0_SX146,-0.06710776799841772
MTJM0_SX236,-0.0757366163001213
MTJM0_SX326,-0.05332180750455788
MTJM0_SX416,-0.06608455375938564
MTJM0_SX56,-0.08471479207059762
MTJS0_SI1192,-0.023967679749187242
MTJS0_SI1822,-0.06272854582633379
MTJS0_SI562,-0.06313274524830005
MTJS0_SX112,-0.057313701411983276
MTJS0_SX202,-0.040323226540176955
MTJS0_SX22,-0.052310210353923296
MTJS0_SX292,-0.05080696860736704
MTJS0_SX382,-0.05046271805716033
MTJU0_SI2020,-0.09733895910791604
MTJU0_SI2269,-0.07652587890625
MTJU0_SI760,-0.06605576557718265
MTJU0_SX130,-0.05811387348950394
MTJU0_SX220,-0.09291206835285493
MTJU0_SX310,-0.059252594456528175
MTJU0_SX40,-0.07494475624778053
MTJU0_SX400,-0.04555908947774809
MTKD0_SI1187,-0.058968738339981945
MTKD0_SI1817,-0.06792709154960437
MTKD0_SI630,-0.04856368752776599
MTKD0_SX107,-0.039610890599040244
MTKD0_SX17,-0.06274004194471572
MTKD0_SX197,-0.048749789538945536
MTKD0_SX287,-0.04626433377338545
MTKD0_SX377,-0.06868613230717646
MTKP0_SI1023,-0.07638514364087903
MTKP0_SI2283,-0.05711563139527068
MTKP0_SI454,-0.07155411412568605
MTKP0_SX123,-0.07674082664594259
MTKP0_SX213,-0.06710919201145683
MTKP0_SX303,-0.07892118066044176
MTKP0_SX33,-0.0610950371575734
MTKP0_SX393,-0.06741609217220322
MTLB0_SI1134,-0.06298766136169434
MTLB0_SI1764,-0.0395938406933795
MTLB0_SI504,-0.052127418518066404
MTLB0_SX144,-0.053039910243107724
MTLB0_SX234,-0.055848248799641925
MTLB0_SX324,-0.05824277519896591
MTLB0_SX414,-0.07054987455669202
MTLB0_SX54,-0.06980154563835891
MTLC0_SI1313,-0.06913007523271647
MTLC0_SI1477,-0.08038930933874563
MTLC0_SI847,-0.07848034196227562
MTLC0_SX127,-0.0686375839905169
MTLC0_SX217,-0.05355930814937669
MTLC0_SX307,-0.06305430771468522
MTLC0_SX37,-0.057999591903382566
MTLC0_SX397,-0.07396340274427789
MTML0_SI1065,-0.05664191927228655
MTML0_SI1695,-0.04465014798114995
MTML0_SI2325,-0.06536125183105469
MTML0_SX165,-0.068156970989036
MTML0_SX255,-0.06734701792399088
MTML0_SX345,-0.06450350625174386
MTML0_SX435,-0.05760716272631721
MTML0_SX75,-0.0658271801777375
MTMN0_SI1064,-0.06938716183659618
MTMN0_SI2324,-0.08189697265625
MTMN0_SI582,-0.07575682295743369
MTMN0_SX164,-0.08534481707780962
MTMN0_SX254,-0.06679257479580966
MTMN0_SX344,-0.0875391960144043
MTMN0_SX434,-0.07424508160307207
MTMN0_SX74,-0.062488828386579244
MTMT0_SI1118,-0.06428297886865064
MTMT0_SI1748,-0.0736711142493076
MTMT0_SI488,-0.07260162942910911
MTMT0_SX128,-0.06967113757955617
MTMT0_SX218,-0.06066705111799569
MTMT0_SX308,-0.08039858141018234
MTMT0_SX38,-0.0664907689680133
MTMT0_SX398,-0.08446931695794915
MTPF0_SI1235,-0.09973682321904268
MTPF0_SI1865,-0.05092367632635709
MTPF0_SI605,-0.07589839568291044
MTPF0_SX155,-0.06147266109945321
MTPF0_SX245,-0.035379118310945326
MTPF0_SX335,-0.07399794459342957
MTPF0_SX425,-0.05535229142889919
MTPF0_SX65,-0.06649682409476235
MTPG0_SI1383,-0.07065773010253906
MTPG0_SI2013,-0.06478943316464497
MTPG0_SI753,-0.09895586174772218
MTPG0_SX123,-0.1016556854841774
MTPG0_SX213,-0.07283869797621316
MTPG0_SX303,-0.07988528655880273
MTPG0_SX33,-0.07241786972748186
MTPG0_SX393,-0.0677060501778174
MTPP0_SI1508,-0.06729887994591165
MTPP0_SI2138,-0.0518818998336792
MTPP0_SI878,-0.041238940569509074
MTPP0_SX158,-0.05323382297835027
MTPP0_SX248,-0.06922032973345588
MTPP0_SX338,-0.06571804917098692
MTPP0_SX428,-0.05238080907751013
MTPP0_SX68,-0.05143528381983439
MTPR0_SI1600,-0.06696354312661254
MTPR0_SI2230,-0.052535638301330206
MTPR0_SI506,-0.05235000716315375
MTPR0_SX160,-0.06785579408918108
MTPR0_SX250,-0.07914921406949504
MTPR0_SX340,-0.05948757159747067
MTPR0_SX430,-0.08498671225139073
MTPR0_SX70,-0.042366202060992904
MTQC0_SI1441,-0.050428054200789794
MTQC0_SI2071,-0.0477966376713344
MTQC0_SI480,-0.05784322818120321
MTQC0_SX181,-0.060242867720754524
MTQC0_SX271,-0.05996122052592616
MTQC0_SX361,-0.04877147159060916
MTQC0_SX451,-0.08103334903717041
MTQC0_SX91,-0.05952364240373884
MTRC0_SI1623,-0.07490497016011269
MTRC0_SI589,-0.08468911227057963
MTRC0_SI993,-0.08107622788876903
MTRC0_SX170,-0.058768689479974226
MTRC0_SX183,-0.05995909098921151
MTRC0_SX273,-0.0899110609485257
MTRC0_SX363,-0.07555678510290431
MTRC0_SX93,-0.06099764506022135
MTRR0_SI1548,-0.07187405610695863
MTRR0_SI2178,-0.04946501636150601
MTRR0_SI918,-0.06208351116690902
MTRR0_SX108,-0.06075317739582748
MTRR0_SX18,-0.06157599324765413
MTRR0_SX198,-0.09026782465916054
MTRR0_SX288,-0.062419349693459684
MTRR0_SX378,-0.08380187214284704
MTRT0_SI1227,-0.06627144612057108
MTRT0_SI1857,-0.08839557381024114
MTRT0_SI597,-0.065042460694605
MTRT0_SX147,-0.06727037132817569
MTRT0_SX237,-0.08607135948381926
MTRT0_SX254,-0.059157808250355944
MTRT0_SX417,-0.08508172550716915
MTRT0_SX57,-0.06963176178417617
MTWH1_SI1512,-0.06041766390388394
MTWH1_SI2142,-0.05558025457297161
MTWH1_SI882,-0.051514211067786586
MTWH1_SX162,-0.07261210656448787
MTWH1_SX252,-0.048090826855958814
MTWH1_SX342,-0.053030908339682256
MTWH1_SX432,-0.05152886470387923
MTWH1_SX72,-0.06332502092633928
MTXS0_SI1060,-0.0686057557450964
MTXS0_SI1690,-0.06171293258666992
MTXS0_SI2320,-0.06323095760514251
MTXS0_SX160,-0.07167719882070733
MTXS0_SX250,-0.08768071779390661
MTXS0_SX340,-0.05374206167752626
MTXS0_SX430,-0.055699930944424374
MTXS0_SX70,-0.03156818117414202
MVJH0_SI1556,-0.06678845626967293
MVJH0_SI2186,-0.05287259817123413
MVJH0_SI926,-0.06391530660352943
MVJH0_SX116,-0.05430254804978677
MVJH0_SX206,-0.0712477780320357
MVJH0_SX26,-0.07576729134085097
MVJH0_SX296,-0.06013338789980636
MVJH0_SX386,-0.06900118955802091
MVLO0_SI1147,-0.06731121206446312
MVLO0_SI1777,-0.07433371417290341
MVLO0_SI517,-0.09112917263578445
MVLO0_SX157,-0.08083003681299468
MVLO0_SX247,-0.055342834986997456
MVLO0_SX337,-0.06690135788837266
MVLO0_SX427,-0.06954404764008104
MVLO0_SX67,-0.04448992510636648
MVRW0_SI1485,-0.06356192749816102
MVRW0_SI2115,-0.06685950756072997
MVRW0_SI855,-0.06083366977181404
MVRW0_SX135,-0.06640990121023996
MVRW0_SX225,-0.05753879326616408
MVRW0_SX315,-0.06508276639161287
MVRW0_SX405,-0.07516304434162296
MVRW0_SX45,-0.04797336211891674
MWAC0_SI1601,-0.058516504440142836
MWAC0_SI2231,-0.07083811411043493
MWAC0_SI971,-0.056338947197607965
MWAC0_SX161,-0.07505206760380662
MWAC0_SX251,-0.06998073481858731
MWAC0_SX341,-0.06612183691119868
MWAC0_SX431,-0.04049434185028076
MWAC0_SX71,-0.06372128785961736
MWAD0_SI1062,-0.06072465428766215
MWAD0_SI1749,-0.05596457267629689
MWAD0_SI2322,-0.07027964571337679
MWAD0_SX162,-0.06916719420343383
MWAD0_SX252,-0.05634013466213061
MWAD0_SX342,-0.07679023742675781
MWAD0_SX432,-0.061896897497631255
MWAD0_SX72,-0.04700671527402621
MWAR0_SI1045,-0.059667430676912006
MWAR0_SI1675,-0.08959923908387349
MWAR0_SI2305,-0.07780231659068812
MWAR0_SX145,-0.07163007268102178
MWAR0_SX235,-0.059233317076060166
MWAR0_SX325,-0.08540468258708048
MWAR0_SX415,-0.06359477458653114
MWAR0_SX55,-0.05743425595361774
MWCH0_SI1622,-0.08751093588794188
MWCH0_SI1895,-0.04931554718623086
MWCH0_SI2252,-0.07838166640108864
MWCH0_SX182,-0.09636302660870295
MWCH0_SX272,-0.05415689945220947
MWCH0_SX362,-0.09048206512242148
MWCH0_SX452,-0.0661924395258027
MWCH0_SX92,-0.06752250521790748
MWDK0_SI1436,-0.078200335596122
MWDK0_SI2017,-0.04652399299419032
MWDK0_SI806,-0.05461996793746948
MWDK0_SX176,-0.05526350390526556
MWDK0_SX266,-0.04730782470082849
MWDK0_SX356,-0.058643513299948394
MWDK0_SX446,-0.0439593894141061
MWDK0_SX86,-0.0435798653101517
MWEM0_SI1320,-0.05197853545661228
MWEM0_SI1393,-0.05928081717372926
MWEM0_SI1950,-0.05288039704072311
MWEM0_SX150,-0.04517178569766257
MWEM0_SX240,-0.0513190231556557
MWEM0_SX330,-0.06481289715500352
MWEM0_SX420,-0.048239815187262725
MWEM0_SX60,-0.07003115233495531
MWGR0_SI1606,-0.06758638075840326
MWGR0_SI2236,-0.08123032621635023
MWGR0_SI976,-0.07625185992266681
MWGR0_SX166,-0.0848462914907804
MWGR0_SX256,-0.06746041390203661
MWGR0_SX346,-0.07508297412716157
MWGR0_SX436,-0.04949620163556442
MWGR0_SX76,-0.06245009558541434
MWRE0_SI1057,-0.06352495090127579
MWRE0_SI1687,-0.05515063660485404
MWRE0_SI2317,-0.06519374276837732
MWRE0_SX157,-0.08913771311442058
MWRE0_SX247,-0.05937534737187391
MWRE0_SX337,-0.06638550978440505
MWRE0_SX427,-0.0984082294599659
MWRE0_SX67,-0.04994987963568129
MWRP0_SI1443,-0.048485935858960424
MWRP0_SI1525,-0.0428073929577339
MWRP0_SI2073,-0.06729789595529823
MWRP0_SX183,-0.0556702293692545
MWRP0_SX273,-0.05851864994020391
MWRP0_SX3,-0.040740035474300385
MWRP0_SX363,-0.05694706265519305
MWRP0_SX93,-0.04032372824753387
MWSB0_SI1626,-0.055654016408053314
MWSB0_SI2256,-0.069295951603774
MWSB0_SI996,-0.07098835035302173
MWSB0_SX186,-0.06390452737291458
MWSB0_SX276,-0.08030567169189454
MWSB0_SX366,-0.07353109031285404
MWSB0_SX6,-0.07597560976065841
MWSB0_SX96,-0.06575092192619078
MWSH0_SI1426,-0.05918401242302149
MWSH0_SI2266,-0.0658311026436942
MWSH0_SI796,-0.058223122257297324
MWSH0_SX166,-0.06826614012201149
MWSH0_SX256,-0.04820371896792681
MWSH0_SX346,-0.060426895141601565
MWSH0_SX436,-0.04908501294504599
MWSH0_SX76,-0.06054053110619114
MZMB0_SI1166,-0.06458661469770836
MZMB0_SI1796,-0.05456783657982236
MZMB0_SI536,-0.10146016050866768
MZMB0_SX176,-0.08119590425751899
MZMB0_SX266,-0.0560924602004717
MZMB0_SX356,-0.061526797781917365
MZMB0_SX446,-0.05639861180232121
MZMB0_SX86,-0.04888537552979615
