MAKR0_SI722,-0.37374945579491226
MAKR0_SX182,-0.3702318038063488
MAKR0_SX272,-0.33627738481686437
MAKR0_SX362,-0.3578173132503734
MAKR0_SX452,-0.4013521616695491
MAKR0_SX92,-0.29667397810949536
MAPV0_SI1293,-0.3674510208601804
MAPV0_SI1923,-0.36765017228968006
MAPV0_SI663,-0.2752214189627123
MAPV0_SX123,-0.320139910723712
MAPV0_SX213,-0.3267564461901297
MAPV0_SX303,-0.3457159050406283
MAPV0_SX33,-0.3585854368091124
MAPV0_SX393,-0.32140213478612534
MARC0_SI1188,-0.30736103463680187
MARC0_SI1818,-0.3270760813067036
MARC0_SI558,-0.3332580117618336
MARC0_SX108,-0.3071669868800951
MARC0_SX18,-0.33252495732800713
MARC0_SX198,-0.3565781558001483
MARC0_SX288,-0.30717039944832786
MARC0_SX378,-0.3595623016357422
MARW0_SI1276,-0.30348282657849246
MARW0_SI1906,-0.30976144891036184
MARW0_SI646,-0.2851210079432531
MARW0_SX106,-0.3120533146270334
MARW0_SX16,-0.24171940065779776
MARW0_SX286,-0.30846783856046117
MARW0_SX349,-0.33086537101730673
MARW0_SX376,-0.3755724658704784
MBAR0_SI1319,-0.36256520243911144
MBAR0_SI1949,-0.4326291811668267
MBAR0_SI689,-0.385650677627392
MBAR0_SX149,-0.30994805000923775
MBAR0_SX239,-0.313949940999349
MBAR0_SX329,-0.36122997624729825
MBAR0_SX419,-0.32762389822104543
MBAR0_SX59,-0.3121339108081574
MBBR0_SI1055,-0.3341020661084641
MBBR0_SI1685,-0.359776227122759
MBBR0_SI2315,-0.30902051676006215
MBBR0_SX155,-0.35756416691159737
MBBR0_SX245,-0.3413686794704861
MBBR0_SX335,-0.3000532741591091
MBBR0_SX425,-0.2965835692390563
MBBR0_SX65,-0.2918214444760923
MBCG0_SI2217,-0.3693282793153007
MBCG0_SI486,-0.29278436548569625
MBCG0_SI957,-0.3401034538288069
MBCG0_SX147,-0.35457171652426567
MBCG0_SX237,-0.32318990776337775
MBCG0_SX327,-0.37280126111260775
MBCG0_SX417,-0.35857850247203643
MBCG0_SX57,-0.29176870353608264
MBEF0_SI1281,-0.3916352022611178
MBEF0_SI1911,-0.3439454827697492
MBEF0_SI651,-0.29727999204164973
MBEF0_SX111,-0.30391985149474804
MBEF0_SX201,-0.43125132856697873
MBEF0_SX21,-0.30235712027844086
MBEF0_SX291,-0.3349896197049123
MBEF0_SX381,-0.32989326355949283
MBGT0_SI1341,-0.29209743227277485
MBGT0_SI1841,-0.3020683642681138
MBGT0_SI711,-0.34806952506873257
MBGT0_SX171,-0.3123897864065949
MBGT0_SX261,-0.29254094485578863
MBGT0_SX351,-0.3398952865600586
MBGT0_SX441,-0.3512946203295626
MBGT0_SX81,-0.3114513882723722
MBJV0_SI1247,-0.3233155263981349
MBJV0_SI1877,-0.37259579128689235
MBJV0_SI617,-0.3233645448116673
MBJV0_SX167,-0.38089994514513315
MBJV0_SX257,-0.31576345080421087
MBJV0_SX347,-0.4203619639078776
MBJV0_SX437,-0.3630567240467534
MBJV0_SX77,-0.36310417781813875
MBMA0_SI1222,-0.3720245041437369
MBMA0_SI1852,-0.3193248840699713
MBMA0_SI592,-0.27614261679453395
MBMA0_SX142,-0.36230389905193294
MBMA0_SX232,-0.36594230008412554
MBMA0_SX322,-0.4467233465623486
MBMA0_SX412,-0.4060795323378375
MBMA0_SX52,-0.36351620948920815
MBMA1_SI2207,-0.2950704201408055
MBMA1_SI2214,-0.30905003782178536
MBMA1_SI954,-0.2657849318963334
MBMA1_SX144,-0.30460169474283855
MBMA1_SX234,-0.32543646770974866
MBMA1_SX324,-0.3379642443710499
MBMA1_SX414,-0.3232557479649374
MBMA1_SX54,-0.3184274788603695
MBML0_SI1169,-0.21383751355684721
MBML0_SI1799,-0.3376888729605003
MBML0_SI539,-0.33900251201554843
MBML0_SX179,-0.313707160949707
MBML0_SX269,-0.2763482118264223
MBML0_SX359,-0.32587640538256624
MBML0_SX449,-0.35491114396315354
MBML0_SX89,-0.3302817140571802
MBOM0_SI1014,-0.37960618946650254
MBOM0_SI1644,-0.34961957429584706
MBOM0_SI2274,-0.37948361206054687
MBOM0_SX114,-0.3528776530978046
MBOM0_SX204,-0.36728519258045017
MBOM0_SX294,-0.2927533619439424
MBOM0_SX311,-0.32532254765542706
MBOM0_SX384,-0.29369746027766047
MBSB0_SI1353,-0.3013456440223553
MBSB0_SI1983,-0.2502183649275038
MBSB0_SI723,-0.2901331997176173
MBSB0_SX183,-0.31288659909350724
MBSB0_SX273,-0.36238884925842285
MBSB0_SX3,-0.28143472746601256
MBSB0_SX363,-0.26865298675137317
MBSB0_SX93,-0.3421211242675781
MBTH0_SI2102,-0.3472403220760012
MBTH0_SI505,-0.2606166998545329
MBTH0_SI757,-0.2563474372243197
MBTH0_SX122,-0.3948933805927925
MBTH0_SX212,-0.3970084557166466
MBTH0_SX302,-0.31672189590778754
MBTH0_SX32,-0.331453035203673
MBTH0_SX392,-0.36210953186605577
MBWP0_SI1531,-0.3471670150756836
MBWP0_SI1969,-0.3479713808648205
MBWP0_SI709,-0.278503488611292
MBWP0_SX169,-0.4082303728376116
MBWP0_SX259,-0.24266459560652737
MBWP0_SX349,-0.3610787792740581
MBWP0_SX439,-0.3504211916561015
MBWP0_SX79,-0.30519731620765245
MCAE0_SI1447,-0.31309282421010787
MCAE0_SI2077,-0.3462794333861628
MCAE0_SI817,-0.293148160846701
MCAE0_SX187,-0.3802615140391662
MCAE0_SX277,-0.26289811608387015
MCAE0_SX367,-0.31268378409413955
MCAE0_SX7,-0.33252043000066467
MCAE0_SX97,-0.36044532512796335
MCAL0_SI1138,-0.30708731857000615
MCAL0_SI1768,-0.2553131731250618
MCAL0_SI508,-0.2557808576311384
MCAL0_SX148,-0.33506511717803716
MCAL0_SX238,-0.34914940934840255
MCAL0_SX328,-0.34386519062725796
MCAL0_SX418,-0.281482010291367
MCAL0_SX58,-0.3532057724989854
MCDC0_SI1292,-0.31018083486984027
MCDC0_SI1922,-0.3640063965873879
MCDC0_SI662,-0.3240486145019531
MCDC0_SX122,-0.3605085871769832
MCDC0_SX212,-0.3498298598498833
MCDC0_SX302,-0.30754189742238897
MCDC0_SX32,-0.32941598857278787
MCDC0_SX392,-0.34881551904616015
MCDD0_SI1513,-0.38169752382764627
MCDD0_SI2143,-0.34540680825928627
MCDD0_SI883,-0.29155770578692036
MCDD0_SX163,-0.3240949080677961
MCDD0_SX253,-0.3415423038501095
MCDD0_SX343,-0.37308314005533855
MCDD0_SX433,-0.3654001317795354
MCDD0_SX73,-0.2870484816540573
MCDR0_SI1154,-0.4074795879895174
MCDR0_SI1784,-0.334671271681295
MCDR0_SI524,-0.3389031339946546
MCDR0_SX164,-0.3008066012164739
MCDR0_SX254,-0.42254866805731084
MCDR0_SX344,-0.3670962816215606
MCDR0_SX434,-0.3624914730296415
MCDR0_SX74,-0.34261589923887764
MCEF0_SI1135,-0.31327315643950776
MCEF0_SI1765,-0.34484480361068204
MCEF0_SI842,-0.3229251274695763
MCEF0_SX145,-0.3957014609509566
MCEF0_SX235,-0.40931999322139856
MCEF0_SX325,-0.32175786786944555
MCEF0_SX415,-0.3690622503107244
MCEF0_SX55,-0.30656284239233994
MCEW0_SI1442,-0.3043620103707343
MCEW0_SI2072,-0.3504022844670492
MCEW0_SI812,-0.3340852169590142
MCEW0_SX182,-0.3250012464926276
MCEW0_SX272,-0.3118369450644841
MCEW0_SX362,-0.2981551724229838
MCEW0_SX452,-0.3110692807943514
MCEW0_SX92,-0.33794826428331326
MCHL0_SI1347,-0.31967254455931887
MCHL0_SI1404,-0.3665255842537716
MCHL0_SI1977,-0.2983425887173446
MCHL0_SX177,-0.3183040718757669
MCHL0_SX267,-0.3395581990919985
MCHL0_SX357,-0.31921483820134944
MCHL0_SX447,-0.30729968976774974
MCHL0_SX87,-0.3347205145884368
MCLK0_SI1660,-0.304476151983422
MCLK0_SI2290,-0.32213637189167305
MCLK0_SI650,-0.26076352303488215
MCLK0_SX130,-0.28277427919449344
MCLK0_SX220,-0.3987976783929869
MCLK0_SX310,-0.33850967207329763
MCLK0_SX40,-0.3803975514003209
MCLK0_SX400,-0.33940263755421224
MCLM0_SI1456,-0.39481686451396003
MCLM0_SI2086,-0.2700969989483173
MCLM0_SI826,-0.36570049264577514
MCLM0_SX106,-0.3686600776567851
MCLM0_SX16,-0.2681749753302929
MCLM0_SX196,-0.31014007745787153
MCLM0_SX286,-0.3512540477916507
MCLM0_SX376,-0.374186312566038
MCPM0_SI1194,-0.45525672967485387
MCPM0_SI1824,-0.3354914176977422
MCPM0_SI564,-0.32101866954893576
MCPM0_SX114,-0.2818783351353237
MCPM0_SX204,-0.3395682687086683
MCPM0_SX24,-0.28107227788907346
MCPM0_SX294,-0.3223285675048828
MCPM0_SX384,-0.3143337485716515
MCRE0_SI1121,-0.300628995634819
MCRE0_SI1725,-0.32030693588742787
MCRE0_SI1751,-0.3408743722098214
MCRE0_SX131,-0.32820998719963895
MCRE0_SX221,-0.3729845180337552
MCRE0_SX24,-0.2927399356808283
MCRE0_SX401,-0.3455241003701853
MCRE0_SX41,-0.3419119112753455
MCSS0_SI1380,-0.3492522407192257
MCSS0_SI688,-0.336424504363886
MCSS0_SI750,-0.34553761725878196
MCSS0_SX120,-0.2932951700621547
MCSS0_SX210,-0.298239280437601
MCSS0_SX30,-0.29096805572509765
MCSS0_SX300,-0.33439808297664564
MCSS0_SX390,-0.3402969565167523
MCTH0_SI1209,-0.33082842895158043
MCTH0_SI1839,-0.37281945333526467
MCTH0_SI579,-0.2963497205214067
MCTH0_SX129,-0.2848553901171162
MCTH0_SX219,-0.3487081651563768
MCTH0_SX309,-0.3317212301587302
MCTH0_SX39,-0.3159201121250523
MCTH0_SX399,-0.35334998094885917
MCTM0_SI1350,-0.33085588414034395
MCTM0_SI1980,-0.3398981254449565
MCTM0_SI720,-0.22877669784257998
MCTM0_SX180,-0.3068977247738669
MCTM0_SX270,-0.3054612023489816
MCTM0_SX360,-0.2989039016982256
MCTM0_SX450,-0.3176927507293891
MCTM0_SX90,-0.3660679973622479
MCXM0_SI1351,-0.33407088737625507
MCXM0_SI1981,-0.3167958564465613
MCXM0_SI721,-0.35646844679309475
MCXM0_SX181,-0.29752784967422485
MCXM0_SX271,-0.32433666721467047
MCXM0_SX361,-0.4024362689022414
MCXM0_SX451,-0.3398068606198489
MCXM0_SX91,-0.31773229860791974
MDAC0_SI1261,-0.33595360337148295
MDAC0_SI1837,-0.31366408680359165
MDAC0_SI631,-0.28491705656051636
MDAC0_SX181,-0.2991776478441456
MDAC0_SX271,-0.3239911079406738
MDAC0_SX361,-0.36361252009172845
MDAC0_SX451,-0.37602717014604636
MDAC0_SX91,-0.34710383519335086
MDAS0_SI1266,-0.3153967757604112
MDAS0_SI1896,-0.3028574126759214
MDAS0_SI636,-0.38318733384041004
MDAS0_SX186,-0.3063249408074145
MDAS0_SX21,-0.32651273320230206
MDAS0_SX276,-0.4139308582652699
MDAS0_SX6,-0.30619323847394336
MDAS0_SX96,-0.35988654512347595
MDBB1_SI1006,-0.4030571884996309
MDBB1_SI1636,-0.33955682118733727
MDBB1_SI2056,-0.39058268972850035
MDBB1_SX106,-0.42752711548398964
MDBB1_SX16,-0.36090784806471604
MDBB1_SX196,-0.33032881651873364
MDBB1_SX286,-0.3420462314309128
MDBB1_SX376,-0.4294557270250822
MDBP0_SI1158,-0.3383395591478669
MDBP0_SI1788,-0.3639580764079022
MDBP0_SI528,-0.349377742528463
MDBP0_SX168,-0.330523031729239
MDBP0_SX258,-0.3703786064596737
MDBP0_SX348,-0.3650978912607124
MDBP0_SX438,-0.34305676546963776
MDBP0_SX78,-0.3583915378736413
MDCD0_SI1415,-0.31761216769253253
MDCD0_SI2045,-0.3686284272567086
MDCD0_SI785,-0.3667470607174536
MDCD0_SX155,-0.3499743058377464
MDCD0_SX245,-0.36621535943478956
MDCD0_SX335,-0.3557836550091385
MDCD0_SX425,-0.29405229398519683
MDCD0_SX65,-0.3261219847436045
MDCM0_SI1480,-0.31167392555726775
MDCM0_SI2110,-0.2662009554961852
MDCM0_SI850,-0.37279791282455277
MDCM0_SX130,-0.2702120995336725
MDCM0_SX220,-0.3805829729352679
MDCM0_SX310,-0.31022253344135897
MDCM0_SX40,-0.4049068672069605
MDCM0_SX400,-0.28684293739910055
MDDC0_SI1419,-0.32375211321234415
MDDC0_SI2049,-0.27403753266917713
MDDC0_SI789,-0.26817862009037435
MDDC0_SX159,-0.3710986546107701
MDDC0_SX249,-0.35105814364711935
MDDC0_SX339,-0.3786948565478739
MDDC0_SX429,-0.4556196386163885
MDDC0_SX69,-0.3358518879404181
MDED0_SI1170,-0.2823281014800831
MDED0_SI1800,-0.33503914477309465
MDED0_SI540,-0.3546015046772204
MDED0_SX180,-0.30990628653944136
MDED0_SX270,-0.2983968867812046
MDED0_SX360,-0.30322425081798887
MDED0_SX450,-0.31365109856285817
MDED0_SX90,-0.27032354223819177
MDEF0_SI1123,-0.29561450617100166
MDEF0_SI1563,-0.31810076386286323
MDEF0_SI2193,-0.3367606411461069
MDEF0_SX123,-0.39294324602399555
MDEF0_SX213,-0.35536538495980635
MDEF0_SX303,-0.33970837924569686
MDEF0_SX33,-0.2696821991826447
MDEF0_SX393,-0.34745792351146737
MDEM0_SI1868,-0.26729721127798733
MDEM0_SI608,-0.21898202029141514
MDEM0_SI800,-0.26891019974631825
MDEM0_SX158,-0.2979399602215989
MDEM0_SX248,-0.20625875740816396
MDEM0_SX338,-0.31785986396703825
MDEM0_SX428,-0.2822349428863867
MDEM0_SX68,-0.23915542174722546
MDHL0_SI1439,-0.31692511968937453
MDHL0_SI2069,-0.30767676108641645
MDHL0_SI809,-0.29907516380409144
MDHL0_SX179,-0.3014002919986548
MDHL0_SX269,-0.29106798121538113
MDHL0_SX359,-0.30476359264202674
MDHL0_SX449,-0.29799148473846776
MDHL0_SX89,-0.2914867257713375
MDHS0_SI1530,-0.3538947011910233
MDHS0_SI2160,-0.3298659703721561
MDHS0_SI900,-0.3788915944653888
MDHS0_SX180,-0.3229831896330181
MDHS0_SX270,-0.28393884607263514
MDHS0_SX360,-0.3428289376053156
MDHS0_SX450,-0.34655474377917006
MDHS0_SX90,-0.35136701622787786
MDJM0_SI1455,-0.33761507504946225
MDJM0_SI2085,-0.34091359586380543
MDJM0_SI825,-0.31261804299276386
MDJM0_SX105,-0.3145850585387634
MDJM0_SX15,-0.29195611136300226
MDJM0_SX195,-0.2786222185407366
MDJM0_SX285,-0.28472948261335784
MDJM0_SX375,-0.3330738536098547
MDKS0_SI1066,-0.29938928373567353
MDKS0_SI1696,-0.30560717915379726
MDKS0_SI2326,-0.33987025891320183
MDKS0_SX166,-0.34097073484195894
MDKS0_SX256,-0.3487078392794388
MDKS0_SX346,-0.337254184629859
MDKS0_SX436,-0.3459113727916371
MDKS0_SX76,-0.26039726375915845
MDLB0_SI1306,-0.28969774613628035
MDLB0_SI1936,-0.3647653240047089
MDLB0_SI676,-0.34724332848373723
MDLB0_SX136,-0.3392285577182112
MDLB0_SX226,-0.3111407875356095
MDLB0_SX316,-0.2519423582843531
MDLB0_SX406,-0.2816897226036142
MDLB0_SX46,-0.28460207023468626
MDLC0_SI1395,-0.33881492176275146
MDLC0_SI2025,-0.3633172898065476
MDLC0_SI765,-0.2672659158706665
MDLC0_SX135,-0.3610140601422556
MDLC0_SX225,-0.2952193887824686
MDLC0_SX315,-0.36970818793023386
MDLC0_SX405,-0.3810367651625994
MDLC0_SX45,-0.377775688693948
MDLC1_SI1435,-0.3109416839664679
MDLC1_SI2065,-0.3468515698795655
MDLC1_SI2144,-0.3046276346842448
MDLC1_SX175,-0.3421938753006719
MDLC1_SX265,-0.302001315126851
MDLC1_SX355,-0.26571175203485004
MDLC1_SX445,-0.3821527600864281
MDLC1_SX85,-0.36184496398365823
MDLC2_SI1614,-0.28512012112525204
MDLC2_SI2244,-0.30191741118559967
MDLC2_SI984,-0.3075484638066255
MDLC2_SX174,-0.36043356209566396
MDLC2_SX264,-0.26902182361159876
MDLC2_SX354,-0.37161425586160457
MDLC2_SX444,-0.3691072427450012
MDLC2_SX84,-0.3935606015608615
MDLH0_SI1960,-0.28207931518554685
MDLH0_SI574,-0.39813217086408603
MDLH0_SI700,-0.34331230938753343
MDLH0_SX160,-0.3352106426833966
MDLH0_SX250,-0.3553820848464966
MDLH0_SX340,-0.27634212623808774
MDLH0_SX430,-0.3198549256431258
MDLH0_SX70,-0.2833556772392487
MDLM0_SI1234,-0.29758188491051557
MDLM0_SI1864,-0.27947048017173814
MDLM0_SI604,-0.24636799372897542
MDLM0_SX154,-0.3598598264298349
MDLM0_SX244,-0.3235788422871411
MDLM0_SX334,-0.3232163886803423
MDLM0_SX424,-0.27505935142780175
MDLM0_SX64,-0.3257080078125
MDLR0_SI1233,-0.3680206221957651
MDLR0_SI1863,-0.41339015547847335
MDLR0_SI603,-0.23490618844317573
MDLR0_SX153,-0.3392195467990139
MDLR0_SX243,-0.4145507324998752
MDLR0_SX333,-0.3920716138986441
MDLR0_SX423,-0.3760375546737456
MDLR0_SX63,-0.4100236247356673
MDLR1_SI1299,-0.3374756368001302
MDLR1_SI1929,-0.3093089459249782
MDLR1_SI669,-0.370996940322637
MDLR1_SX129,-0.3054446971879831
MDLR1_SX219,-0.3074047761804917
MDLR1_SX309,-0.3649296506622134
MDLR1_SX39,-0.3085130227578653
MDLR1_SX399,-0.28999883222404
MDMA0_SI1238,-0.2951577564455428
MDMA0_SI1430,-0.2949891132841478
MDMA0_SI2060,-0.2359098372920867
MDMA0_SX170,-0.3140124262595663
MDMA0_SX260,-0.31639611319209754
MDMA0_SX350,-0.2862721827992222
MDMA0_SX440,-0.280958603168356
MDMA0_SX80,-0.28714608364417904
MDMT0_SI1832,-0.29761050996326266
MDMT0_SI2341,-0.32111661275227865
MDMT0_SI572,-0.32465304456991595
MDMT0_SX122,-0.3431350483613856
MDMT0_SX212,-0.36308370075169233
MDMT0_SX302,-0.3476925907202407
MDMT0_SX32,-0.33233057756832135
MDMT0_SX392,-0.3748630257539971
MDNS0_SI1011,-0.32349598103281557
MDNS0_SI2271,-0.322656756070391
MDNS0_SI873,-0.33681598919849853
MDNS0_SX111,-0.26258163452148436
MDNS0_SX201,-0.3811034361521403
MDNS0_SX21,-0.3083578808472888
MDNS0_SX291,-0.3785609733767626
MDNS0_SX381,-0.36570536295572914
MDPB0_SI1760,-0.3305463469430302
MDPB0_SI2126,-0.3140940960542655
MDPB0_SI866,-0.32847283257378473
MDPB0_SX146,-0.29713485660624417
MDPB0_SX236,-0.327559484951738
MDPB0_SX326,-0.2854983603307443
MDPB0_SX416,-0.3012184474779212
MDPB0_SX56,-0.3909171422322591
MDPK0_SI1053,-0.24419771830240886
MDPK0_SI1683,-0.4564400513966878
MDPK0_SI552,-0.25208968651003955
MDPK0_SX153,-0.3515591817359402
MDPK0_SX243,-0.40512107735249536
MDPK0_SX333,-0.4065629374774205
MDPK0_SX423,-0.41089806189903844
MDPK0_SX63,-0.38710008986452793
MDPS0_SI1651,-0.41654771097590415
MDPS0_SI1979,-0.30821699323275037
MDPS0_SI719,-0.3982427967337025
MDPS0_SX179,-0.40212310264850487
MDPS0_SX269,-0.3422333721953314
MDPS0_SX359,-0.33765764346067934
MDPS0_SX449,-0.37488197985990546
MDPS0_SX89,-0.36145482297803533
MDRD0_SI1382,-0.27964465571384806
MDRD0_SI2012,-0.31755548534971295
MDRD0_SI752,-0.2916350330380227
MDRD0_SX122,-0.33487669538322595
MDRD0_SX212,-0.33219056847977313
MDRD0_SX302,-0.2827743933145756
MDRD0_SX32,-0.3001890721115163
MDRD0_SX392,-0.35343516531166125
MDSJ0_SI1462,-0.3340722796560704
MDSJ0_SI2092,-0.3527605692545573
MDSJ0_SI832,-0.3919615003797743
MDSJ0_SX112,-0.37109737396240233
MDSJ0_SX22,-0.2723300446497711
MDSJ0_SX292,-0.3067210964235861
MDSJ0_SX382,-0.3726579781734582
MDSJ0_SX438,-0.3136033472025169
MDSS0_SI1881,-0.31855734599005314
MDSS0_SI2087,-0.3045678754742636
MDSS0_SI621,-0.3718101921982653
MDSS0_SX171,-0.3441682187666804
MDSS0_SX261,-0.35119374593098956
MDSS0_SX351,-0.32805118045291387
MDSS0_SX441,-0.2981348673502604
MDSS0_SX81,-0.2915291204685118
MDSS1_SI1327,-0.3621635652531338
MDSS1_SI1713,-0.2709598925289692
MDSS1_SI697,-0.3926146601287412
MDSS1_SX157,-0.3143980043743729
MDSS1_SX247,-0.3302977584129156
MDSS1_SX337,-0.38426904296875
MDSS1_SX427,-0.33312057422108626
MDSS1_SX67,-0.365635209701386
MDTB0_SI1200,-0.43241443535206847
MDTB0_SI1830,-0.4604433584904325
MDTB0_SI570,-0.37242052414838006
MDTB0_SX120,-0.33186540571954165
MDTB0_SX210,-0.2792774483009621
MDTB0_SX300,-0.35029293868342054
MDTB0_SX321,-0.35017001098270584
MDTB0_SX390,-0.35988821865113313
MDWD0_SI1260,-0.35654358885603954
MDWD0_SI1890,-0.30190218732656676
MDWD0_SI557,-0.3473385588763511
MDWD0_SX180,-0.3240673588771446
MDWD0_SX270,-0.3359175461989183
MDWD0_SX360,-0.3527645885496211
MDWD0_SX450,-0.32763781205887366
MDWD0_SX90,-0.3465244713012111
MDWH0_SI1168,-0.30577496337890625
MDWH0_SI1925,-0.2094851051058088
MDWH0_SI665,-0.3125147194971414
MDWH0_SX125,-0.2672412687961054
MDWH0_SX215,-0.32738250416994713
MDWH0_SX305,-0.32739566516324964
MDWH0_SX35,-0.29849908647746065
MDWH0_SX395,-0.286125087499021
MDWM0_SI1546,-0.40868562726832147
MDWM0_SI2176,-0.36306589299982245
MDWM0_SI916,-0.27998980250927286
MDWM0_SX106,-0.30924359130859375
MDWM0_SX16,-0.29226492956486716
MDWM0_SX286,-0.31488942968615485
MDWM0_SX376,-0.34403631189367273
MDWM0_SX433,-0.39256035687519464
MEAL0_SI1547,-0.28029241233036434
MEAL0_SI2177,-0.2918990594655396
MEAL0_SI917,-0.36058868552153966
MEAL0_SX107,-0.35355202279439785
MEAL0_SX197,-0.3321063766062585
MEAL0_SX287,-0.23898619138277494
MEAL0_SX347,-0.36695705201269246
MEAL0_SX377,-0.36005440078863576
MEDR0_SI1374,-0.3667363823784722
MEDR0_SI2004,-0.3546870906178544
MEDR0_SI744,-0.3108941544877722
MEDR0_SX114,-0.30369634742280877
MEDR0_SX204,-0.37629672459193636
MEDR0_SX24,-0.25763660194599525
MEDR0_SX294,-0.3371167809072167
MEDR0_SX384,-0.2962942370478971
MEFG0_SI465,-0.3837075440779976
MEFG0_SI491,-0.4097790244399317
MEFG0_SI598,-0.2961864179281489
MEFG0_SX105,-0.3696014969437211
MEFG0_SX15,-0.3885590359833741
MEFG0_SX195,-0.3179729168231671
MEFG0_SX285,-0.3589822344560926
MEFG0_SX375,-0.31808666902429916
MEGJ0_SI1337,-0.32936958861506843
MEGJ0_SI1967,-0.3066128322056362
MEGJ0_SI707,-0.3773852612598833
MEGJ0_SX167,-0.3218088130197505
MEGJ0_SX257,-0.41455003016970937
MEGJ0_SX3,-0.2720767996903789
MEGJ0_SX437,-0.3491184056731703
MEGJ0_SX77,-0.35954779295381784
MEJL0_SI1592,-0.28807603159258444
MEJL0_SI1654,-0.3119496901830037
MEJL0_SI962,-0.3111722469329834
MEJL0_SX152,-0.3828570861816406
MEJL0_SX242,-0.28049578789855284
MEJL0_SX332,-0.3152993153717558
MEJL0_SX422,-0.371008559318872
MEJL0_SX62,-0.39059825457604846
MEJS0_SI1240,-0.34138255947632407
MEJS0_SI1870,-0.40965434245147037
MEJS0_SI610,-0.33229295412699383
MEJS0_SX160,-0.31186553480711626
MEJS0_SX250,-0.36144012341396414
MEJS0_SX340,-0.3078707850931262
MEJS0_SX430,-0.3145073963658476
MEJS0_SX70,-0.41985672844780814
MESG0_SI1332,-0.32997707392545356
MESG0_SI1962,-0.34116632333073593
MESG0_SI702,-0.2809100096253143
MESG0_SX162,-0.3957935356945725
MESG0_SX252,-0.38343599945188983
MESG0_SX342,-0.3900936590811619
MESG0_SX432,-0.3767542995193443
MESG0_SX72,-0.3734077085931617
MESJ0_SI2039,-0.2646417638395569
MESJ0_SI2257,-0.32040742465427946
MESJ0_SI997,-0.3918196114387301
MESJ0_SX187,-0.336429238319397
MESJ0_SX277,-0.2809011765888759
MESJ0_SX367,-0.3040439123394846
MESJ0_SX7,-0.3579468463533488
MESJ0_SX97,-0.35766710553850445
MEWM0_SI1348,-0.3455398891283118
MEWM0_SI1978,-0.359258960275089
MEWM0_SI718,-0.335330834259858
MEWM0_SX178,-0.34646622941300675
MEWM0_SX268,-0.31968777929514963
MEWM0_SX358,-0.30565982043001166
MEWM0_SX448,-0.3086974984906577
MEWM0_SX88,-0.34286249292505394
MFER0_SI1492,-0.33734673810151455
MFER0_SI2122,-0.2683129744096236
MFER0_SI862,-0.3606213048561332
MFER0_SX142,-0.319953354311661
MFER0_SX232,-0.25350924981454004
MFER0_SX322,-0.3343828029542173
MFER0_SX412,-0.31955823170612135
MFER0_SX52,-0.33489072064816694
MFMC0_SI1132,-0.3261484540374585
MFMC0_SI1762,-0.2892803102229982
MFMC0_SI502,-0.29128683937920463
MFMC0_SX142,-0.35058833590044886
MFMC0_SX232,-0.3141529674836021
MFMC0_SX322,-0.37472702736078306
MFMC0_SX412,-0.4217839997390221
MFMC0_SX52,-0.29670946097668305
MFRM0_SI1155,-0.35518749554951984
MFRM0_SI1717,-0.30530233944163604
MFRM0_SI1785,-0.38748075299314644
MFRM0_SX165,-0.3949772153581892
MFRM0_SX255,-0.3471518354453588
MFRM0_SX345,-0.34675951191023285
MFRM0_SX435,-0.3564300960964627
MFRM0_SX75,-0.3146729366973746
MFWK0_SI1249,-0.23547522489689598
MFWK0_SI1879,-0.31776731522356877
MFWK0_SI619,-0.3453351827768179
MFWK0_SX169,-0.39041667965287014
MFWK0_SX259,-0.353635189717986
MFWK0_SX349,-0.39193385698219046
MFWK0_SX439,-0.33556658011869434
MFWK0_SX79,-0.2986065347256256
MFXS0_SI1674,-0.33483434492541897
MFXS0_SI2225,-0.35429518222808837
MFXS0_SI2304,-0.3548947662232893
MFXS0_SX144,-0.3491028695736291
MFXS0_SX234,-0.3207878902040679
MFXS0_SX324,-0.3584586714787813
MFXS0_SX414,-0.2686885758942249
MFXS0_SX54,-0.3488554885019019
MFXV0_SI1005,-0.3829519608441521
MFXV0_SI1342,-0.4021329108892357
MFXV0_SI1635,-0.3604454226610137
MFXV0_SX105,-0.301642758505685
MFXV0_SX15,-0.35765496399176955
MFXV0_SX195,-0.26278759961459724
MFXV0_SX285,-0.3213757804898552
MFXV0_SX375,-0.3353253803555928
MGAF0_SI1282,-0.3731472480587843
MGAF0_SI1912,-0.39333274516653505
MGAF0_SI652,-0.3851954994019139
MGAF0_SX112,-0.37864167919717573
MGAF0_SX202,-0.3608168163438783
MGAF0_SX22,-0.3652197063298515
MGAF0_SX292,-0.3786375341635726
MGAF0_SX382,-0.3663447674055745
MGAG0_SI1321,-0.3748314970283098
MGAG0_SI645,-0.2985859623661748
MGAG0_SI691,-0.2984141780253955
MGAG0_SX151,-0.4286637462269176
MGAG0_SX241,-0.394822700001369
MGAG0_SX331,-0.4042111985226895
MGAG0_SX421,-0.3433510532463175
MGAG0_SX61,-0.3339534914361595
MGAK0_SI1036,-0.3915296042018
MGAK0_SI1666,-0.34274210436590785
MGAK0_SI2296,-0.3701909595952373
MGAK0_SX136,-0.3303393386225285
MGAK0_SX226,-0.3371885145032728
MGAK0_SX316,-0.2586323644073916
MGAK0_SX406,-0.2820844985731882
MGAK0_SX46,-0.31340958937159125
MGAR0_SI1212,-0.33092900869008657
MGAR0_SI1694,-0.3290305667453342
MGAR0_SI1842,-0.25005735833960846
MGAR0_SX132,-0.33934603510676203
MGAR0_SX222,-0.2681846164521717
MGAR0_SX312,-0.3247194742026769
MGAR0_SX402,-0.2838221815765881
MGAR0_SX42,-0.2976123793718684
MGAW0_SI1165,-0.3612502775580635
MGAW0_SI1802,-0.3858254135295909
MGAW0_SI535,-0.3512696765718006
MGAW0_SX175,-0.3727540018891337
MGAW0_SX265,-0.2774003899615744
MGAW0_SX355,-0.36594833746189026
MGAW0_SX445,-0.4083614894321987
MGAW0_SX85,-0.3664635513235347
MGES0_SI1481,-0.33789267906775844
MGES0_SI2111,-0.3649216224407328
MGES0_SI851,-0.40585742895153987
MGES0_SX131,-0.33591473553631757
MGES0_SX221,-0.40684296054090474
MGES0_SX311,-0.31161293482671587
MGES0_SX401,-0.37294639975337657
MGES0_SX41,-0.4333194298080251
MGJC0_SI1256,-0.29451732770771
MGJC0_SI1335,-0.2950169638981895
MGJC0_SI1965,-0.32637918731312693
MGJC0_SX165,-0.3147881655769552
MGJC0_SX255,-0.28646446676815257
MGJC0_SX345,-0.28590371079678495
MGJC0_SX435,-0.2943653539984688
MGJC0_SX75,-0.26787070459967494
MGRL0_SI1497,-0.3705645854966047
MGRL0_SI2127,-0.25464822254041686
MGRL0_SI867,-0.3525974283641686
MGRL0_SX147,-0.38106576697414657
MGRL0_SX237,-0.28358296425111834
MGRL0_SX327,-0.2823970361506983
MGRL0_SX417,-0.3494324976084184
MGRL0_SX57,-0.3100327491760254
MGRP0_SI1317,-0.38064895309768354
MGRP0_SI1947,-0.3770919922859438
MGRP0_SI687,-0.37711310968166445
MGRP0_SX147,-0.35392659221851064
MGRP0_SX237,-0.23751376297673568
MGRP0_SX327,-0.36639388064120676
MGRP0_SX417,-0.31919230081390104
MGRP0_SX57,-0.2817799917956505
MGSH0_SI1176,-0.34935986249029766
MGSH0_SI1806,-0.3375891910237112
MGSH0_SI546,-0.3350078482136166
MGSH0_SX127,-0.37296204339890254
MGSH0_SX186,-0.27579962456976614
MGSH0_SX276,-0.3971943233324134
MGSH0_SX6,-0.35201559031581525
MGSH0_SX96,-0.2854414180833466
MGSL0_SI1164,-0.27753300650309526
MGSL0_SI534,-0.2965976880944293
MGSL0_SI797,-0.3586810218933245
MGSL0_SX174,-0.27056107697663484
MGSL0_SX264,-0.216552626918739
MGSL0_SX354,-0.3110067217830098
MGSL0_SX444,-0.2744152951041304
MGSL0_SX84,-0.3479581996372768
MGXP0_SI1087,-0.3115738183916403
MGXP0_SI457,-0.32800130586366394
MGXP0_SI525,-0.3195721329167518
MGXP0_SX187,-0.30306772085336536
MGXP0_SX277,-0.3230685491631501
MGXP0_SX367,-0.28138761910778737
MGXP0_SX7,-0.2566277640206473
MGXP0_SX97,-0.28034007679332384
MHBS0_SI1575,-0.29868275410420186
MHBS0_SI2205,-0.27442153828256083
MHBS0_SI945,-0.32335890638884773
MHBS0_SX135,-0.3444210399280895
MHBS0_SX225,-0.3794645494030368
MHBS0_SX315,-0.3383713079958546
MHBS0_SX405,-0.3651507038715457
MHBS0_SX45,-0.3474185041372212
MHIT0_SI1613,-0.32169997116615034
MHIT0_SI2243,-0.28972045154106324
MHIT0_SI983,-0.3078996532788449
MHIT0_SX173,-0.37614504851442476
MHIT0_SX263,-0.2572464676885646
MHIT0_SX353,-0.317704287442294
MHIT0_SX443,-0.3140430106152696
MHIT0_SX83,-0.3556225227587151
MHJB0_SI1017,-0.35634384155273435
MHJB0_SI1647,-0.33083298627068014
MHJB0_SI2277,-0.3731872020500433
MHJB0_SX117,-0.39689125238462936
MHJB0_SX207,-0.3492680195742433
MHJB0_SX27,-0.30682347745311506
MHJB0_SX297,-0.3385608910167285
MHJB0_SX387,-0.4099639710925874
MHMG0_SI1365,-0.29597982709258247
MHMG0_SI1995,-0.35307622945533607
MHMG0_SI735,-0.33406304693841316
MHMG0_SX105,-0.2839022193636213
MHMG0_SX15,-0.3483660166500179
MHMG0_SX195,-0.2608835766887107
MHMG0_SX285,-0.3023054070973675
MHMG0_SX375,-0.3214042582697245
MHMR0_SI1119,-0.3473668779645647
MHMR0_SI1692,-0.33406647538716816
MHMR0_SI489,-0.3073121512808451
MHMR0_SX129,-0.25432459944385594
MHMR0_SX219,-0.30341779828396415
MHMR0_SX309,-0.3557799542536501
MHMR0_SX39,-0.3667201850250477
MHMR0_SX399,-0.32373774552545626
MHRM0_SI1475,-0.33268064611098347
MHRM0_SI2218,-0.32346078742789536
MHRM0_SI958,-0.36035230321791567
MHRM0_SX148,-0.35051278008355036
MHRM0_SX238,-0.32418414409653545
MHRM0_SX328,-0.39719315579063014
MHRM0_SX418,-0.281351344791923
MHRM0_SX58,-0.37150532613971277
MHXL0_SI1772,-0.32846511463394434
MHXL0_SI512,-0.3053915360394646
MHXL0_SI612,-0.34151181843289996
MHXL0_SX152,-0.29176203787149946
MHXL0_SX242,-0.3391177237230559
MHXL0_SX332,-0.27465841864461954
MHXL0_SX422,-0.28396881342556707
MHXL0_SX62,-0.37657631183492724
MILB0_SI2163,-0.3425596903979294
MILB0_SI807,-0.36142625479862606
MILB0_SI903,-0.3592406743252439
MILB0_SX183,-0.26388690782629926
MILB0_SX273,-0.36527778732944544
MILB0_SX3,-0.13508965684959925
MILB0_SX363,-0.3353391500619742
MILB0_SX93,-0.29056806662647994
MJAC0_SI1331,-0.3159503755115327
MJAC0_SI2148,-0.24541061680491377
MJAC0_SI701,-0.3260033033552213
MJAC0_SX251,-0.3344852629162016
MJAC0_SX307,-0.3721059036254883
MJAC0_SX341,-0.35605200743063903
MJAC0_SX431,-0.3110775653226876
MJAC0_SX71,-0.3147416078954711
MJAE0_SI1524,-0.2971529279436384
MJAE0_SI1999,-0.2888053327668702
MJAE0_SI2154,-0.34935500632206945
MJAE0_SX174,-0.3352413835196659
MJAE0_SX264,-0.290771698533443
MJAE0_SX354,-0.34804477869907274
MJAE0_SX444,-0.2861981350681624
MJAE0_SX84,-0.29861833391146425
MJAI0_SI1604,-0.2911843860640508
MJAI0_SI682,-0.3429659039786692
MJAI0_SI710,-0.3037696277643896
MJAI0_SX164,-0.3021343126209504
MJAI0_SX254,-0.33820365337615316
MJAI0_SX344,-0.3727484698935505
MJAI0_SX434,-0.34957088590202845
MJAI0_SX74,-0.3534756867781929
MJBG0_SI1232,-0.32925740410299864
MJBG0_SI1724,-0.29130186517554596
MJBG0_SI1862,-0.26826418136537766
MJBG0_SX152,-0.33342644627108897
MJBG0_SX242,-0.3292068150759481
MJBG0_SX332,-0.31413157442782785
MJBG0_SX422,-0.35189501104507853
MJBG0_SX62,-0.3548840892558195
MJDA0_SI1031,-0.3452125924532531
MJDA0_SI1661,-0.14183362052164364
MJDA0_SI2291,-0.25533778896272735
MJDA0_SX131,-0.40296501287534914
MJDA0_SX221,-0.34034075478250664
MJDA0_SX311,-0.350204335853071
MJDA0_SX401,-0.24815917476531
MJDA0_SX41,-0.39421113955429177
MJDC0_SI1161,-0.325210100753717
MJDC0_SI2165,-0.3603205838046231
MJDC0_SI531,-0.3025023577964469
MJDC0_SX171,-0.3498294714725379
MJDC0_SX261,-0.28932455408642865
MJDC0_SX351,-0.3085293128842213
MJDC0_SX441,-0.35707647758617733
MJDC0_SX81,-0.3666670887740617
MJDE0_SI1120,-0.29472480884141755
MJDE0_SI463,-0.3246247296172064
MJDE0_SI490,-0.3660191724445022
MJDE0_SX130,-0.3095500911260448
MJDE0_SX220,-0.3546469936286825
MJDE0_SX310,-0.3317527267737879
MJDE0_SX40,-0.37367884318033856
MJDE0_SX400,-0.3372773916825004
MJDG0_SI1042,-0.3200349669525589
MJDG0_SI1672,-0.31759038737400824
MJDG0_SI1705,-0.3159627828512106
MJDG0_SX142,-0.3164186233129257
MJDG0_SX232,-0.3103745138856786
MJDG0_SX322,-0.3647990268943584
MJDG0_SX412,-0.37394516450121884
MJDG0_SX52,-0.34955233102167205
MJDM0_SI1340,-0.24813020494249133
MJDM0_SI1937,-0.3824796603836176
MJDM0_SI974,-0.29489294687906903
MJDM0_SX170,-0.31277778821113783
MJDM0_SX260,-0.3458605448404948
MJDM0_SX350,-0.33963085356212797
MJDM0_SX440,-0.3308496252282873
MJDM0_SX80,-0.34825436206574134
MJEB0_SI1286,-0.34434887289640764
MJEB0_SI1916,-0.32601738664647734
MJEB0_SI656,-0.35887624828386505
MJEB0_SX170,-0.32685962476228414
MJEB0_SX206,-0.28418322808728247
MJEB0_SX26,-0.3207038701966751
MJEB0_SX296,-0.3214748780239503
MJEB0_SX386,-0.3606026882595486
MJEB1_SI1467,-0.2613305200504351
MJEB1_SI2097,-0.2583285958426339
MJEB1_SI837,-0.34904559966056575
MJEB1_SX117,-0.300781742219002
MJEB1_SX207,-0.3771256156589674
MJEB1_SX27,-0.2704530821906196
MJEB1_SX297,-0.36311701224552645
MJEB1_SX387,-0.2627939860026042
MJEE0_SI1237,-0.3807431515132155
MJEE0_SI1867,-0.292246536852202
MJEE0_SI607,-0.2780608393719807
MJEE0_SX157,-0.3571318634285415
MJEE0_SX247,-0.3136939164046403
MJEE0_SX337,-0.342625660501468
MJEE0_SX427,-0.28832300841578185
MJEE0_SX67,-0.3186232151129307
MJFH0_SI1107,-0.31481841566033864
MJFH0_SI1737,-0.3382160013372248
MJFH0_SI477,-0.3728932148701436
MJFH0_SX117,-0.34000102500744467
MJFH0_SX207,-0.35574776785714285
MJFH0_SX27,-0.3461748758951823
MJFH0_SX297,-0.4054225398804331
MJFH0_SX387,-0.38203779117081516
MJFR0_SI1605,-0.2997581550666878
MJFR0_SI2235,-0.3233148313036152
MJFR0_SI975,-0.31251993880104334
MJFR0_SX165,-0.31080850055467646
MJFR0_SX255,-0.3035241284416717
MJFR0_SX345,-0.29981531489509233
MJFR0_SX435,-0.3218905274539715
MJFR0_SX75,-0.3451895801138965
MJHI0_SI1328,-0.3155362164532697
MJHI0_SI555,-0.4168797737158439
MJHI0_SI698,-0.3193952251413015
MJHI0_SX158,-0.27973421882180605
MJHI0_SX248,-0.33909359587926297
MJHI0_SX338,-0.3245850340626872
MJHI0_SX428,-0.29955437755327663
MJHI0_SX68,-0.3462475010606109
MJJB0_SI1139,-0.3310566828801082
MJJB0_SI1277,-0.27247981021278783
MJJB0_SI1769,-0.3845277869183084
MJJB0_SX149,-0.3362768843367293
MJJB0_SX239,-0.2696146679225404
MJJB0_SX329,-0.32030112636435315
MJJB0_SX419,-0.33502351848128575
MJJB0_SX59,-0.31825267143969266
MJJJ0_SI1163,-0.2228023132636153
MJJJ0_SI1793,-0.38791315606299864
MJJJ0_SI533,-0.2925984473201816
MJJJ0_SX173,-0.36307904833839055
MJJJ0_SX263,-0.2071623865426061
MJJJ0_SX353,-0.28048774087504974
MJJJ0_SX443,-0.3442337425955891
MJJJ0_SX83,-0.34837041582380024
MJJM0_SI1251,-0.2936908433286203
MJJM0_SI1457,-0.3471633448745265
MJJM0_SI827,-0.2931428389115767
MJJM0_SX107,-0.39393230654158684
MJJM0_SX17,-0.3042520931111046
MJJM0_SX197,-0.23281153765591708
MJJM0_SX287,-0.2828250142901424
MJJM0_SX377,-0.34198522726166686
MJKR0_SI1201,-0.39360649012312104
MJKR0_SI1831,-0.3204701242883221
MJKR0_SI571,-0.28419298794180314
MJKR0_SX121,-0.31995933509665314
MJKR0_SX211,-0.3564191587043531
MJKR0_SX301,-0.30300985217767923
MJKR0_SX31,-0.4555628015360701
MJKR0_SX391,-0.29113875763325753
MJLB0_SI1616,-0.3084849544732565
MJLB0_SI2246,-0.294199921364008
MJLB0_SI986,-0.3071815238511267
MJLB0_SX176,-0.33493899760273216
MJLB0_SX266,-0.28691751231317936
MJLB0_SX356,-0.3122222131962399
MJLB0_SX446,-0.3300226242815862
MJLB0_SX86,-0.29797104365146
MJLG1_SI1012,-0.3288340550947013
MJLG1_SI1642,-0.3091677256992885
MJLG1_SI2272,-0.3207334360681978
MJLG1_SX112,-0.32697212273347465
MJLG1_SX202,-0.3001510395723231
MJLG1_SX22,-0.2384057559877494
MJLG1_SX292,-0.35196331219795424
MJLG1_SX382,-0.38558293421776285
MJLS0_SI1096,-0.28182526957782017
MJLS0_SI1726,-0.2975213633926582
MJLS0_SI466,-0.3133885658393472
MJLS0_SX106,-0.336292180148038
MJLS0_SX16,-0.29018320935837766
MJLS0_SX196,-0.30465997968401226
MJLS0_SX286,-0.33566390361982523
MJLS0_SX376,-0.3556119849119472
MJMA0_SI1495,-0.393756425299612
MJMA0_SI2125,-0.3328402758182844
MJMA0_SI865,-0.34196697480497307
MJMA0_SX145,-0.3955785637227898
MJMA0_SX235,-0.3342247009277344
MJMA0_SX325,-0.3823319218584881
MJMA0_SX415,-0.3744600200217608
MJMA0_SX55,-0.34842967650073153
MJMD0_SI1028,-0.3527195348148852
MJMD0_SI1658,-0.3330581900999718
MJMD0_SI2288,-0.3702724964839341
MJMD0_SX128,-0.3281247014584749
MJMD0_SX218,-0.36307181859676074
MJMD0_SX308,-0.2973769594473668
MJMD0_SX38,-0.3206365248736213
MJMD0_SX398,-0.351584580978029
MJMM0_SI1255,-0.33364000365632407
MJMM0_SI1885,-0.2678332305760775
MJMM0_SI625,-0.35984476203592414
MJMM0_SX175,-0.3332965327244179
MJMM0_SX265,-0.2556685601081048
MJMM0_SX355,-0.30625971192454066
MJMM0_SX445,-0.3511292307000411
MJMM0_SX85,-0.355381129596727
MJPG0_SI1191,-0.31888819738412005
MJPG0_SI1821,-0.30375515031225886
MJPG0_SI561,-0.3617106640756612
MJPG0_SX111,-0.28003731704339746
MJPG0_SX201,-0.43092582257873807
MJPG0_SX21,-0.2422397051970971
MJPG0_SX291,-0.2939628219604492
MJPG0_SX381,-0.3946358549828623
MJPM0_SI1368,-0.350246152010831
MJPM0_SI1998,-0.324041933626742
MJPM0_SI738,-0.31493854178418323
MJPM0_SX108,-0.3595371553974767
MJPM0_SX18,-0.33030541737874347
MJPM0_SX198,-0.2334373629823023
MJPM0_SX288,-0.34111751209605823
MJPM0_SX378,-0.34593921098552766
MJPM1_SI1897,-0.26269114358084544
MJPM1_SI2280,-0.2395449239740927
MJPM1_SI761,-0.33110124039589295
MJPM1_SX131,-0.3763533640125571
MJPM1_SX221,-0.3319198457818282
MJPM1_SX311,-0.3034726264332431
MJPM1_SX401,-0.3647920268855683
MJPM1_SX41,-0.35623086241848745
MJRA0_SI1236,-0.3611012251775884
MJRA0_SI1866,-0.29220371752713636
MJRA0_SI606,-0.2874122448821566
MJRA0_SX156,-0.36694046279131354
MJRA0_SX246,-0.3289374327048277
MJRA0_SX336,-0.3385066662804555
MJRA0_SX426,-0.3192271839488636
MJRA0_SX66,-0.3704200843711952
MJRG0_SI1366,-0.32469898060055596
MJRG0_SI1996,-0.39843902587890623
MJRG0_SI736,-0.3639791563608761
MJRG0_SX106,-0.39417925451555824
MJRG0_SX16,-0.27808696031570435
MJRG0_SX286,-0.3075824880344982
MJRG0_SX352,-0.3367939656105658
MJRG0_SX376,-0.37172398174108146
MJRH0_SI1125,-0.3169355731707788
MJRH0_SI1755,-0.30978166939008356
MJRH0_SI1840,-0.30429835248951176
MJRH0_SX135,-0.28580245971679685
MJRH0_SX225,-0.3821196980995707
MJRH0_SX315,-0.2902644011933925
MJRH0_SX405,-0.36110156885310174
MJRH0_SX45,-0.3112598025501835
MJRH1_SI1558,-0.31329464561060855
MJRH1_SI1774,-0.376135619420969
MJRH1_SI514,-0.2824028070024449
MJRH1_SX154,-0.32523849329997584
MJRH1_SX244,-0.37690817279580197
MJRH1_SX334,-0.35861099995839757
MJRH1_SX424,-0.3581268916491567
MJRH1_SX64,-0.3473105179636102
MJRK0_SI1662,-0.32949214126124526
MJRK0_SI2103,-0.31158040517784025
MJRK0_SI880,-0.36861749693404794
MJRK0_SX160,-0.35494436172240557
MJRK0_SX250,-0.34287844798603995
MJRK0_SX340,-0.3002180323481984
MJRK0_SX430,-0.3292246885772785
MJRK0_SX70,-0.2676901900977419
MJRP0_SI1835,-0.2814510464668274
MJRP0_SI1845,-0.33744189278322645
MJRP0_SI585,-0.33033515487514664
MJRP0_SX135,-0.33049347555848974
MJRP0_SX225,-0.35923785698123095
MJRP0_SX315,-0.3009257495851445
MJRP0_SX405,-0.3504760143803615
MJRP0_SX45,-0.3231524369848056
MJSR0_SI1424,-0.2926288594398395
MJSR0_SI2054,-0.3053339095342727
MJSR0_SI794,-0.3311540766279827
MJSR0_SX164,-0.2560530425496184
MJSR0_SX254,-0.2806997015924737
MJSR0_SX344,-0.3055150752807214
MJSR0_SX434,-0.3473113826447469
MJSR0_SX74,-0.2908267504548373
MJWG0_SI2155,-0.3370763605291193
MJWG0_SI813,-0.2966044356183308
MJWG0_SI895,-0.3215493241401568
MJWG0_SX175,-0.33127604739766725
MJWG0_SX265,-0.2844974554858161
MJWG0_SX355,-0.34052354935910767
MJWG0_SX445,-0.37724285438412525
MJWG0_SX85,-0.3098602294921875
MJWS0_SI1143,-0.38154565575588273
MJWS0_SI1773,-0.28563551726164643
MJWS0_SI513,-0.2890739989795273
MJWS0_SX153,-0.32066692731767427
MJWS0_SX243,-0.3474336470135991
MJWS0_SX333,-0.30018477006392047
MJWS0_SX423,-0.32284443119029305
MJWS0_SX63,-0.3315489059104059
MJWT0_SI1291,-0.30811813581268244
MJWT0_SI1381,-0.338004174170556
MJWT0_SI751,-0.3079735001707389
MJWT0_SX121,-0.2959705610367263
MJWT0_SX211,-0.2596265950780006
MJWT0_SX301,-0.31665827719013345
MJWT0_SX31,-0.36074973796976023
MJWT0_SX391,-0.24666378904117767
MJXA0_SI1507,-0.2984243688995905
MJXA0_SI2137,-0.269188873527586
MJXA0_SI877,-0.334136309790704
MJXA0_SX157,-0.37823644674049234
MJXA0_SX247,-0.3313726623201631
MJXA0_SX337,-0.35751284310644155
MJXA0_SX427,-0.33228949450571604
MJXA0_SX67,-0.2892116859310963
MJXL0_SI1172,-0.32484899191747335
MJXL0_SI1795,-0.3646281727573328
MJXL0_SI542,-0.35132679469148875
MJXL0_SX182,-0.32465078062930347
MJXL0_SX272,-0.2696936471121652
MJXL0_SX362,-0.30849093482607887
MJXL0_SX452,-0.2943066089184253
MJXL0_SX92,-0.32497745955071483
MKAG0_SI1609,-0.30828715924332317
MKAG0_SI2239,-0.3068646316211748
MKAG0_SI979,-0.3383794918751666
MKAG0_SX169,-0.36979784284319195
MKAG0_SX259,-0.3318925899137218
MKAG0_SX30,-0.3001285862278294
MKAG0_SX439,-0.3017631509744103
MKAG0_SX79,-0.4012415822347005
MKAH0_SI1528,-0.37096381269936746
MKAH0_SI2158,-0.3824365601059078
MKAH0_SI898,-0.3596826432805965
MKAH0_SX178,-0.30383087306707157
MKAH0_SX268,-0.34406659617927504
MKAH0_SX358,-0.24865057974150687
MKAH0_SX448,-0.27365032140759454
MKAH0_SX88,-0.3300199720594618
MKAJ0_SI1414,-0.39991626542868075
MKAJ0_SI2044,-0.32455298365378865
MKAJ0_SI784,-0.35871219986919106
MKAJ0_SX154,-0.37497948700526973
MKAJ0_SX244,-0.2967129816774462
MKAJ0_SX334,-0.3605637213196417
MKAJ0_SX424,-0.33446673957669004
MKAJ0_SX64,-0.339259170459218
MKAM0_SI1250,-0.33794880999519505
MKAM0_SI1316,-0.39364448573946537
MKAM0_SI1465,-0.3204953340673635
MKAM0_SX146,-0.3110874545189642
MKAM0_SX236,-0.3639581741825227
MKAM0_SX326,-0.3073327095277848
MKAM0_SX416,-0.3364302990483303
MKAM0_SX56,-0.3925025319884607
MKDB0_SI2132,-0.27968214768629807
MKDB0_SI588,-0.3177012393349095
MKDB0_SI872,-0.31358734233267355
MKDB0_SX152,-0.3118709930001873
MKDB0_SX242,-0.2728766180147791
MKDB0_SX332,-0.32872965941234816
MKDB0_SX422,-0.3215208692780768
MKDB0_SX62,-0.36457181937528615
MKDD0_SI1567,-0.30578362627280986
MKDD0_SI2197,-0.31234737781996136
MKDD0_SI937,-0.35088111358938867
MKDD0_SX127,-0.35475801384967304
MKDD0_SX217,-0.28566685966823413
MKDD0_SX307,-0.271259441710355
MKDD0_SX37,-0.30791840729890047
MKDD0_SX397,-0.2979600750032018
MKDT0_SI2153,-0.2805972900390625
MKDT0_SI814,-0.35397270133903436
MKDT0_SI893,-0.27165801582467514
MKDT0_SX173,-0.331562733087014
MKDT0_SX263,-0.26821033771221453
MKDT0_SX353,-0.2427691755623653
MKDT0_SX443,-0.3607803491445688
MKDT0_SX83,-0.35474433752768797
MKES0_SI1253,-0.3134709358215332
MKES0_SI1883,-0.3044460827284285
MKES0_SI623,-0.3178091026214232
MKES0_SX173,-0.33568701188415695
MKES0_SX263,-0.33822910121229827
MKES0_SX353,-0.27088790266481166
MKES0_SX443,-0.2993655273879784
MKES0_SX83,-0.29647748223666487
MKJO0_SI1517,-0.28835977826799664
MKJO0_SI2147,-0.336247071765718
MKJO0_SI887,-0.37966379375965426
MKJO0_SX167,-0.3556559880574544
MKJO0_SX257,-0.37961130363996637
MKJO0_SX424,-0.2484497554718502
MKJO0_SX437,-0.2971146605735601
MKJO0_SX77,-0.34387803689027446
MKLN0_SI1598,-0.320496640725825
MKLN0_SI2228,-0.31583481843250966
MKLN0_SI968,-0.3323275651881304
MKLN0_SX158,-0.3035558609735398
MKLN0_SX248,-0.3064678955078125
MKLN0_SX338,-0.27899585655349457
MKLN0_SX428,-0.33676490557969674
MKLN0_SX68,-0.31521911029667815
MKLR0_SI1059,-0.2855529008627545
MKLR0_SI1689,-0.32729786464146204
MKLR0_SI2319,-0.3894584206973805
MKLR0_SX159,-0.24730230357548963
MKLR0_SX249,-0.29499208290158335
MKLR0_SX339,-0.31712166159069494
MKLR0_SX429,-0.39668401588956675
MKLR0_SX69,-0.31905157185714067
MKLS0_SI1437,-0.27388604312019554
MKLS0_SI1533,-0.3309550060651689
MKLS0_SI2067,-0.2953690582851194
MKLS0_SX177,-0.33580554529951123
MKLS0_SX267,-0.35229063799037014
MKLS0_SX357,-0.275958251953125
MKLS0_SX447,-0.2631276637648118
MKLS0_SX87,-0.3340506499668337
MKLS1_SI1545,-0.30073884862977024
MKLS1_SI2175,-0.31553315694353223
MKLS1_SI915,-0.36904955448469245
MKLS1_SX105,-0.29293698026933745
MKLS1_SX15,-0.3439879367920767
MKLS1_SX195,-0.2676491250797194
MKLS1_SX285,-0.3458720218797444
MKLS1_SX375,-0.312454438882188
MKLW0_SI1571,-0.2541105928476791
MKLW0_SI1844,-0.28681825336657074
MKLW0_SI2201,-0.250084085667387
MKLW0_SX131,-0.31266647039675244
MKLW0_SX221,-0.3392885189491297
MKLW0_SX311,-0.3010239310886549
MKLW0_SX401,-0.3013950951573022
MKLW0_SX41,-0.39621219358582427
MKRG0_SI1491,-0.38727656547269673
MKRG0_SI2121,-0.36150262401279376
MKRG0_SI861,-0.3147425047108825
MKRG0_SX141,-0.3557807634461601
MKRG0_SX231,-0.45395403710481164
MKRG0_SX31,-0.41978206190952033
MKRG0_SX411,-0.3233157781165416
MKRG0_SX51,-0.37963097754945146
MKXL0_SI1185,-0.2920152617663872
MKXL0_SI1815,-0.35504716553839083
MKXL0_SI1958,-0.31763581668629365
MKXL0_SX105,-0.3594803252777496
MKXL0_SX15,-0.3152664417528924
MKXL0_SX195,-0.3459338563861269
MKXL0_SX285,-0.32904062311020854
MKXL0_SX375,-0.3276342720820986
MLBC0_SI1239,-0.30796144983451357
MLBC0_SI1869,-0.3391844676091121
MLBC0_SI609,-0.37162085024186364
MLBC0_SX159,-0.36199718972911005
MLBC0_SX249,-0.36540338057505933
MLBC0_SX339,-0.3335559144312022
MLBC0_SX429,-0.348559502841664
MLBC0_SX69,-0.3338129128982772
MLEL0_SI1246,-0.27086110680298964
MLEL0_SI1876,-0.29161747714929415
MLEL0_SI616,-0.3751415082603503
MLEL0_SX166,-0.35558328067555145
MLEL0_SX256,-0.2536576900427211
MLEL0_SX346,-0.34205255000548956
MLEL0_SX436,-0.33268176886262796
MLEL0_SX76,-0.3167504837263876
MLJC0_SI1225,-0.30764502066153065
MLJC0_SI1855,-0.291357371271873
MLJC0_SI595,-0.33365502579665096
MLJC0_SX145,-0.3611945327447385
MLJC0_SX235,-0.3339740300582627
MLJC0_SX325,-0.3756023144903984
MLJC0_SX415,-0.383551675302011
MLJC0_SX55,-0.3456254464608652
MLJH0_SI1324,-0.22455117554791207
MLJH0_SI1422,-0.2932413138595282
MLJH0_SI694,-0.26898890469981507
MLJH0_SX154,-0.2777746609690686
MLJH0_SX244,-0.3105060494263582
MLJH0_SX334,-0.31363392814261015
MLJH0_SX424,-0.2540575663248698
MLJH0_SX64,-0.35524174424468496
MLNS0_SI1407,-0.33525058079193526
MLNS0_SI2037,-0.3840371035457997
MLNS0_SI777,-0.2951557543850684
MLNS0_SX147,-0.3808489461098948
MLNS0_SX237,-0.2783676340610166
MLNS0_SX327,-0.3839460870494013
MLNS0_SX417,-0.31797350983121503
MLNS0_SX57,-0.3127460645592731
MLSH0_SI1417,-0.3716358310180091
MLSH0_SI2047,-0.30767001485996726
MLSH0_SI787,-0.28995736553151413
MLSH0_SX157,-0.3279779306042336
MLSH0_SX247,-0.3444245861422631
MLSH0_SX337,-0.31449502067169927
MLSH0_SX427,-0.33688297744624873
MLSH0_SX67,-0.3018126949187248
MMAA0_SI1588,-0.26917035849109644
MMAA0_SI2105,-0.3143700493706597
MMAA0_SI845,-0.3921016254256257
MMAA0_SX125,-0.3097288949148996
MMAA0_SX215,-0.3017318533651484
MMAA0_SX305,-0.2825227784940781
MMAA0_SX35,-0.36385452648824895
MMAA0_SX395,-0.3402078031289457
MMAB1_SI1494,-0.33288657037835373
MMAB1_SI2124,-0.2883464765746564
MMAB1_SI864,-0.3688839416503906
MMAB1_SX144,-0.3218122288800668
MMAB1_SX234,-0.32941246032714844
MMAB1_SX324,-0.3620569071638475
MMAB1_SX414,-0.3159641253195728
MMAB1_SX54,-0.3429274467572774
MMAG0_SI1126,-0.3294830089662133
MMAG0_SI1756,-0.3184291146018288
MMAG0_SI496,-0.32694628449524343
MMAG0_SX136,-0.4248030329325113
MMAG0_SX226,-0.3242322237063677
MMAG0_SX316,-0.2652660444671032
MMAG0_SX406,-0.2758651025516471
MMAG0_SX46,-0.3272442016601563
MMAM0_SI1597,-0.3334744633855046
MMAM0_SI1668,-0.31545445690416307
MMAM0_SI2227,-0.38220082333213407
MMAM0_SX157,-0.38080993963747606
MMAM0_SX247,-0.38046407839419905
MMAM0_SX337,-0.367761386661079
MMAM0_SX427,-0.32605015681340144
MMAM0_SX67,-0.3337469632508325
MMAR0_SI1336,-0.317777754518283
MMAR0_SI1966,-0.28683929443359374
MMAR0_SI706,-0.17863762749565973
MMAR0_SX166,-0.2634265102557282
MMAR0_SX256,-0.21672031947544643
MMAR0_SX346,-0.31270592613557796
MMAR0_SX436,-0.3120298755261325
MMAR0_SX76,-0.34032395432115264
MMBS0_SI1151,-0.32922280712045116
MMBS0_SI1781,-0.24807190776464358
MMBS0_SI521,-0.3363299560546875
MMBS0_SX161,-0.3364350224884463
MMBS0_SX251,-0.3491988353240184
MMBS0_SX341,-0.2945858128481401
MMBS0_SX431,-0.3300355905851629
MMBS0_SX71,-0.3249356037861592
MMCC0_SI1338,-0.27512638909476145
MMCC0_SI1968,-0.3852659634181431
MMCC0_SI708,-0.29949209757359424
MMCC0_SX168,-0.3717237844975037
MMCC0_SX258,-0.3235672217413837
MMCC0_SX348,-0.2707390261686874
MMCC0_SX438,-0.3202114546513496
MMCC0_SX78,-0.2843442794379838
MMDB0_SI1358,-0.37424274519378065
MMDB0_SI1617,-0.3035833624344838
MMDB0_SI987,-0.346700283283359
MMDB0_SX177,-0.3712106227874756
MMDB0_SX267,-0.28585100649203177
MMDB0_SX357,-0.2670732000071532
MMDB0_SX447,-0.3172809540913367
MMDB0_SX87,-0.3071316805752841
MMDG0_SI1780,-0.3554989207874645
MMDG0_SI2035,-0.3063513714334239
MMDG0_SI520,-0.3102730274200439
MMDG0_SX160,-0.34395807787290494
MMDG0_SX250,-0.3625971037766029
MMDG0_SX340,-0.31095338709214154
MMDG0_SX430,-0.34350674786145174
MMDG0_SX70,-0.3494116403524158
MMDM0_SI1311,-0.3216804405311485
MMDM0_SI1941,-0.3111951040185016
MMDM0_SI681,-0.2975300819643082
MMDM0_SX141,-0.36398772221461984
MMDM0_SX231,-0.21654422283172609
MMDM0_SX321,-0.32568033625570575
MMDM0_SX411,-0.28377919893893266
MMDM0_SX51,-0.3470687042894981
MMDM1_SI1650,-0.18777526939771452
MMDM1_SI2043,-0.34101966119581656
MMDM1_SI783,-0.33280381422776445
MMDM1_SX153,-0.27031814375298513
MMDM1_SX243,-0.37593821071138317
MMDM1_SX333,-0.2935292938609182
MMDM1_SX423,-0.31892029869365185
MMDM1_SX63,-0.33162421901730726
MMDS0_SI1343,-0.3352862216056661
MMDS0_SI1973,-0.3868694446705006
MMDS0_SI713,-0.38251929649939903
MMDS0_SX173,-0.3787356730687578
MMDS0_SX263,-0.33693911365627016
MMDS0_SX353,-0.3497886657714844
MMDS0_SX443,-0.40446329319730717
MMDS0_SX83,-0.3362090264865925
MMEA0_SI1388,-0.3501096146830012
MMEA0_SI2018,-0.2862253092756175
MMEA0_SI758,-0.3389615036371186
MMEA0_SX128,-0.2908293904247372
MMEA0_SX218,-0.3297448990192819
MMEA0_SX308,-0.3269831759870545
MMEA0_SX38,-0.35219996525691105
MMEA0_SX398,-0.3999899303009364
MMEB0_SI1357,-0.3237834013709726
MMEB0_SI1987,-0.35475644198330963
MMEB0_SI727,-0.28828385402339163
MMEB0_SX187,-0.33201504825206285
MMEB0_SX327,-0.34618805760172155
MMEB0_SX367,-0.33994299104314973
MMEB0_SX7,-0.32733058100161344
MMEB0_SX97,-0.2693421198433176
MMGC0_SI1305,-0.3726182187338011
MMGC0_SI1935,-0.28944758850282054
MMGC0_SI2184,-0.3250573614369268
MMGC0_SX135,-0.38145425133671323
MMGC0_SX225,-0.3465166537561149
MMGC0_SX315,-0.29161053233676487
MMGC0_SX405,-0.3449186933801529
MMGC0_SX45,-0.35574857271634613
MMGG0_SI1079,-0.3632921396780945
MMGG0_SI1709,-0.2536313498892435
MMGG0_SI2339,-0.30747810032056727
MMGG0_SX179,-0.37592671712239584
MMGG0_SX269,-0.3247949509393601
MMGG0_SX359,-0.30764181889836795
MMGG0_SX449,-0.2807673064755722
MMGG0_SX89,-0.3164454403086605
MMGK0_SI1322,-0.37839414959862117
MMGK0_SI1952,-0.38272798739797703
MMGK0_SI692,-0.3248210570972818
MMGK0_SX152,-0.36923466002541866
MMGK0_SX242,-0.3190111876612875
MMGK0_SX332,-0.3447373144737276
MMGK0_SX422,-0.3493156818428425
MMGK0_SX62,-0.4048947359608338
MMJB1_SI1408,-0.34865529513438276
MMJB1_SI2038,-0.30246564579849017
MMJB1_SI778,-0.32268090341605393
MMJB1_SX148,-0.38478504792424556
MMJB1_SX238,-0.26316466604828076
MMJB1_SX328,-0.31696379586551965
MMJB1_SX418,-0.32124704389429803
MMJB1_SX58,-0.3117477168207583
MMLM0_SI1527,-0.35828978220621743
MMLM0_SI2150,-0.3467998098819814
MMLM0_SI897,-0.4086357486405562
MMLM0_SX177,-0.32567477712825854
MMLM0_SX267,-0.40296537112566383
MMLM0_SX357,-0.3307125720913563
MMLM0_SX447,-0.3114261805454147
MMLM0_SX87,-0.32543057408826104
MMPM0_SI1061,-0.3309028684630875
MMPM0_SI1691,-0.40047997132410984
MMPM0_SI2321,-0.3721002851213728
MMPM0_SX161,-0.3795947889341925
MMPM0_SX251,-0.34957866400060517
MMPM0_SX341,-0.3430575474052672
MMPM0_SX431,-0.29884763864370495
MMPM0_SX71,-0.3455260736256959
MMRP0_SI2034,-0.23411491147933466
MMRP0_SI717,-0.26395357572115385
MMRP0_SI774,-0.3131224186850824
MMRP0_SX144,-0.2669624934120784
MMRP0_SX234,-0.2878647512094134
MMRP0_SX324,-0.35420867256496263
MMRP0_SX414,-0.33319578731761257
MMRP0_SX54,-0.3358317585734578
MMSM0_SI1106,-0.2886622183148179
MMSM0_SI1736,-0.29113815595518866
MMSM0_SI476,-0.31602670512068165
MMSM0_SX116,-0.30369074998703677
MMSM0_SX206,-0.35835216045379636
MMSM0_SX26,-0.24954991780043462
MMSM0_SX296,-0.3508890626929965
MMSM0_SX386,-0.33337790413298823
MMVP0_SI1284,-0.3211423495089966
MMVP0_SI1914,-0.32278811806126645
MMVP0_SI654,-0.3727212401248949
MMVP0_SX114,-0.35842750303206905
MMVP0_SX204,-0.3558814236862024
MMVP0_SX294,-0.32446693127994336
MMVP0_SX347,-0.3527933436619661
MMVP0_SX384,-0.333121880646249
MMWB0_SI1619,-0.2449584210505251
MMWB0_SI2249,-0.32278559358197134
MMWB0_SI989,-0.24490562887752756
MMWB0_SX179,-0.34816204327993444
MMWB0_SX269,-0.31186025650774846
MMWB0_SX359,-0.28363672061163875
MMWB0_SX449,-0.30927023401487935
MMWB0_SX89,-0.2902447880266574
MMWS0_SI1518,-0.4200944353820412
MMWS0_SI559,-0.31680805838886816
MMWS0_SI888,-0.4226004690934394
MMWS0_SX168,-0.41073233680387516
MMWS0_SX258,-0.38268967925525105
MMWS0_SX348,-0.3617730732836755
MMWS0_SX438,-0.39649940142171636
MMWS0_SX78,-0.4008087718158687
MMWS1_SI1071,-0.29227373948110363
MMWS1_SI1701,-0.3356255145112345
MMWS1_SI2331,-0.4056268752430359
MMWS1_SX261,-0.25789618113684276
MMWS1_SX27,-0.2962548689408736
MMWS1_SX351,-0.32658460302260317
MMWS1_SX441,-0.31867632283344527
MMWS1_SX81,-0.3443105338823677
MMXS0_SI2136,-0.31801379684114106
MMXS0_SI629,-0.33955847335188355
MMXS0_SI876,-0.24510624962395403
MMXS0_SX156,-0.3643879754202706
MMXS0_SX246,-0.3429836697048611
MMXS0_SX336,-0.34723503823844853
MMXS0_SX426,-0.27842808054454293
MMXS0_SX66,-0.32886353826724024
MNET0_SI1446,-0.38401576450892855
MNET0_SI2076,-0.39598032323325555
MNET0_SI816,-0.3587309340356101
MNET0_SX186,-0.32587714667792794
MNET0_SX276,-0.3439107281821115
MNET0_SX366,-0.3806458417107077
MNET0_SX6,-0.3137601769488791
MNET0_SX96,-0.34636910639125923
MNTW0_SI1068,-0.3265371663871234
MNTW0_SI1698,-0.28204507123448413
MNTW0_SI2328,-0.23649006220646676
MNTW0_SX168,-0.31007372156233237
MNTW0_SX202,-0.3263113569505144
MNTW0_SX258,-0.31035997675753185
MNTW0_SX348,-0.32802788505341085
MNTW0_SX78,-0.31108473323807945
MPAR0_SI1576,-0.3437773431097711
MPAR0_SI2206,-0.3492823891017748
MPAR0_SI946,-0.3057134079830841
MPAR0_SX136,-0.37884769883266717
MPAR0_SX226,-0.420832522002309
MPAR0_SX316,-0.3110826474810959
MPAR0_SX406,-0.3537842149388279
MPAR0_SX46,-0.3795228511729139
MPEB0_SI1034,-0.34998904334174263
MPEB0_SI1860,-0.3182291170445884
MPEB0_SI600,-0.3746139307341507
MPEB0_SX150,-0.330213385687934
MPEB0_SX240,-0.33919647449755486
MPEB0_SX330,-0.3368054014263731
MPEB0_SX420,-0.3708222854969113
MPEB0_SX60,-0.3886548919205326
MPFU0_SI1258,-0.36314261032759776
MPFU0_SI1888,-0.40197703712864924
MPFU0_SI628,-0.33000847907481845
MPFU0_SX178,-0.3725170705510282
MPFU0_SX268,-0.3430972393648124
MPFU0_SX358,-0.3597853020970601
MPFU0_SX448,-0.21168526248062583
MPFU0_SX88,-0.3370385644031547
MPGH0_SI1554,-0.29651114112972593
MPGH0_SI675,-0.30631522852517573
MPGH0_SI924,-0.3377593930296319
MPGH0_SX114,-0.3502494745087205
MPGH0_SX204,-0.36955587181127125
MPGH0_SX24,-0.2094430220754523
MPGH0_SX294,-0.3442185500572468
MPGH0_SX384,-0.24704744292468558
MPGR0_SI1410,-0.3837113847919539
MPGR0_SI2040,-0.2747133920883991
MPGR0_SI780,-0.30794341104072437
MPGR0_SX150,-0.3534636638573641
MPGR0_SX240,-0.35672168877288585
MPGR0_SX330,-0.32489119425858604
MPGR0_SX420,-0.3616634048420562
MPGR0_SX60,-0.3473413888510172
MPGR1_SI1269,-0.25538771333750226
MPGR1_SI1499,-0.37457175332991804
MPGR1_SI2129,-0.3927608724105229
MPGR1_SX149,-0.3823402600410657
MPGR1_SX239,-0.3282798047335643
MPGR1_SX329,-0.34790694812112605
MPGR1_SX419,-0.31443939208984373
MPGR1_SX59,-0.35694114021632983
MPMB0_SI1501,-0.18111793970751175
MPMB0_SI2131,-0.23413347902551163
MPMB0_SI871,-0.21211740462506404
MPMB0_SX151,-0.2995950574072722
MPMB0_SX241,-0.29366927739431165
MPMB0_SX331,-0.26125826410284625
MPMB0_SX421,-0.2625324577344409
MPMB0_SX61,-0.2925958869871029
MPPC0_SI1412,-0.3181722067235931
MPPC0_SI2042,-0.30049198429758955
MPPC0_SI782,-0.4051006151282269
MPPC0_SX152,-0.3738221248307551
MPPC0_SX242,-0.2888581671682345
MPPC0_SX332,-0.2982316521654357
MPPC0_SX422,-0.34537348335171925
MPPC0_SX62,-0.3313612839271282
MPRB0_SI1205,-0.35308600091314934
MPRB0_SI1215,-0.29762046281681503
MPRB0_SI575,-0.33992209502490134
MPRB0_SX125,-0.3608526800670763
MPRB0_SX215,-0.3008387325374225
MPRB0_SX305,-0.23753844111798758
MPRB0_SX35,-0.33682547209463715
MPRB0_SX395,-0.37079248428344724
MPRD0_SI1431,-0.28590740935172443
MPRD0_SI2061,-0.23631033736668275
MPRD0_SI801,-0.29008811257102274
MPRD0_SX171,-0.3204776619484271
MPRD0_SX261,-0.2911560612340127
MPRD0_SX351,-0.3306999102600264
MPRD0_SX441,-0.30642436927473043
MPRD0_SX81,-0.328187531115962
MPRK0_SI1097,-0.323960444132487
MPRK0_SI1727,-0.24895207684739193
MPRK0_SI467,-0.32083445957728796
MPRK0_SX107,-0.32581674062532445
MPRK0_SX17,-0.19790995779213
MPRK0_SX197,-0.30996592595027045
MPRK0_SX287,-0.27292735652410605
MPRK0_SX377,-0.3811937298691064
MPRT0_SI1210,-0.33405272814692283
MPRT0_SI495,-0.2885752611382063
MPRT0_SI580,-0.30061241534116456
MPRT0_SX130,-0.3245276345147027
MPRT0_SX220,-0.34051440356372
MPRT0_SX310,-0.3108621580987914
MPRT0_SX40,-0.3543174823402112
MPRT0_SX400,-0.31429475919970906
MPSW0_SI1067,-0.374029953592325
MPSW0_SI1697,-0.39925494863967265
MPSW0_SI2327,-0.30737680628679803
MPSW0_SX167,-0.3573830944444069
MPSW0_SX24,-0.34373467901478644
MPSW0_SX257,-0.27578595605227024
MPSW0_SX437,-0.340048342845479
MPSW0_SX77,-0.40511926790563074
MRAB0_SI1224,-0.38366043469137395
MRAB0_SI1854,-0.378373725391994
MRAB0_SI594,-0.3051640364924088
MRAB0_SX144,-0.3337750510563926
MRAB0_SX234,-0.3362046120383523
MRAB0_SX324,-0.3863205270668895
MRAB0_SX414,-0.3012903849283854
MRAB0_SX54,-0.3421857772334929
MRAB1_SI1478,-0.37190968695292903
MRAB1_SI2108,-0.32813088634933874
MRAB1_SI848,-0.366617119021532
MRAB1_SX128,-0.3086468542046227
MRAB1_SX218,-0.36137781778971356
MRAB1_SX308,-0.3005696662566947
MRAB1_SX38,-0.3370433341551929
MRAB1_SX398,-0.37240280249179936
MRAI0_SI1954,-0.3108620514740815
MRAI0_SI2052,-0.3512183714448736
MRAI0_SI792,-0.2702687372926806
MRAI0_SX162,-0.30054097297864085
MRAI0_SX252,-0.3444135445522597
MRAI0_SX342,-0.31741008009435184
MRAI0_SX432,-0.31394155401932566
MRAI0_SX72,-0.3258851340453549
MRAM0_SI1275,-0.31540321471199156
MRAM0_SI1905,-0.2799727828414352
MRAM0_SI1951,-0.3556096548270737
MRAM0_SX105,-0.28378188263825854
MRAM0_SX15,-0.2615389108657837
MRAM0_SX195,-0.2769288727731416
MRAM0_SX285,-0.3104736435581261
MRAM0_SX375,-0.31694636767423606
MRAV0_SI1008,-0.3413140371944127
MRAV0_SI1638,-0.41554700231259584
MRAV0_SI2268,-0.365335444400185
MRAV0_SX108,-0.34563469980277267
MRAV0_SX18,-0.35372995697291554
MRAV0_SX198,-0.39532948811848956
MRAV0_SX288,-0.37386749812534875
MRAV0_SX378,-0.36551769284436303
MRBC0_SI1665,-0.31088843227418
MRBC0_SI1859,-0.27418281987028303
MRBC0_SI599,-0.30133581646418167
MRBC0_SX149,-0.3245695899514591
MRBC0_SX239,-0.33891830701217907
MRBC0_SX329,-0.34193518853956656
MRBC0_SX419,-0.3113939823248448
MRBC0_SX59,-0.3106631297691196
MRCG0_SI1428,-0.33398555119832357
MRCG0_SI2058,-0.24585235480106238
MRCG0_SI798,-0.263409884855709
MRCG0_SX168,-0.2734483325754413
MRCG0_SX258,-0.31928084344089197
MRCG0_SX348,-0.30700664802137856
MRCG0_SX438,-0.3240928483321677
MRCG0_SX78,-0.28981758891672327
MRCW0_SI1371,-0.30360589619555506
MRCW0_SI2001,-0.3269599216436249
MRCW0_SI741,-0.3532166093795316
MRCW0_SX111,-0.33607653613504207
MRCW0_SX201,-0.34166887380780964
MRCW0_SX21,-0.33357087535971014
MRCW0_SX291,-0.3155977906299238
MRCW0_SX381,-0.3995174599564783
MRDD0_SI1050,-0.41966562052719464
MRDD0_SI1680,-0.30628376536899143
MRDD0_SI2310,-0.2896865414034936
MRDD0_SX150,-0.3599110794067383
MRDD0_SX240,-0.4013409423828125
MRDD0_SX277,-0.35900271945529516
MRDD0_SX330,-0.3602563165555334
MRDD0_SX60,-0.43056024741550225
MRDM0_SI1044,-0.3472063712526166
MRDM0_SI1595,-0.3454793701171875
MRDM0_SI965,-0.3515580565064818
MRDM0_SX155,-0.3325182673442795
MRDM0_SX245,-0.30855679321289065
MRDM0_SX335,-0.3321892632378472
MRDM0_SX425,-0.33481289389354935
MRDM0_SX65,-0.3723234158117794
MRDS0_SI1167,-0.41506698105361434
MRDS0_SI1797,-0.298927729679988
MRDS0_SI537,-0.40515325877292097
MRDS0_SX177,-0.252749760945638
MRDS0_SX267,-0.3299531624987235
MRDS0_SX357,-0.30235491924404356
MRDS0_SX447,-0.27417708940035557
MRDS0_SX87,-0.33544897035110827
MREE0_SI1104,-0.3279404221919545
MREE0_SI1734,-0.2964454933449074
MREE0_SI1959,-0.3171648454437986
MREE0_SX114,-0.35892798683860083
MREE0_SX204,-0.3292263936439841
MREE0_SX24,-0.25032920837402345
MREE0_SX294,-0.3027288552486535
MREE0_SX384,-0.2971364315425124
MREH1_SI1599,-0.3026155377378558
MREH1_SI2229,-0.26668785217611546
MREH1_SI969,-0.3283583407610146
MREH1_SX159,-0.3082586834180794
MREH1_SX249,-0.4172981694059552
MREH1_SX339,-0.2890956202478313
MREH1_SX429,-0.352225052682977
MREH1_SX69,-0.2723016216706817
MREM0_SI1591,-0.34928907242613266
MREM0_SI511,-0.3481335421220972
MREM0_SI961,-0.3956074061730096
MREM0_SX151,-0.4191535485757364
MREM0_SX241,-0.36593737380917063
MREM0_SX331,-0.35368393333094894
MREM0_SX421,-0.32840848802686573
MREM0_SX61,-0.32358498148398823
MREW1_SI1500,-0.3888838934519934
MREW1_SI2130,-0.29098193336079137
MREW1_SI870,-0.33451633340508274
MREW1_SX150,-0.3594057538868052
MREW1_SX240,-0.40882105279051884
MREW1_SX330,-0.2916998308758403
MREW1_SX420,-0.3634532170055174
MREW1_SX60,-0.34146045286263993
MRFK0_SI1076,-0.2974108691629209
MRFK0_SI1706,-0.3727626928547085
MRFK0_SI2336,-0.34081148420061386
MRFK0_SX176,-0.3362559200672621
MRFK0_SX266,-0.3486934517914394
MRFK0_SX356,-0.3090812816954496
MRFK0_SX446,-0.3061144703412911
MRFK0_SX86,-0.2953610463185353
MRFL0_SI1156,-0.37944664083501345
MRFL0_SI1786,-0.28776402044070276
MRFL0_SI526,-0.35798265410632624
MRFL0_SX166,-0.36083589313715486
MRFL0_SX256,-0.311703598290159
MRFL0_SX346,-0.33484919527743723
MRFL0_SX436,-0.3695475599500868
MRFL0_SX76,-0.405900817679761
MRGM0_SI1162,-0.32566242985681115
MRGM0_SI1792,-0.28258158779402737
MRGM0_SI532,-0.3093769280980322
MRGM0_SX172,-0.3118511068409887
MRGM0_SX262,-0.29302011263572564
MRGM0_SX416,-0.26283042312513855
MRGM0_SX442,-0.22245055035129907
MRGM0_SX82,-0.3097523919467268
MRGS0_SI1356,-0.3822910983933569
MRGS0_SI1986,-0.36049236894464814
MRGS0_SI726,-0.2965300398874501
MRGS0_SX186,-0.26074485512046547
MRGS0_SX276,-0.3366773527351011
MRGS0_SX366,-0.3841982906811858
MRGS0_SX6,-0.19683447867765555
MRGS0_SX96,-0.30302193624931467
MRHL0_SI1515,-0.3446757592887522
MRHL0_SI2145,-0.32919492625226876
MRHL0_SI885,-0.3365973940320835
MRHL0_SX165,-0.33275599494530034
MRHL0_SX255,-0.2907770990809321
MRHL0_SX345,-0.3115058057890164
MRHL0_SX435,-0.3630302495159402
MRHL0_SX75,-0.2991869481979991
MRJB1_SI1020,-0.2862717779898046
MRJB1_SI1413,-0.33752016891301373
MRJB1_SI2021,-0.31795776496499273
MRJB1_SX120,-0.33014073865167026
MRJB1_SX210,-0.29526117764986476
MRJB1_SX30,-0.31264691191594957
MRJB1_SX300,-0.3183448370986097
MRJB1_SX390,-0.2930434800251039
MRJH0_SI1519,-0.2865483558784097
MRJH0_SI889,-0.3105631254504062
MRJH0_SI914,-0.3154439971777811
MRJH0_SX169,-0.2823593238946414
MRJH0_SX259,-0.28385230070035133
MRJH0_SX307,-0.2865877528648592
MRJH0_SX439,-0.3270479999011076
MRJH0_SX79,-0.2980446384377676
MRJM0_SI1095,-0.3145551948903877
MRJM0_SI1228,-0.39176442176630133
MRJM0_SI1858,-0.34801448475230823
MRJM0_SX148,-0.3667147471289753
MRJM0_SX238,-0.3797069224276284
MRJM0_SX328,-0.36551933068071485
MRJM0_SX418,-0.3679852733553732
MRJM0_SX58,-0.36000894762806057
MRJM1_SI1298,-0.3554034000190794
MRJM1_SI1928,-0.26630756590101456
MRJM1_SI668,-0.32139074345498964
MRJM1_SX128,-0.25347047888714336
MRJM1_SX218,-0.33634244478665865
MRJM1_SX308,-0.28302057105374623
MRJM1_SX38,-0.32726374021004206
MRJM1_SX398,-0.3087593212462308
MRJT0_SI1498,-0.3438966937013482
MRJT0_SI1805,-0.2954665054509669
MRJT0_SI868,-0.36136884994158464
MRJT0_SX148,-0.3953531668888583
MRJT0_SX238,-0.3525681426559669
MRJT0_SX328,-0.3766621793254038
MRJT0_SX418,-0.40337334835168087
MRJT0_SX58,-0.35318990273050743
MRKM0_SI1267,-0.3133821529438842
MRKM0_SI1391,-0.2984048516087278
MRKM0_SI637,-0.30282538813083254
MRKM0_SX187,-0.24459393565873225
MRKM0_SX277,-0.27590725663779436
MRKM0_SX367,-0.2712743174490617
MRKM0_SX7,-0.2831787835984003
MRKM0_SX97,-0.33148190605080946
MRLD0_SI1594,-0.2692900937438387
MRLD0_SI2224,-0.3101814235497384
MRLD0_SI964,-0.3927855173746745
MRLD0_SX154,-0.2785569756431917
MRLD0_SX244,-0.38487642110600645
MRLD0_SX334,-0.39594827314312947
MRLD0_SX424,-0.28460818574628755
MRLD0_SX64,-0.36437714774653596
MRLJ0_SI1420,-0.2821249749250473
MRLJ0_SI2050,-0.2575399610731337
MRLJ0_SI790,-0.33309780594206206
MRLJ0_SX160,-0.3311734140655141
MRLJ0_SX250,-0.38230711514832544
MRLJ0_SX340,-0.3858671702784621
MRLJ0_SX430,-0.335366187737002
MRLJ0_SX70,-0.2155610108986879
MRLJ1_SI1671,-0.3284771922620362
MRLJ1_SI2301,-0.358461070833658
MRLJ1_SI2332,-0.26067414221825536
MRLJ1_SX141,-0.4695553700393221
MRLJ1_SX231,-0.27130162399427027
MRLJ1_SX321,-0.27982791264851886
MRLJ1_SX411,-0.35962942493704214
MRLJ1_SX51,-0.36372929182736685
MRLK0_SI1468,-0.3363731567116864
MRLK0_SI2140,-0.39638896824158343
MRLK0_SI843,-0.31709624214406396
MRLK0_SX123,-0.31877372434633805
MRLK0_SX213,-0.3575314476376488
MRLK0_SX303,-0.4194591433502907
MRLK0_SX33,-0.39550014624849034
MRLK0_SX393,-0.4082338108735926
MRLR0_SI1196,-0.37281704823905176
MRLR0_SI1826,-0.3652681292909564
MRLR0_SI566,-0.37206770676832934
MRLR0_SX116,-0.2592064993722098
MRLR0_SX206,-0.3135172996991946
MRLR0_SX26,-0.29713702696487615
MRLR0_SX296,-0.3321412917106382
MRLR0_SX386,-0.34933673210863797
MRMB0_SI1581,-0.3579905249855735
MRMB0_SI2211,-0.35009723858241615
MRMB0_SI951,-0.25231626713076116
MRMB0_SX141,-0.38364887525667957
MRMB0_SX231,-0.17966153248246894
MRMB0_SX321,-0.29199674734221254
MRMB0_SX411,-0.29974835758009855
MRMB0_SX51,-0.34511886774797845
MRMG0_SI1080,-0.3349560753773835
MRMG0_SI1710,-0.3338791843735691
MRMG0_SI2340,-0.3703487061238491
MRMG0_SX180,-0.35671236789184996
MRMG0_SX270,-0.29485898250051207
MRMG0_SX360,-0.3735301871048777
MRMG0_SX450,-0.3204061720106337
MRMG0_SX90,-0.32173411051432294
MRMH0_SI1021,-0.35795292955763797
MRMH0_SI1349,-0.36625695866059493
MRMH0_SI2281,-0.3088050587972005
MRMH0_SX121,-0.3649515898331352
MRMH0_SX211,-0.35192135730421686
MRMH0_SX301,-0.36408244426174635
MRMH0_SX31,-0.34848641760555316
MRMH0_SX391,-0.3488646549965019
MRML0_SI1421,-0.32774656112879924
MRML0_SI2051,-0.3355034653858472
MRML0_SI791,-0.4090178938936596
MRML0_SX161,-0.3465462549561595
MRML0_SX251,-0.3600014134457237
MRML0_SX341,-0.3440385592185845
MRML0_SX431,-0.3441073380781142
MRML0_SX71,-0.3733554305781759
MRMS0_SI1113,-0.3625277773872096
MRMS0_SI2057,-0.29269821484149466
MRMS0_SI2100,-0.29551818453032397
MRMS0_SX120,-0.29034236220062754
MRMS0_SX210,-0.32269672451890663
MRMS0_SX30,-0.3481499315744423
MRMS0_SX300,-0.28653564819922817
MRMS0_SX390,-0.31290890060308324
MRPC1_SI1482,-0.32761437049278846
MRPC1_SI2026,-0.24969475690056295
MRPC1_SI2112,-0.333491343372273
MRPC1_SX132,-0.3603112806967639
MRPC1_SX222,-0.30739375128262286
MRPC1_SX312,-0.3254305620218124
MRPC1_SX402,-0.30749040309006603
MRPC1_SX42,-0.3498371833532899
MRRE0_SI1334,-0.30393381636272104
MRRE0_SI704,-0.3287837697498834
MRRE0_SI952,-0.29966288865214646
MRRE0_SX164,-0.29128294875941324
MRRE0_SX254,-0.27449195615706906
MRRE0_SX344,-0.2789017897385817
MRRE0_SX434,-0.2515258539735881
MRRE0_SX74,-0.24448810261525925
MRSO0_SI1206,-0.30835140615269757
MRSO0_SI1659,-0.27154186207761044
MRSO0_SI2289,-0.3117248376760516
MRSO0_SX129,-0.3047231744836878
MRSO0_SX219,-0.3471053211959367
MRSO0_SX309,-0.3394595806415264
MRSO0_SX39,-0.33293545710576045
MRSO0_SX399,-0.35435387396043344
MRSP0_SI1429,-0.37444969716698234
MRSP0_SI2059,-0.3231544851142669
MRSP0_SI799,-0.3357312528793994
MRSP0_SX169,-0.32982430357227155
MRSP0_SX196,-0.25990226831329005
MRSP0_SX259,-0.3356927563644357
MRSP0_SX439,-0.3088461320030498
MRSP0_SX79,-0.37397556380921626
MRTC0_SI1458,-0.35175559244442395
MRTC0_SI2088,-0.345704975796517
MRTC0_SI828,-0.3260697258843316
MRTC0_SX108,-0.3264742646201072
MRTC0_SX18,-0.33409750581991793
MRTC0_SX198,-0.33780399538436023
MRTC0_SX288,-0.31468418032624
MRTC0_SX378,-0.3426293537115595
MRTJ0_SI1551,-0.2226168174111382
MRTJ0_SI2032,-0.35760068700381137
MRTJ0_SI772,-0.2700483902640965
MRTJ0_SX142,-0.31693099245666645
MRTJ0_SX232,-0.2861535841418851
MRTJ0_SX322,-0.3816885697214227
MRTJ0_SX412,-0.3855467941902137
MRTJ0_SX52,-0.2709091907709985
MRVG0_SI1140,-0.2982378900051117
MRVG0_SI1770,-0.2664610183915717
MRVG0_SI510,-0.37721794695893596
MRVG0_SX150,-0.3087921492550351
MRVG0_SX240,-0.31070519949643666
MRVG0_SX330,-0.3081109619140625
MRVG0_SX420,-0.36180263826216774
MRVG0_SX60,-0.36062596553942833
MRWA0_SI1603,-0.3460027871011686
MRWA0_SI2233,-0.36668122572705925
MRWA0_SI973,-0.33777586508295676
MRWA0_SX163,-0.3915553144975142
MRWA0_SX253,-0.3675856454031808
MRWA0_SX343,-0.26740680270724826
MRWA0_SX433,-0.31482312896034936
MRWA0_SX73,-0.33293282645089284
MRWS0_SI1102,-0.3622487386067708
MRWS0_SI1732,-0.417148141299977
MRWS0_SI472,-0.327189749859749
MRWS0_SX112,-0.34779433048132696
MRWS0_SX202,-0.348192365907079
MRWS0_SX22,-0.22975952365387106
MRWS0_SX292,-0.3472877358490566
MRWS0_SX382,-0.3327504619692745
MRXB0_SI1585,-0.34608870023034616
MRXB0_SI2215,-0.33572077855272586
MRXB0_SI955,-0.3378919212563524
MRXB0_SX145,-0.3806397120157878
MRXB0_SX235,-0.35420056577130554
MRXB0_SX325,-0.3566379694975624
MRXB0_SX415,-0.39410786178876767
MRXB0_SX55,-0.31359533830122516
MSAH1_SI1049,-0.4124739763605947
MSAH1_SI1679,-0.2539709683122306
MSAH1_SI2309,-0.39269182158679494
MSAH1_SX149,-0.31270487597034236
MSAH1_SX239,-0.3349347020326396
MSAH1_SX329,-0.3347706780589299
MSAH1_SX419,-0.31541448522497106
MSAH1_SX59,-0.40260627746582034
MSAS0_SI1376,-0.3297151429822829
MSAS0_SI2006,-0.3230783038669162
MSAS0_SI746,-0.2752060793758778
MSAS0_SX116,-0.32105794767054113
MSAS0_SX206,-0.307659056630096
MSAS0_SX26,-0.33683180983049155
MSAS0_SX296,-0.3162784158748432
MSAS0_SX386,-0.344901294914824
MSAT0_SI1526,-0.37076027610085227
MSAT0_SI2156,-0.3420974068019701
MSAT0_SI896,-0.34568902878534224
MSAT0_SX176,-0.37407876987649935
MSAT0_SX266,-0.3825421506259108
MSAT0_SX356,-0.35552958525945005
MSAT0_SX446,-0.24445940215012124
MSAT0_SX86,-0.3508263864824849
MSAT1_SI1073,-0.28346000483006606
MSAT1_SI1703,-0.3737757711699515
MSAT1_SI2333,-0.3313881677525644
MSAT1_SX173,-0.2943650690048777
MSAT1_SX263,-0.277146331534898
MSAT1_SX353,-0.31020104544503346
MSAT1_SX443,-0.23381093343098958
MSAT1_SX83,-0.30236423633716725
MSDB0_SI1007,-0.3635899470402644
MSDB0_SI1637,-0.32274601721638785
MSDB0_SI2267,-0.35682588694046957
MSDB0_SX107,-0.31047412196985275
MSDB0_SX17,-0.3048312227490922
MSDB0_SX197,-0.25751347975297406
MSDB0_SX287,-0.345070216966712
MSDB0_SX377,-0.3221921330004667
MSDH0_SI2113,-0.27071044921875
MSDH0_SI2240,-0.31739279564390793
MSDH0_SI980,-0.3204122611454555
MSDH0_SX170,-0.33380841120192994
MSDH0_SX260,-0.34946382567537354
MSDH0_SX350,-0.31998113890988145
MSDH0_SX440,-0.3353468318618733
MSDH0_SX80,-0.31289462508442245
MSDS0_SI1077,-0.2610003598086484
MSDS0_SI1707,-0.31730139500234833
MSDS0_SI2337,-0.25169090826235047
MSDS0_SX177,-0.3383355993003661
MSDS0_SX267,-0.2980481369235504
MSDS0_SX357,-0.30674141944104033
MSDS0_SX447,-0.28947328420785756
MSDS0_SX87,-0.28246712358030557
MSEM1_SI1440,-0.3199732745135272
MSEM1_SI2070,-0.33472654010177755
MSEM1_SI810,-0.2739559646940579
MSEM1_SX180,-0.2629312384065497
MSEM1_SX270,-0.3105423098704854
MSEM1_SX360,-0.33567605610766443
MSEM1_SX450,-0.35545486410969634
MSEM1_SX90,-0.2638708006179452
MSES0_SI1589,-0.4085630823354252
MSES0_SI2216,-0.40298387799944196
MSES0_SI2219,-0.25768718589730816
MSES0_SX149,-0.3525661523791327
MSES0_SX239,-0.2982965156213561
MSES0_SX329,-0.35717199393024013
MSES0_SX419,-0.4043478431543374
MSES0_SX59,-0.3095271380650515
MSFH0_SI1216,-0.2853162828889138
MSFH0_SI1738,-0.30578253628682844
MSFH0_SI586,-0.30252666962452424
MSFH0_SX136,-0.3604080765335648
MSFH0_SX226,-0.3124820472156934
MSFH0_SX316,-0.3187880287311174
MSFH0_SX406,-0.2915828929227941
MSFH0_SX46,-0.2913999793386291
MSFV0_SI1262,-0.2743847548699064
MSFV0_SI1892,-0.3109224085905114
MSFV0_SI632,-0.33468326000457116
MSFV0_SX182,-0.31520040859520215
MSFV0_SX272,-0.23570789182318092
MSFV0_SX362,-0.35817121793437934
MSFV0_SX452,-0.28740991519976267
MSFV0_SX92,-0.3242225311368791
MSJK0_SI1596,-0.3396762566817434
MSJK0_SI2226,-0.3424566922613153
MSJK0_SI966,-0.32191290371659875
MSJK0_SX156,-0.315344215506938
MSJK0_SX246,-0.31050112710070255
MSJK0_SX336,-0.3582938634432279
MSJK0_SX426,-0.3062492078032817
MSJK0_SX66,-0.3321458399295807
MSMC0_SI1907,-0.33583946833534845
MSMC0_SI509,-0.3495057659384645
MSMC0_SI647,-0.3166913450433967
MSMC0_SX107,-0.2818041431660555
MSMC0_SX17,-0.3249913828384473
MSMC0_SX197,-0.27618373279840175
MSMC0_SX287,-0.32703768063897953
MSMC0_SX377,-0.320791336501143
MSMR0_SI1150,-0.2622718444941369
MSMR0_SI1405,-0.36697278703962055
MSMR0_SI775,-0.28907469501645544
MSMR0_SX145,-0.32117316457960343
MSMR0_SX235,-0.26218606339019984
MSMR0_SX325,-0.25356422092603603
MSMR0_SX415,-0.3537647674687176
MSMR0_SX55,-0.34628211430140904
MSMS0_SI1433,-0.3472262523213371
MSMS0_SI2063,-0.3133469253289895
MSMS0_SI803,-0.3712624995666143
MSMS0_SX173,-0.35213004711062407
MSMS0_SX263,-0.29493035941288387
MSMS0_SX353,-0.3218022646788495
MSMS0_SX443,-0.37251952454284
MSMS0_SX83,-0.34628049595149485
MSRG0_SI1221,-0.32496717787280527
MSRG0_SI1851,-0.3399667739868164
MSRG0_SI591,-0.33369038387269756
MSRG0_SX141,-0.3137096946214722
MSRG0_SX231,-0.16652099400350492
MSRG0_SX321,-0.2811854539719303
MSRG0_SX411,-0.28857632341056033
MSRG0_SX51,-0.35887241776371415
MSRR0_SI1131,-0.29979240046011824
MSRR0_SI1761,-0.3181037169236403
MSRR0_SI501,-0.34306777332702915
MSRR0_SX141,-0.3968862718151462
MSRR0_SX231,-0.32971407483507703
MSRR0_SX30,-0.3068451433550587
MSRR0_SX411,-0.3125891229908937
MSRR0_SX51,-0.32188306914435494
MSTF0_SI1396,-0.2825414754964926
MSTF0_SI766,-0.2181954727959387
MSTF0_SI852,-0.35448097244799753
MSTF0_SX136,-0.34324882549946534
MSTF0_SX226,-0.3435319487031523
MSTF0_SX316,-0.28263939458193665
MSTF0_SX406,-0.26223586615464445
MSTF0_SX46,-0.23228812402533006
MSVS0_SI1568,-0.3021304108375727
MSVS0_SI2198,-0.305973910546118
MSVS0_SI938,-0.3338611850698539
MSVS0_SX128,-0.26984487527356477
MSVS0_SX218,-0.44204760007666993
MSVS0_SX308,-0.3006736547925321
MSVS0_SX38,-0.3346590532575335
MSVS0_SX398,-0.30479858833367357
MTAB0_SI1572,-0.3625403320767138
MTAB0_SI2202,-0.27181946687183933
MTAB0_SI942,-0.3269210571938373
MTAB0_SX132,-0.3105750660319905
MTAB0_SX222,-0.3187333597369751
MTAB0_SX312,-0.3654957958775708
MTAB0_SX402,-0.28520035220537815
MTAB0_SX42,-0.3185296969943576
MTAS0_SI1385,-0.4026429605889253
MTAS0_SI2015,-0.2851766095842634
MTAS0_SI755,-0.42288909639631
MTAS0_SX125,-0.36210455353727045
MTAS0_SX215,-0.29518458422492533
MTAS0_SX305,-0.28100289819447416
MTAS0_SX35,-0.2817340119515058
MTAS0_SX395,-0.3453439171634503
MTAT0_SI1110,-0.3238579383263221
MTAT0_SI1740,-0.2989617861234225
MTAT0_SI811,-0.36865047380036
MTAT0_SX120,-0.3290332830290689
MTAT0_SX210,-0.3770986512649891
MTAT0_SX30,-0.3514009530203683
MTAT0_SX300,-0.4077357401890037
MTAT0_SX390,-0.30478810740041207
MTAT1_SI1409,-0.3847898859466236
MTAT1_SI1627,-0.2712736646530076
MTAT1_SI779,-0.30976599010872247
MTAT1_SX149,-0.31310891544117647
MTAT1_SX239,-0.2644698772024601
MTAT1_SX329,-0.3529347853227095
MTAT1_SX419,-0.24914659772600448
MTAT1_SX59,-0.35644989013671874
MTBC0_SI1173,-0.24873196738106865
MTBC0_SI1803,-0.2544709777832031
MTBC0_SI543,-0.3525506851520944
MTBC0_SX183,-0.3205071382744368
MTBC0_SX273,-0.3374280004058709
MTBC0_SX347,-0.39230622296558
MTBC0_SX363,-0.3480643694779335
MTBC0_SX93,-0.30756970814296175
MTCS0_SI1972,-0.20743529601666913
MTCS0_SI2265,-0.20715240970734627
MTCS0_SI712,-0.3243061335113412
MTCS0_SX172,-0.36155736232743896
MTCS0_SX262,-0.30008304773000727
MTCS0_SX352,-0.3763978444985327
MTCS0_SX442,-0.30704100611527313
MTCS0_SX82,-0.30694078069637254
MTDB0_SI1401,-0.34348499176164743
MTDB0_SI2031,-0.3475860171847873
MTDB0_SI771,-0.3561146605907558
MTDB0_SX141,-0.38133485633206654
MTDB0_SX231,-0.38678922809538296
MTDB0_SX321,-0.3573037988999311
MTDB0_SX411,-0.32588210241275634
MTDB0_SX51,-0.3727042323859163
MTDP0_SI1274,-0.39731959524871296
MTDP0_SI1521,-0.3364987051560104
MTDP0_SI2151,-0.28643439560340195
MTDP0_SX171,-0.30990694280256303
MTDP0_SX261,-0.3938486143600109
MTDP0_SX351,-0.3455052848990637
MTDP0_SX441,-0.3021971070921266
MTDP0_SX81,-0.2620184184699659
MTER0_SI1157,-0.32181262095040136
MTER0_SI1787,-0.2729279755659706
MTER0_SI527,-0.24212408385820836
MTER0_SX167,-0.34182210606852853
MTER0_SX17,-0.25613837881186574
MTER0_SX257,-0.2694675239784589
MTER0_SX437,-0.2906634199853037
MTER0_SX77,-0.3146621491435513
MTJG0_SI1520,-0.3152254807321649
MTJG0_SI2157,-0.29875883879484955
MTJG0_SI890,-0.3667309322872677
MTJG0_SX170,-0.3743616506594037
MTJG0_SX260,-0.37531629975859104
MTJG0_SX350,-0.3459809704175506
MTJG0_SX440,-0.37545005396792763
MTJG0_SX80,-0.34310792416942365
MTJM0_SI1226,-0.2913838584279138
MTJM0_SI1856,-0.3342553174461343
MTJM0_SI655,-0.43759373256138395
MTJM0_SX146,-0.39291510602089924
MTJM0_SX236,-0.36121472920456976
MTJM0_SX326,-0.26982566778608363
MTJM0_SX416,-0.3463895627032922
MTJM0_SX56,-0.4774083047017564
MTJS0_SI1192,-0.18839573656391895
MTJS0_SI1822,-0.3037914743901123
MTJS0_SI562,-0.30829984562877766
MTJS0_SX112,-0.3118728316939987
MTJS0_SX202,-0.2805844236303259
MTJS0_SX22,-0.31652468555378466
MTJS0_SX292,-0.3131221424449574
MTJS0_SX382,-0.28267008715336867
MTJU0_SI2020,-0.37584195424275224
MTJU0_SI2269,-0.32482208251953126
MTJU0_SI760,-0.3651149288104598
MTJU0_SX130,-0.3268279098882908
MTJU0_SX220,-0.3735519092231547
MTJU0_SX310,-0.3117066874648585
MTJU0_SX40,-0.34770913557572797
MTJU0_SX400,-0.2935296411383642
MTKD0_SI1187,-0.28960980109448703
MTKD0_SI1817,-0.3228605417104868
MTKD0_SI630,-0.3259746051225506
MTKD0_SX107,-0.2473606505951324
MTKD0_SX17,-0.3722375827365451
MTKD0_SX197,-0.24817590749762358
MTKD0_SX287,-0.22521050932443687
MTKD0_SX377,-0.3560420692741097
MTKP0_SI1023,-0.32507349993731527
MTKP0_SI2283,-0.32044130985413183
MTKP0_SI454,-0.34965371976455234
MTKP0_SX123,-0.3409359291808246
MTKP0_SX213,-0.30807755276617876
MTKP0_SX303,-0.3612013024798894
MTKP0_SX33,-0.36466065664140007
MTKP0_SX393,-0.3999370084263972
MTLB0_SI1134,-0.2753575931895863
MTLB0_SI1764,-0.2976572434980791
MTLB0_SI504,-0.28663818359375
MTLB0_SX144,-0.23382072448730468
MTLB0_SX234,-0.3382080078125
MTLB0_SX324,-0.34923243579275537
MTLB0_SX414,-0.3445566277754934
MTLB0_SX54,-0.32302654956851584
MTLC0_SI1313,-0.3618766802790046
MTLC0_SI1477,-0.37137525173727537
MTLC0_SI847,-0.40842696910596077
MTLC0_SX127,-0.3850167472407503
MTLC0_SX217,-0.3251551608650052
MTLC0_SX307,-0.30509178359787187
MTLC0_SX37,-0.3515759350294136
MTLC0_SX397,-0.37314345271711846
MTML0_SI1065,-0.3070125084418755
MTML0_SI1695,-0.24691691385627768
MTML0_SI2325,-0.27429739815848214
MTML0_SX165,-0.28568029263026595
MTML0_SX255,-0.35746151394314235
MTML0_SX345,-0.2850865500313895
MTML0_SX435,-0.3012643733494718
MTML0_SX75,-0.2210076160919972
MTMN0_SI1064,-0.31028197168255134
MTMN0_SI2324,-0.3574249267578125
MTMN0_SI582,-0.3432220574362742
MTMN0_SX164,-0.3178965971084897
MTMN0_SX254,-0.3617347370494496
MTMN0_SX344,-0.3535647215666594
MTMN0_SX434,-0.35197646745288647
MTMN0_SX74,-0.3581879165146377
MTMT0_SI1118,-0.327205219335257
MTMT0_SI1748,-0.43414231597400105
MTMT0_SI488,-0.2935324738465665
MTMT0_SX128,-0.31728409076559133
MTMT0_SX218,-0.3775811294029499
MTMT0_SX308,-0.33949905861425034
MTMT0_SX38,-0.35582369084943805
MTMT0_SX398,-0.30834083442573434
MTPF0_SI1235,-0.38802958263898846
MTPF0_SI1865,-0.17497779583108836
MTPF0_SI605,-0.3602070266234284
MTPF0_SX155,-0.3509583569731307
MTPF0_SX245,-0.23135516339310552
MTPF0_SX335,-0.36592833201090497
MTPF0_SX425,-0.33893962078783885
MTPF0_SX65,-0.2900551401507792
MTPG0_SI1383,-0.3811541878603359
MTPG0_SI2013,-0.26268667618030217
MTPG0_SI753,-0.36538227988630917
MTPG0_SX123,-0.38516327379278636
MTPG0_SX213,-0.3686910489710366
MTPG0_SX303,-0.29585514147095227
MTPG0_SX33,-0.3408308148882878
MTPG0_SX393,-0.33975951777778657
MTPP0_SI1508,-0.35396623841806313
MTPP0_SI2138,-0.3151115036010742
MTPP0_SI878,-0.2629747428742063
MTPP0_SX158,-0.274287493580366
MTPP0_SX248,-0.28473187614889706
MTPP0_SX338,-0.2960171795531407
MTPP0_SX428,-0.3325078281355493
MTPP0_SX68,-0.3064419746398926
MTPR0_SI1600,-0.346122364938995
MTPR0_SI2230,-0.302779730019955
MTPR0_SI506,-0.3309373219807943
MTPR0_SX160,-0.31604745047433036
MTPR0_SX250,-0.3524953434976299
MTPR0_SX340,-0.30773711872992116
MTPR0_SX430,-0.3276796340942383
MTPR0_SX70,-0.2733918336721567
MTQC0_SI1441,-0.2800259191250402
MTQC0_SI2071,-0.25885489327566963
MTQC0_SI480,-0.34560813903808596
MTQC0_SX181,-0.3328082275390625
MTQC0_SX271,-0.266742189468876
MTQC0_SX361,-0.30952618573163004
MTQC0_SX451,-0.3773983120918274
MTQC0_SX91,-0.3085644967215402
MTRC0_SI1623,-0.3531605536948907
MTRC0_SI589,-0.36566723094267006
MTRC0_SI993,-0.37297198237205037
MTRC0_SX170,-0.3448709161080363
MTRC0_SX183,-0.3724743415569437
MTRC0_SX273,-0.40515973491053425
MTRC0_SX363,-0.32044006708100087
MTRC0_SX93,-0.3258562935723199
MTRR0_SI1548,-0.25019153366740954
MTRR0_SI2178,-0.2238006591796875
MTRR0_SI918,-0.322787468160736
MTRR0_SX108,-0.3088376710740782
MTRR0_SX18,-0.27280774323836615
MTRR0_SX198,-0.3667288387522978
MTRR0_SX288,-0.3147223204644425
MTRR0_SX378,-0.37704335088315216
MTRT0_SI1227,-0.3315651661433444
MTRT0_SI1857,-0.35066262566934603
MTRT0_SI597,-0.3438410233478157
MTRT0_SX147,-0.35587482386394353
MTRT0_SX237,-0.3631545618960732
MTRT0_SX254,-0.32971184275974735
MTRT0_SX417,-0.3021464218964448
MTRT0_SX57,-0.32610713492194526
MTWH1_SI1512,-0.3063608334388262
MTWH1_SI2142,-0.3489356800249428
MTWH1_SI882,-0.30231302701509916
MTWH1_SX162,-0.3338197549812407
MTWH1_SX252,-0.28831593311616105
MTWH1_SX342,-0.3095170551700815
MTWH1_SX432,-0.31490471040137563
MTWH1_SX72,-0.33714841570172993
MTXS0_SI1060,-0.3163237876080452
MTXS0_SI1690,-0.3490201613482307
MTXS0_SI2320,-0.35041076525122716
MTXS0_SX160,-0.3452361257452714
MTXS0_SX250,-0.3780022597894436
MTXS0_SX340,-0.26673794105404713
MTXS0_SX430,-0.3006333073669316
MTXS0_SX70,-0.20376926967075892
MVJH0_SI1556,-0.2789258786610195
MVJH0_SI2186,-0.2779560956087979
MVJH0_SI926,-0.2678985056523299
MVJH0_SX116,-0.3214161724125573
MVJH0_SX206,-0.3402021078799369
MVJH0_SX26,-0.2888790996754227
MVJH0_SX296,-0.3029437268901075
MVJH0_SX386,-0.33736109217524013
MVLO0_SI1147,-0.3484160647864228
MVLO0_SI1777,-0.3906635520732508
MVLO0_SI517,-0.38064867163030325
MVLO0_SX157,-0.3728437132189888
MVLO0_SX247,-0.33663280358475245
MVLO0_SX337,-0.35180771952927714
MVLO0_SX427,-0.32976053472150835
MVLO0_SX67,-0.2703891197840373
MVRW0_SI1485,-0.3528436041497565
MVRW0_SI2115,-0.29225069681803384
MVRW0_SI855,-0.350758522179476
MVRW0_SX135,-0.3364261899675642
MVRW0_SX225,-0.30171208023335894
MVRW0_SX315,-0.3696994075068721
MVRW0_SX405,-0.4322148849975029
MVRW0_SX45,-0.3610086565975539
MWAC0_SI1601,-0.31656931800924676
MWAC0_SI2231,-0.3333935621308117
MWAC0_SI971,-0.3161827453388059
MWAC0_SX161,-0.35237407469049803
MWAC0_SX251,-0.34521100286488127
MWAC0_SX341,-0.3830445588858596
MWAC0_SX431,-0.25246026992797854
MWAC0_SX71,-0.3128710001924612
MWAD0_SI1062,-0.40859011284210395
MWAD0_SI1749,-0.30456967189394196
MWAD0_SI2322,-0.3437062383214117
MWAD0_SX162,-0.3489454546545306
MWAD0_SX252,-0.3577615857700219
MWAD0_SX342,-0.3605876604715983
MWAD0_SX432,-0.3343321482340495
MWAD0_SX72,-0.295869029160087
MWAR0_SI1045,-0.2909113191303454
MWAR0_SI1675,-0.38210721417661114
MWAR0_SI2305,-0.3755431862377183
MWAR0_SX145,-0.3521087143447373
MWAR0_SX235,-0.2705151885198051
MWAR0_SX325,-0.36911267336173975
MWAR0_SX415,-0.3621237663807216
MWAR0_SX55,-0.2954456596026667
MWCH0_SI1622,-0.3693847909718257
MWCH0_SI1895,-0.345187747289264
MWCH0_SI2252,-0.3435056801610345
MWCH0_SX182,-0.4028666096348916
MWCH0_SX272,-0.2817018372671945
MWCH0_SX362,-0.3874256708850599
MWCH0_SX452,-0.30730603609470963
MWCH0_SX92,-0.29658969056372547
MWDK0_SI1436,-0.37960093629126457
MWDK0_SI2017,-0.2910402686195036
MWDK0_SI806,-0.30119915008544923
MWDK0_SX176,-0.3282622880833123
MWDK0_SX266,-0.34772150303290145
MWDK0_SX356,-0.28942789441367056
MWDK0_SX446,-0.26213793073381697
MWDK0_SX86,-0.2837366653701006
MWEM0_SI1320,-0.3628841604720155
MWEM0_SI1393,-0.3618272513397469
MWEM0_SI1950,-0.37066284742223504
MWEM0_SX150,-0.30771881213291086
MWEM0_SX240,-0.27618107227010463
MWEM0_SX330,-0.276588037147285
MWEM0_SX420,-0.2865728968118568
MWEM0_SX60,-0.3362898373122861
MWGR0_SI1606,-0.38933381131647055
MWGR0_SI2236,-0.299509418103122
MWGR0_SI976,-0.3388068946632179
MWGR0_SX166,-0.3581123352050781
MWGR0_SX256,-0.3097519720754316
MWGR0_SX346,-0.3440656160053454
MWGR0_SX436,-0.2848676292641649
MWGR0_SX76,-0.3211565835135324
MWRE0_SI1057,-0.30287144101899244
MWRE0_SI1687,-0.27246768133980886
MWRE0_SI2317,-0.3372208358895065
MWRE0_SX157,-0.35544095298116524
MWRE0_SX247,-0.3304088102372665
MWRE0_SX337,-0.2935137235201322
MWRE0_SX427,-0.42286062482649905
MWRE0_SX67,-0.2949577620406459
MWRP0_SI1443,-0.3253778061776791
MWRP0_SI1525,-0.2755147422232279
MWRP0_SI2073,-0.3259520061275502
MWRP0_SX183,-0.23390637185464058
MWRP0_SX273,-0.34325038938594044
MWRP0_SX3,-0.17812269926071167
MWRP0_SX363,-0.27833564107011005
MWRP0_SX93,-0.2469449747463822
MWSB0_SI1626,-0.3124425772464637
MWSB0_SI2256,-0.33287493102753646
MWSB0_SI996,-0.32598347280217316
MWSB0_SX186,-0.3194594359750231
MWSB0_SX276,-0.39453975677490233
MWSB0_SX366,-0.298871227621672
MWSB0_SX6,-0.3658772636862362
MWSB0_SX96,-0.34205150604248047
MWSH0_SI1426,-0.30399771956277843
MWSH0_SI2266,-0.3577293395996094
MWSH0_SI796,-0.3023839724265923
MWSH0_SX166,-0.3221304284520896
MWSH0_SX256,-0.31174212235670823
MWSH0_SX346,-0.3031601359049479
MWSH0_SX436,-0.24737757040684916
MWSH0_SX76,-0.3510063693947988
MZMB0_SI1166,-0.3110544273890362
MZMB0_SI1796,-0.3515242722930101
MZMB0_SI536,-0.33821440012441517
MZMB0_SX176,-0.3193902396113495
MZMB0_SX266,-0.34096797727188977
MZMB0_SX356,-0.29824561235673
MZMB0_SX446,-0.2899003640199319
MZMB0_SX86,-0.28347395132253833
