MAKR0_SI722,-6.272183621630949e-07
MAKR0_SX182,-1.8486291082808747e-06
MAKR0_SX272,-2.1314629702828823e-06
MAKR0_SX362,-9.401036160332816e-06
MAKR0_SX452,-0.000187398842535913
MAKR0_SX92,1.5397866566975912e-07
MAPV0_SI1293,-0.00010364739933893794
MAPV0_SI1923,-6.909349031047896e-05
MAPV0_SI663,-0.00043083937919658166
MAPV0_SX123,-0.0017698916296164195
MAPV0_SX213,-1.8193079581992194e-05
MAPV0_SX303,-5.500162309356805e-06
MAPV0_SX33,-2.398573119064857e-06
MAPV0_SX393,-3.9684421875897573e-05
MARC0_SI1188,-2.1234536689007655e-06
MARC0_SI1818,-1.5263212844729422e-07
MARC0_SI558,-0.001885875755426835
MARC0_SX108,-7.799930042690701e-06
MARC0_SX18,-1.4224736332835164e-05
MARC0_SX198,-8.533243089914322e-06
MARC0_SX288,-5.291170645050886e-05
MARC0_SX378,-1.0523124365136027e-05
MARW0_SI1276,-5.074674239343343e-07
MARW0_SI1906,2.185503473339378e-07
MARW0_SI646,-1.4801044017076492e-06
MARW0_SX106,-6.150667710850636e-07
MARW0_SX16,-4.522163570592446e-06
MARW0_SX286,-9.00336541235447e-06
MARW0_SX349,-0.0011666439473628997
MARW0_SX376,-0.0001739538029620522
MBAR0_SI1319,-1.1483355173988948e-06
MBAR0_SI1949,-6.321319875389556e-08
MBAR0_SI689,-0.004805207252502441
MBAR0_SX149,-5.301903001964092e-06
MBAR0_SX239,-5.324032185051371e-06
MBAR0_SX329,-2.912008467147935e-07
MBAR0_SX419,-1.7666056550837851e-06
MBAR0_SX59,-2.7191395369859842e-06
MBBR0_SI1055,-0.00046387951875078505
MBBR0_SI1685,-1.489724963903427e-05
MBBR0_SI2315,-6.352479641254132e-06
MBBR0_SX155,-4.513331060839254e-05
MBBR0_SX245,-2.7716162515355756e-06
MBBR0_SX335,-5.785928091459107e-05
MBBR0_SX425,-1.4274566917895124e-06
MBBR0_SX65,-1.4858771464787424e-05
MBCG0_SI2217,-2.070660808716308e-06
MBCG0_SI486,-6.300340528073518e-05
MBCG0_SI957,-0.00116091580302627
MBCG0_SX147,-0.0054957030749902495
MBCG0_SX237,-2.0804394443985076e-05
MBCG0_SX327,-0.00017667628090941545
MBCG0_SX417,-0.00012671800428315212
MBCG0_SX57,-3.955978900194168e-05
MBEF0_SI1281,-2.703273838216608e-06
MBEF0_SI1911,-0.0073009464475843645
MBEF0_SI651,-9.04389995742928e-06
MBEF0_SX111,-3.5727030730673247e-07
MBEF0_SX201,-1.5447537104288738e-06
MBEF0_SX21,-4.235101368976757e-06
MBEF0_SX291,-2.1527384242583666e-05
MBEF0_SX381,-4.2494001059696593e-07
MBGT0_SI1341,-0.0007744108140468598
MBGT0_SI1841,-3.7241865087438512e-06
MBGT0_SI711,-4.819657358272773e-05
MBGT0_SX171,-2.233293961803868e-06
MBGT0_SX261,-5.75781159568578e-06
MBGT0_SX351,-0.00030723971096759144
MBGT0_SX441,-3.8132121836816942e-06
MBGT0_SX81,-8.548907798660152e-08
MBJV0_SI1247,-9.8627810295897e-07
MBJV0_SI1877,-1.16325193835843e-06
MBJV0_SI617,-7.237884580181577e-06
MBJV0_SX167,-3.745455456816632e-06
MBJV0_SX257,-2.595906456311544e-06
MBJV0_SX347,-0.00017355991013605018
MBJV0_SX437,-3.2330329607551297e-07
MBJV0_SX77,-1.216555635134379e-05
MBMA0_SI1222,-0.0013209511252010569
MBMA0_SI1852,-1.1266933142906055e-05
MBMA0_SI592,-4.941401512999284e-07
MBMA0_SX142,-0.00023217778652906418
MBMA0_SX232,-0.00015551046552983198
MBMA0_SX322,-0.0020811223622524376
MBMA0_SX412,-6.767483644707258e-05
MBMA0_SX52,-6.331194361502474e-07
MBMA1_SI2207,-3.457045725857218e-05
MBMA1_SI2214,-8.717617567847756e-06
MBMA1_SI954,-1.015762488047282e-06
MBMA1_SX144,-0.0001706759794615209
MBMA1_SX234,3.579653446863899e-08
MBMA1_SX324,-0.00025847217378516994
MBMA1_SX414,-2.407017391084171e-06
MBMA1_SX54,-8.877559119592543e-05
MBML0_SI1169,-2.028048038482666e-06
MBML0_SI1799,-0.0006341589614748955
MBML0_SI539,-0.0003978579253372219
MBML0_SX179,-4.147871230678582e-06
MBML0_SX269,-4.9656617712961245e-06
MBML0_SX359,-0.005985218948788113
MBML0_SX449,-1.2340529405690254e-05
MBML0_SX89,-2.0786298110204585e-06
MBOM0_SI1014,-0.00232628732919693
MBOM0_SI1644,5.472322990154398e-08
MBOM0_SI2274,-4.5294999270825774e-08
MBOM0_SX114,-1.1015658241671485e-06
MBOM0_SX204,-3.7859764791304064e-07
MBOM0_SX294,-4.2134317858465785e-08
MBOM0_SX311,-4.551043925208173e-06
MBOM0_SX384,-1.1629384496937627e-06
MBSB0_SI1353,-2.0761125382374632e-05
MBSB0_SI1983,-1.5332510596827456e-07
MBSB0_SI723,-1.2853145599365234e-05
MBSB0_SX183,-2.3441206004853094e-07
MBSB0_SX273,-4.965946447618049e-07
MBSB0_SX3,-4.4626794988289475e-06
MBSB0_SX363,-1.3592128068142173e-07
MBSB0_SX93,5.4016709327697754e-08
MBTH0_SI2102,-1.9567250682596576e-05
MBTH0_SI505,-1.3256971619234213e-07
MBTH0_SI757,-1.0845224356411823e-05
MBTH0_SX122,-1.3192283346297893e-05
MBTH0_SX212,-9.992911311035806e-06
MBTH0_SX302,1.4106432596842448e-07
MBTH0_SX32,-8.046641793240466e-07
MBTH0_SX392,-0.0001223584459651084
MBWP0_SI1531,-3.1070695036933533e-07
MBWP0_SI1969,1.4202517680435752e-08
MBWP0_SI709,-6.47381077417069e-06
MBWP0_SX169,-0.001332393825747246
MBWP0_SX259,-3.257250362956846e-06
MBWP0_SX349,-4.6714659660093246e-05
MBWP0_SX439,-4.056944013681522e-06
MBWP0_SX79,-7.891211481321425e-05
MCAE0_SI1447,-3.773212369720815e-05
MCAE0_SI2077,-0.0001108270506699418
MCAE0_SI817,-8.014770638611581e-05
MCAE0_SX187,-9.564891376573107e-05
MCAE0_SX277,-1.2390620003526027e-07
MCAE0_SX367,-7.95947720429727e-05
MCAE0_SX7,-1.3880387996323407e-05
MCAE0_SX97,-2.9143503202395814e-06
MCAL0_SI1138,-7.389734188715617e-07
MCAL0_SI1768,-6.785128443014054e-07
MCAL0_SI508,-1.1812334460873073e-06
MCAL0_SX148,-1.204017406472793e-05
MCAL0_SX238,-0.0016272774794035489
MCAL0_SX328,-6.748768298522286e-06
MCAL0_SX418,-1.7489415768068284e-05
MCAL0_SX58,-2.1365945631603025e-07
MCDC0_SI1292,-6.031013485467569e-06
MCDC0_SI1922,-4.507192680912633e-05
MCDC0_SI662,-4.4678369621661574e-05
MCDC0_SX122,-8.618378120919933e-07
MCDC0_SX212,-1.8747740013654842e-06
MCDC0_SX302,-3.080196360575168e-06
MCDC0_SX32,-8.70296437489359e-07
MCDC0_SX392,-0.00012188406964374143
MCDD0_SI1513,-0.006406346192726722
MCDD0_SI2143,-5.441043652932752e-05
MCDD0_SI883,9.126970804860129e-08
MCDD0_SX163,-1.0451696800521098e-06
MCDD0_SX253,-0.00011617150799981479
MCDD0_SX343,-0.00935417984394317
MCDD0_SX433,-1.2309052223382994e-05
MCDD0_SX73,-1.2722454572978773e-05
MCDR0_SI1154,-1.0122325038537383e-05
MCDR0_SI1784,-0.00013329598464463887
MCDR0_SI524,-0.000196950349571376
MCDR0_SX164,-0.0001176343011181979
MCDR0_SX254,-0.001515665650367737
MCDR0_SX344,-1.533537336702769e-05
MCDR0_SX434,-7.147897434021746e-05
MCDR0_SX74,-0.0003265554961912772
MCEF0_SI1135,-5.040185559274895e-06
MCEF0_SI1765,-3.6871771204887944e-06
MCEF0_SI842,-8.794857609656549e-05
MCEF0_SX145,4.295441435604561e-08
MCEF0_SX235,-9.11459585862054e-06
MCEF0_SX325,-1.013780442567972e-05
MCEF0_SX415,-2.2755923202714406e-06
MCEF0_SX55,-4.377759597805697e-06
MCEW0_SI1442,-3.1767572675432475e-05
MCEW0_SI2072,-1.4008306977102313e-05
MCEW0_SI812,-5.1731022737794005e-06
MCEW0_SX182,-0.0005329737351054238
MCEW0_SX272,-3.437132195190147e-06
MCEW0_SX362,-0.00013584453006123387
MCEW0_SX452,-0.0025115524945051775
MCEW0_SX92,-1.878554330152624e-05
MCHL0_SI1347,-0.00010802913457155227
MCHL0_SI1404,-0.008150184740785693
MCHL0_SI1977,-0.0006560843127469221
MCHL0_SX177,-8.350136689841748e-05
MCHL0_SX267,-0.00016965450265923063
MCHL0_SX357,-4.3983092984637695e-06
MCHL0_SX447,-0.00030451702574888867
MCHL0_SX87,1.4577313556924998e-07
MCLK0_SI1660,-2.309348848130968e-05
MCLK0_SI2290,-6.369114853441716e-05
MCLK0_SI650,-3.016670234501362e-05
MCLK0_SX130,-1.6710649052744402e-07
MCLK0_SX220,-1.5324475813885123e-05
MCLK0_SX310,-2.962701460894416e-06
MCLK0_SX40,-9.197741746902466e-06
MCLK0_SX400,-0.00035679666325449944
MCLM0_SI1456,-9.33129736717711e-06
MCLM0_SI2086,-0.00015510697113840202
MCLM0_SI826,-2.744597823996293e-05
MCLM0_SX106,-0.017787446578343708
MCLM0_SX16,-3.600309857921231e-05
MCLM0_SX196,-1.2796372175216675e-05
MCLM0_SX286,-1.4397562207544552e-06
MCLM0_SX376,-0.00015946342496246825
MCPM0_SI1194,-6.120111793279648e-05
MCPM0_SI1824,-0.0004535351079284099
MCPM0_SI564,-1.7431776293299414e-05
MCPM0_SX114,-0.0006335719010314426
MCPM0_SX204,-5.627507343888283e-05
MCPM0_SX24,-2.2554939443414863e-06
MCPM0_SX294,-5.4639119368333086e-05
MCPM0_SX384,-0.00032877822273543904
MCRE0_SI1121,-1.7163704852668607e-06
MCRE0_SI1725,3.0151568353176117e-07
MCRE0_SI1751,-0.00011093427050620952
MCRE0_SX131,-0.0002526829347890966
MCRE0_SX221,-0.00020546226629189083
MCRE0_SX24,-3.718407381148565e-05
MCRE0_SX401,-9.129444758097331e-05
MCRE0_SX41,-3.1876564025878904e-06
MCSS0_SI1380,-2.2797963692475174e-05
MCSS0_SI688,-3.062699397560209e-06
MCSS0_SI750,-1.5906989574432373e-06
MCSS0_SX120,-8.515218379781456e-06
MCSS0_SX210,-3.439002903178334e-05
MCSS0_SX30,-1.2352131307125091e-06
MCSS0_SX300,-3.09061121057581e-08
MCSS0_SX390,-2.2255712085300023e-05
MCTH0_SI1209,-0.0005313058694203695
MCTH0_SI1839,-4.627014277502894e-06
MCTH0_SI579,-2.0287930965423585e-06
MCTH0_SX129,-1.1498441121407918e-05
MCTH0_SX219,-2.7648758121012223e-05
MCTH0_SX309,-1.6066021422242247e-05
MCTH0_SX39,-0.01548862166521026
MCTH0_SX399,-1.7887856490139303e-05
MCTM0_SI1350,-0.007555618069388649
MCTM0_SI1980,-5.813002586364746e-05
MCTM0_SI720,9.672949090600013e-08
MCTM0_SX180,-1.2689262595293778e-05
MCTM0_SX270,-1.0207786427570447e-05
MCTM0_SX360,6.786161711422592e-08
MCTM0_SX450,-5.130132453309165e-05
MCTM0_SX90,-0.00028248307191663317
MCXM0_SI1351,-6.986988915337456e-05
MCXM0_SI1981,-0.0002462285757064819
MCXM0_SI721,-0.010153832106754697
MCXM0_SX181,-3.0493570698632134e-06
MCXM0_SX271,-1.917423351722605e-05
MCXM0_SX361,-1.4711651160861507e-05
MCXM0_SX451,-0.00011287032975815237
MCXM0_SX91,-1.925676770042628e-06
MDAC0_SI1261,-5.672566401652801e-06
MDAC0_SI1837,-1.7536827915043024e-06
MDAC0_SI631,-1.3129593275676845e-05
MDAC0_SX181,-2.5963913550243732e-05
MDAC0_SX271,-0.00011069135683955568
MDAC0_SX361,-0.00012830240385872978
MDAC0_SX451,-0.0006745987116022312
MDAC0_SX91,-3.820420494554816e-06
MDAS0_SI1266,-1.3403769116848707e-07
MDAS0_SI1896,-1.2019109221753376e-06
MDAS0_SI636,-9.96901061418548e-06
MDAS0_SX186,-9.572561024329983e-06
MDAS0_SX21,-3.1200437141316275e-05
MDAS0_SX276,-4.561370118491111e-06
MDAS0_SX6,-2.661316655576229e-05
MDAS0_SX96,-0.0005345039975804251
MDBB1_SI1006,-0.0007159442951281866
MDBB1_SI1636,-0.00021645679281881222
MDBB1_SI2056,-7.029405028066215e-05
MDBB1_SX106,-0.00023630261421203613
MDBB1_SX16,-2.7659753825338113e-06
MDBB1_SX196,-6.339838728308678e-05
MDBB1_SX286,-7.06865559514685e-07
MDBB1_SX376,-3.289613055019844e-07
MDBP0_SI1158,-3.510461446191919e-05
MDBP0_SI1788,-7.311295891223952e-05
MDBP0_SI528,-1.4121728864583103e-05
MDBP0_SX168,-2.5491373470196356e-07
MDBP0_SX258,-5.2436665435762784e-05
MDBP0_SX348,-7.81981119265159e-07
MDBP0_SX438,-2.6767744737512924e-05
MDBP0_SX78,-7.022742553794336e-06
MDCD0_SI1415,-2.4428844807442984e-06
MDCD0_SI2045,-0.00014996447910865148
MDCD0_SI785,-6.762577201394985e-06
MDCD0_SX155,-1.3520640162069622e-05
MDCD0_SX245,-8.197693989194673e-06
MDCD0_SX335,-0.005439733375202526
MDCD0_SX425,2.4834297581340554e-08
MDCD0_SX65,-2.241906317536749e-06
MDCM0_SI1480,-5.005642038876893e-05
MDCM0_SI2110,-9.620040565585861e-06
MDCM0_SI850,-0.001291709574493202
MDCM0_SX130,-0.0011855283331486486
MDCM0_SX220,-3.82484273707613e-06
MDCM0_SX310,-0.00010663496725486986
MDCM0_SX40,-3.1099919902367726e-06
MDCM0_SX400,-3.0138255317217193e-06
MDDC0_SI1419,-6.9669876543302385e-06
MDDC0_SI2049,-0.007069033734938677
MDDC0_SI789,-7.040108122476718e-05
MDDC0_SX159,-0.0004313699423502653
MDDC0_SX249,-6.898234669978802e-07
MDDC0_SX339,-0.0025269058533012867
MDDC0_SX429,-8.051661220756737e-07
MDDC0_SX69,-1.6057746313780434e-06
MDED0_SI1170,-3.1206654966808856e-06
MDED0_SI1800,-6.876817062748747e-08
MDED0_SI540,-3.6601683308110864e-06
MDED0_SX180,-1.6475637518876307e-05
MDED0_SX270,-1.573131982392321e-05
MDED0_SX360,-1.5007181754035334e-05
MDED0_SX450,-1.6298313211235735e-06
MDED0_SX90,-0.00011931505985558034
MDEF0_SI1123,-0.0002950434491299746
MDEF0_SI1563,-2.3117842706474097e-05
MDEF0_SI2193,-0.00034075704238870563
MDEF0_SX123,-2.0315105627690044e-05
MDEF0_SX213,1.6281932579248303e-07
MDEF0_SX303,-1.655684577094184e-08
MDEF0_SX33,-2.0468713046284392e-05
MDEF0_SX393,-8.362618003350992e-06
MDEM0_SI1868,-1.5241022293384258e-05
MDEM0_SI608,-4.1621970012784e-06
MDEM0_SI800,-4.740861745981069e-06
MDEM0_SX158,-1.1939841426973199e-06
MDEM0_SX248,-8.792584312373194e-06
MDEM0_SX338,-5.5751222997712784e-06
MDEM0_SX428,-2.216108524325219e-06
MDEM0_SX68,-2.851956224097221e-06
MDHL0_SI1439,-0.00020297468555244532
MDHL0_SI2069,-6.982928607612848e-05
MDHL0_SI809,-7.147622503956931e-07
MDHL0_SX179,-2.8896530765402864e-06
MDHL0_SX269,-1.5218465705402195e-05
MDHL0_SX359,-8.380148145887587e-05
MDHL0_SX449,-5.240440368652344e-05
MDHL0_SX89,-3.2016671159201196e-06
MDHS0_SI1530,-6.098599370681878e-05
MDHS0_SI2160,-1.8764881638667754e-07
MDHS0_SI900,-5.2228569984436035e-06
MDHS0_SX180,-9.012525397873319e-07
MDHS0_SX270,3.351018192681236e-08
MDHS0_SX360,-6.142644316799218e-05
MDHS0_SX450,-3.209397812284767e-07
MDHS0_SX90,-7.0108217187225815e-09
MDJM0_SI1455,-6.952769763302058e-05
MDJM0_SI2085,-2.959498057239934e-06
MDJM0_SI825,-6.347191002633836e-05
MDJM0_SX105,-5.12900878675282e-05
MDJM0_SX15,-6.690197915304452e-05
MDJM0_SX195,-2.8087588196451012e-05
MDJM0_SX285,-1.2310461145183392e-06
MDJM0_SX375,-8.169970497852419e-07
MDKS0_SI1066,-4.643979279891305e-06
MDKS0_SI1696,-9.379767138382484e-06
MDKS0_SI2326,-1.4593696971310348e-05
MDKS0_SX166,-0.00023115391752892925
MDKS0_SX256,-6.570057986678104e-07
MDKS0_SX346,-1.6690844821990753e-06
MDKS0_SX436,-1.163128257283698e-06
MDKS0_SX76,-6.311706134251185e-07
MDLB0_SI1306,-1.6335401654479996e-05
MDLB0_SI1936,-3.4941479680128394e-06
MDLB0_SI676,-2.3841037711297925e-06
MDLB0_SX136,-2.566318100973688e-06
MDLB0_SX226,-1.9657747110440616e-05
MDLB0_SX316,-0.0001435630697885464
MDLB0_SX406,-3.2651424407958985e-06
MDLB0_SX46,-6.303576482159476e-05
MDLC0_SI1395,-2.809858415275812e-05
MDLC0_SI2025,-8.002085530239603e-06
MDLC0_SI765,-0.0006205589559517408
MDLC0_SX135,-2.1612262190861066e-05
MDLC0_SX225,-8.031725883483887e-05
MDLC0_SX315,-1.383945345878601e-06
MDLC0_SX405,-4.436850635888609e-06
MDLC0_SX45,-7.411216211039573e-05
MDLC1_SI1435,-0.00013147707607957625
MDLC1_SI2065,-8.306436939164996e-06
MDLC1_SI2144,-1.6919240200271208e-05
MDLC1_SX175,-6.27916056795844e-05
MDLC1_SX265,-8.625235702646406e-06
MDLC1_SX355,-4.600613347945675e-05
MDLC1_SX445,-2.0183223179109129e-07
MDLC1_SX85,-0.0001384195570340928
MDLC2_SI1614,-2.220373135060072e-05
MDLC2_SI2244,1.0281801223754883e-07
MDLC2_SI984,-1.8408517698170961e-06
MDLC2_SX174,-1.4806693454958358e-05
MDLC2_SX264,-0.00012612744682916887
MDLC2_SX354,-2.1760095842182635e-05
MDLC2_SX444,-0.00013070105342194438
MDLC2_SX84,-2.8486171989546467e-05
MDLH0_SI1960,-3.590861075174282e-05
MDLH0_SI574,-1.1351607415987097e-06
MDLH0_SI700,-3.5824626684188844e-05
MDLH0_SX160,-1.9890752256564472e-05
MDLH0_SX250,-4.125472817880412e-06
MDLH0_SX340,-0.00011259840891486214
MDLH0_SX430,-6.318512927503028e-05
MDLH0_SX70,-1.6115761051575344e-06
MDLM0_SI1234,-1.588073293013232e-05
MDLM0_SI1864,-4.1229442056072385e-05
MDLM0_SI604,-2.021369125161852e-05
MDLM0_SX154,-1.612771302461624e-05
MDLM0_SX244,-3.2353486082085025e-07
MDLM0_SX334,-4.089663187707109e-05
MDLM0_SX424,-6.2191592795508246e-06
MDLM0_SX64,-2.6302160612041396e-06
MDLR0_SI1233,-0.00017143179091715042
MDLR0_SI1863,-1.8598317789534727e-07
MDLR0_SI603,1.9986672621024283e-07
MDLR0_SX153,-0.0007812215926799368
MDLR0_SX243,-3.5800994970859625e-07
MDLR0_SX333,-5.9882476925849914e-05
MDLR0_SX423,-1.2968666851520538e-06
MDLR0_SX63,-1.4469913938747985e-05
MDLR1_SI1299,-0.0006916031050376403
MDLR1_SI1929,-9.366097011869507e-06
MDLR1_SI669,-1.7112383959881428e-05
MDLR1_SX129,-2.431825123494491e-06
MDLR1_SX219,-0.00019951204636267254
MDLR1_SX309,-6.994119910306708e-05
MDLR1_SX39,-1.5140907461976722e-06
MDLR1_SX399,-0.0005873600984441823
MDMA0_SI1238,-1.0892042718339889e-05
MDMA0_SI1430,-1.258526217976683e-06
MDMA0_SI2060,-1.618449900750861e-05
MDMA0_SX170,-3.1209949936185566e-06
MDMA0_SX260,-4.498385930095207e-06
MDMA0_SX350,-1.9606596039494082e-05
MDMA0_SX440,-4.05179647107919e-06
MDMA0_SX80,-2.7815500895182292e-08
MDMT0_SI1832,-1.6489066183567047e-06
MDMT0_SI2341,-5.750813417964511e-06
MDMT0_SI572,-0.0005775118619203568
MDMT0_SX122,-2.826213836669922e-05
MDMT0_SX212,-4.596331894969229e-06
MDMT0_SX302,-3.6324532369949987e-06
MDMT0_SX32,-1.7487115526039686e-06
MDMT0_SX392,-0.0006541176590808603
MDNS0_SI1011,-3.207477618802766e-05
MDNS0_SI2271,-2.073963871225715e-05
MDNS0_SI873,-0.0008398615444699923
MDNS0_SX111,-2.2322900833622103e-06
MDNS0_SX201,-3.4149530079417135e-07
MDNS0_SX21,-3.671539681298392e-06
MDNS0_SX291,-1.2670133454615579e-05
MDNS0_SX381,-5.038901262225643e-05
MDPB0_SI1760,-2.7761469542417887e-05
MDPB0_SI2126,-1.8719273308912914e-05
MDPB0_SI866,-0.0010875792338930327
MDPB0_SX146,-1.642980449203704e-06
MDPB0_SX236,-0.0006190506233410401
MDPB0_SX326,-0.0001467269224425157
MDPB0_SX416,-7.560444958341707e-06
MDPB0_SX56,-1.79112085322963e-05
MDPK0_SI1053,-1.5707029139294344e-06
MDPK0_SI1683,-8.617838223775228e-07
MDPK0_SI552,-2.4898922674765345e-06
MDPK0_SX153,-2.4367956087944357e-07
MDPK0_SX243,-2.3227679776027798e-06
MDPK0_SX333,-0.00011696256887243719
MDPK0_SX423,-1.2769647266553796e-06
MDPK0_SX63,-4.436382321153743e-08
MDPS0_SI1651,-2.2411841200664638e-07
MDPS0_SI1979,-0.0021348448568268828
MDPS0_SI719,-7.5985278402056015e-06
MDPS0_SX179,-1.8117459196793406e-05
MDPS0_SX269,-1.890112097109003e-05
MDPS0_SX359,7.794911248816384e-08
MDPS0_SX449,-3.68397722535945e-05
MDPS0_SX89,-0.003852535743971129
MDRD0_SI1382,-6.179045023465598e-05
MDRD0_SI2012,-6.402360981908338e-07
MDRD0_SI752,-8.064887074173473e-06
MDRD0_SX122,-2.9465887281629774e-05
MDRD0_SX212,-4.914301362904635e-05
MDRD0_SX302,-3.2257054651078456e-07
MDRD0_SX32,-2.4525293459494908e-05
MDRD0_SX392,-3.054954798980838e-05
MDSJ0_SI1462,-5.712115186421821e-06
MDSJ0_SI2092,1.96027344670789e-07
MDSJ0_SI832,-1.5618678770732839e-06
MDSJ0_SX112,-1.0934165295432595e-05
MDSJ0_SX22,-0.01209362304728964
MDSJ0_SX292,-3.1309327288695116e-06
MDSJ0_SX382,-1.0188044850817985e-05
MDSJ0_SX438,-9.693956933915616e-05
MDSS0_SI1881,-0.0006331174562756831
MDSS0_SI2087,-1.0730455751004427e-07
MDSS0_SI621,-6.393280283019349e-05
MDSS0_SX171,-1.8862577585073617e-05
MDSS0_SX261,-5.205632908694932e-06
MDSS0_SX351,-4.581650909112424e-06
MDSS0_SX441,-8.463031715816922e-06
MDSS0_SX81,-1.495342335796782e-06
MDSS1_SI1327,-0.0002662772105799781
MDSS1_SI1713,-8.900643853635034e-06
MDSS1_SI697,-2.772159112448042e-05
MDSS1_SX157,-5.327657826485172e-05
MDSS1_SX247,-2.8579987966540186e-06
MDSS1_SX337,-3.605493868628794e-07
MDSS1_SX427,9.051075688114873e-08
MDSS1_SX67,-3.894889960065484e-06
MDTB0_SI1200,-3.2795166286329426e-08
MDTB0_SI1830,-0.0003785994407292959
MDTB0_SI570,-6.5242929849773645e-06
MDTB0_SX120,-3.188103437423706e-05
MDTB0_SX210,-1.0317564010620116e-06
MDTB0_SX300,-5.5361205936762794e-05
MDTB0_SX321,-5.307048559188843e-07
MDTB0_SX390,-1.8649403692076082e-05
MDWD0_SI1260,-0.0013828162963573749
MDWD0_SI1890,-3.117159940302372e-05
MDWD0_SI557,-4.227459773092585e-06
MDWD0_SX180,-3.1051895348355174e-06
MDWD0_SX270,-6.332721871634324e-06
MDWD0_SX360,-6.893567853804791e-05
MDWD0_SX450,-1.1717731302434748e-06
MDWD0_SX90,-1.3942718505859374e-05
MDWH0_SI1168,-1.7428679055854922e-05
MDWH0_SI1925,-7.463064608409216e-08
MDWH0_SI665,-2.305210165848786e-05
MDWH0_SX125,-3.2419516679106487e-06
MDWH0_SX215,-3.0759028222009136e-06
MDWH0_SX305,-3.8929403789581794e-05
MDWH0_SX35,-1.3413450991113982e-06
MDWH0_SX395,-0.005699515342712402
MDWM0_SI1546,-1.231537145726821e-07
MDWM0_SI2176,-1.1588912457227707e-05
MDWM0_SI916,-5.1224827766418455e-05
MDWM0_SX106,-9.723504384358724e-06
MDWM0_SX16,-9.625022011321216e-06
MDWM0_SX286,-8.96954945489472e-06
MDWM0_SX376,-1.2111055051408164e-06
MDWM0_SX433,-1.2602124895368303e-06
MEAL0_SI1547,-4.084287606279499e-06
MEAL0_SI2177,-2.3804716286523377e-06
MEAL0_SI917,-3.563861052195231e-06
MEAL0_SX107,-6.414616412560766e-06
MEAL0_SX197,-1.3998399178187052e-05
MEAL0_SX287,-6.101818548308478e-06
MEAL0_SX347,-3.995787860317664e-05
MEAL0_SX377,-1.7309704652199378e-06
MEDR0_SI1374,-0.0023231613723670736
MEDR0_SI2004,-1.1817143725541731e-05
MEDR0_SI744,-1.9052198954990933e-06
MEDR0_SX114,-2.9880967405107285e-06
MEDR0_SX204,-2.1350610950321425e-06
MEDR0_SX24,-1.334060322154652e-05
MEDR0_SX294,-5.6145704972247284e-05
MEDR0_SX384,-1.98369066904137e-06
MEFG0_SI465,-4.7153144171743683e-07
MEFG0_SI491,-0.0004472498382840838
MEFG0_SI598,-0.0007902142756125506
MEFG0_SX105,-1.3338052667677402e-06
MEFG0_SX15,-6.057170169022416e-08
MEFG0_SX195,-8.150404937623534e-07
MEFG0_SX285,-1.631243804726621e-05
MEFG0_SX375,-3.610305826772343e-05
MEGJ0_SI1337,-1.9758852431550622e-05
MEGJ0_SI1967,1.0265244377983942e-07
MEGJ0_SI707,-4.935436523877657e-06
MEGJ0_SX167,-0.00033656837573895854
MEGJ0_SX257,-9.262791046729455e-06
MEGJ0_SX3,-9.875242540147156e-05
MEGJ0_SX437,-0.0001398669753937011
MEGJ0_SX77,-9.122418194282346e-08
MEJL0_SI1592,-1.5570227473150365e-07
MEJL0_SI1654,-4.082548421929064e-05
MEJL0_SI962,-9.065996963790683e-05
MEJL0_SX152,-5.2523677004501225e-05
MEJL0_SX242,-5.5396114476025105e-05
MEJL0_SX332,-1.403192679087321e-06
MEJL0_SX422,-0.00015285766373078027
MEJL0_SX62,-2.190489223806274e-07
MEJS0_SI1240,-0.0003786661795207432
MEJS0_SI1870,-0.00026763641628725773
MEJS0_SI610,-2.6772419611612954e-06
MEJS0_SX160,-0.00018237499480551863
MEJS0_SX250,-0.0006110466634615874
MEJS0_SX340,-1.6721813925400827e-05
MEJS0_SX430,-5.839202045039697e-05
MEJS0_SX70,-5.272979086095636e-07
MESG0_SI1332,-4.631141491699964e-05
MESG0_SI1962,-1.3221534363065774e-07
MESG0_SI702,-2.1530049187796457e-05
MESG0_SX162,-7.658515657697406e-05
MESG0_SX252,-1.2572635622585521e-05
MESG0_SX342,-1.0308719033168421e-05
MESG0_SX432,-5.196983164007013e-06
MESG0_SX72,-7.175432983785868e-08
MESJ0_SI2039,-0.0026834111374158124
MESJ0_SI2257,-1.3094959837017637e-06
MESJ0_SI997,-2.7091138892703584e-06
MESJ0_SX187,-1.626664346655492e-08
MESJ0_SX277,-0.00557148814201355
MESJ0_SX367,-9.221189162310432e-07
MESJ0_SX7,-0.0009615569065014522
MESJ0_SX97,-7.936187709371248e-06
MEWM0_SI1348,-2.43657710338344e-06
MEWM0_SI1978,-7.251898447672526e-07
MEWM0_SI718,-1.1377820843144467e-05
MEWM0_SX178,-2.036658539013429e-05
MEWM0_SX268,-0.0061792149776365695
MEWM0_SX358,-4.3740362377354394e-07
MEWM0_SX448,5.960291203117432e-08
MEWM0_SX88,-1.6837551885721635e-06
MFER0_SI1492,-3.459660903267238e-07
MFER0_SI2122,-5.055992754504961e-06
MFER0_SI862,-0.0001921894649664561
MFER0_SX142,2.561116319987417e-08
MFER0_SX232,-1.6374026679179885e-06
MFER0_SX322,-2.578352436874852e-07
MFER0_SX412,2.9336661100387573e-08
MFER0_SX52,-1.334971407564675e-07
MFMC0_SI1132,-9.778018769187232e-06
MFMC0_SI1762,-0.00014464472848418596
MFMC0_SI502,-1.9497147150104865e-06
MFMC0_SX142,-0.0008490548488941598
MFMC0_SX232,-0.0002956119450655851
MFMC0_SX322,-5.750445758595186e-05
MFMC0_SX412,-3.323260813864858e-05
MFMC0_SX52,-1.30156675974528e-05
MFRM0_SI1155,-2.7366913855075836e-06
MFRM0_SI1717,-6.266126417488392e-06
MFRM0_SI1785,-1.5570836908677046e-05
MFRM0_SX165,-2.1286774426698685e-05
MFRM0_SX255,-3.247705260009477e-07
MFRM0_SX345,-8.531288975583655e-07
MFRM0_SX435,-0.00012843186656634012
MFRM0_SX75,-1.2814998626708984e-07
MFWK0_SI1249,-1.4317035675048828e-06
MFWK0_SI1879,-1.3945391401648521e-05
MFWK0_SI619,-5.954785996841059e-06
MFWK0_SX169,-2.5488261599093676e-06
MFWK0_SX259,-1.6768750570276205e-05
MFWK0_SX349,-0.000936234819478002
MFWK0_SX439,-5.22306395901574e-07
MFWK0_SX79,-4.492518378467095e-06
MFXS0_SI1674,-3.3775965372721356e-07
MFXS0_SI2225,-0.005926744546741247
MFXS0_SI2304,-1.9305193721241243e-05
MFXS0_SX144,-2.5832217722905405e-05
MFXS0_SX234,-1.2862112592248355e-06
MFXS0_SX324,-4.787551266933555e-05
MFXS0_SX414,-6.446257493523664e-06
MFXS0_SX54,-1.031061013539632e-05
MFXV0_SI1005,-2.9297890486540616e-05
MFXV0_SI1342,-9.269265733151273e-07
MFXV0_SI1635,-4.886652378546488e-07
MFXV0_SX105,1.0606120614444508e-07
MFXV0_SX15,4.238928809310451e-08
MFXV0_SX195,-0.02774965244790782
MFXV0_SX285,-8.001095718807644e-07
MFXV0_SX375,-6.893822900587466e-06
MGAF0_SI1282,-0.0001654317144487725
MGAF0_SI1912,-0.0003787995582180364
MGAF0_SI652,-0.0010991019799428828
MGAF0_SX112,-6.1899384794135886e-06
MGAF0_SX202,-1.6473222785862163e-07
MGAF0_SX22,-0.00014501065015792847
MGAF0_SX292,-0.0002624568890552131
MGAF0_SX382,-1.0220384275591051e-06
MGAG0_SI1321,-0.009727956955892998
MGAG0_SI645,-1.2583862332141269e-05
MGAG0_SI691,-1.9287885251370344e-05
MGAG0_SX151,-9.360116754853447e-06
MGAG0_SX241,-3.074062078667339e-06
MGAG0_SX331,-5.787817468499822e-06
MGAG0_SX421,-4.010322902883802e-05
MGAG0_SX61,-8.831505611952809e-06
MGAK0_SI1036,-0.00011724144509383317
MGAK0_SI1666,-3.046074083873204e-05
MGAK0_SI2296,-7.208935650331633e-08
MGAK0_SX136,-0.00034724290302970954
MGAK0_SX226,-1.4479567364948552e-06
MGAK0_SX316,-0.0002198188629900587
MGAK0_SX406,-0.003969414501774068
MGAK0_SX46,-6.358229344890964e-07
MGAR0_SI1212,-4.7925017064525966e-05
MGAR0_SI1694,-0.0003939848393201828
MGAR0_SI1842,5.001864640992911e-08
MGAR0_SX132,-2.535855447923815e-05
MGAR0_SX222,-7.118320181256249e-06
MGAR0_SX312,-4.4156413938287856e-07
MGAR0_SX402,-3.2106028811540455e-05
MGAR0_SX42,2.6077032089233397e-09
MGAW0_SI1165,-0.0001429057592758909
MGAW0_SI1802,-3.235539871043173e-05
MGAW0_SI535,6.968678332798715e-08
MGAW0_SX175,-5.552104602639492e-05
MGAW0_SX265,-3.107545328223043e-06
MGAW0_SX355,-0.0001948084682226181
MGAW0_SX445,-9.216368198394775e-06
MGAW0_SX85,-5.505935405381024e-07
MGES0_SI1481,-3.722871042555198e-07
MGES0_SI2111,-3.009720852500514e-05
MGES0_SI851,-0.00035382434725761414
MGES0_SX131,-2.1990157741432388e-05
MGES0_SX221,-0.0014838177797406218
MGES0_SX311,-9.46691090410406e-05
MGES0_SX401,-0.01151724031993321
MGES0_SX41,-0.00027248159270076193
MGJC0_SI1256,-0.0006251139300210135
MGJC0_SI1335,-1.0441283921937685e-05
MGJC0_SI1965,-7.276733716328939e-07
MGJC0_SX165,-6.386863951308605e-06
MGJC0_SX255,-8.765388937557445e-09
MGJC0_SX345,-2.9857880596456857e-05
MGJC0_SX435,-1.1916800962799058e-06
MGJC0_SX75,-0.00011555291712284088
MGRL0_SI1497,-3.639728792252079e-06
MGRL0_SI2127,-3.1204784617704504e-07
MGRL0_SI867,-0.00026097124228711987
MGRL0_SX147,-3.6100012271903284e-06
MGRL0_SX237,-1.434017630184398e-06
MGRL0_SX327,-1.8574841893636262e-05
MGRL0_SX417,-3.8111634478953326e-06
MGRL0_SX57,-9.493642816475282e-07
MGRP0_SI1317,-0.0003311906080200987
MGRP0_SI1947,-8.710149315095717e-06
MGRP0_SI687,-0.00020666006538603042
MGRP0_SX147,-9.025675852013671e-05
MGRP0_SX237,-1.692793969261019e-05
MGRP0_SX327,-1.2892694766854956e-05
MGRP0_SX417,-9.843797000174068e-06
MGRP0_SX57,-9.183936259325813e-07
MGSH0_SI1176,-9.715506166685373e-06
MGSH0_SI1806,-0.0027107558189294278
MGSH0_SI546,-0.013831707062544647
MGSH0_SX127,-2.6421000560124714e-05
MGSH0_SX186,-0.00045005411937319
MGSH0_SX276,-3.166498885320834e-08
MGSH0_SX6,-0.0004402903410104605
MGSH0_SX96,-0.00030417398860057193
MGSL0_SI1164,-6.361679879773874e-06
MGSL0_SI534,-1.112108293455094e-06
MGSL0_SI797,-4.398595289482425e-07
MGSL0_SX174,-3.850076980185959e-05
MGSL0_SX264,-0.0003543302968696312
MGSL0_SX354,-2.0446321521435053e-05
MGSL0_SX444,-7.772767865979994e-07
MGSL0_SX84,-0.0007964815789212784
MGXP0_SI1087,-0.0005292857272757424
MGXP0_SI457,-0.00010002938356122067
MGXP0_SI525,-4.86458683836049e-06
MGXP0_SX187,-4.218371451805489e-07
MGXP0_SX277,-1.1036438601357596e-05
MGXP0_SX367,-0.00011615227493974898
MGXP0_SX7,-1.0330615372493349e-05
MGXP0_SX97,-1.831508019346405e-06
MHBS0_SI1575,-1.914651963759113e-05
MHBS0_SI2205,-0.000619770112362775
MHBS0_SI945,-0.00012370629899077497
MHBS0_SX135,-1.277012581175024e-06
MHBS0_SX225,-4.941120725841476e-06
MHBS0_SX315,-9.253355009215219e-07
MHBS0_SX405,-0.0007317045552505029
MHBS0_SX45,-2.2977703448497886e-06
MHIT0_SI1613,-0.0001813187546124964
MHIT0_SI2243,-8.216178975999356e-06
MHIT0_SI983,-2.8739000360171e-05
MHIT0_SX173,-0.0003726199641823769
MHIT0_SX263,-5.109980390573452e-07
MHIT0_SX353,-4.138594323938543e-05
MHIT0_SX443,-1.619272904160122e-05
MHIT0_SX83,-1.2136391691259436e-05
MHJB0_SI1017,-2.590396131078402e-06
MHJB0_SI1647,-5.0605127685948424e-05
MHJB0_SI2277,-0.0002301731812102454
MHJB0_SX117,-9.49312403287378e-06
MHJB0_SX207,-0.0001598175453103107
MHJB0_SX27,-9.840300306677818e-05
MHJB0_SX297,-4.915941146112257e-06
MHJB0_SX387,-3.103259950876236e-06
MHMG0_SI1365,-0.0012254659086465836
MHMG0_SI1995,-3.381340357009321e-05
MHMG0_SI735,-0.010332655488399038
MHMG0_SX105,3.947931048742248e-08
MHMG0_SX15,-1.2948453331773635e-06
MHMG0_SX195,-0.00017380416393280028
MHMG0_SX285,-2.333702468604315e-06
MHMG0_SX375,-2.8831884264945986e-06
MHMR0_SI1119,-0.00012028135472174847
MHMR0_SI1692,-4.673790464406473e-05
MHMR0_SI489,-2.9533825909311417e-06
MHMR0_SX129,-1.2424308806657791e-05
MHMR0_SX219,-4.505695298660633e-06
MHMR0_SX309,-9.621498061389458e-05
MHMR0_SX39,-1.2502437684594132e-07
MHMR0_SX399,-3.405965226529925e-06
MHRM0_SI1475,-3.519535064697266e-05
MHRM0_SI2218,-3.306018678765548e-05
MHRM0_SI958,-5.587664517489347e-05
MHRM0_SX148,-4.951414224263784e-06
MHRM0_SX238,-5.274628981565818e-07
MHRM0_SX328,-1.5887174200504385e-06
MHRM0_SX418,-7.729027665367252e-07
MHRM0_SX58,-0.011473300410251991
MHXL0_SI1772,-3.338947221088936e-05
MHXL0_SI512,-0.003077990299946553
MHXL0_SI612,-2.38189330467811e-06
MHXL0_SX152,-5.304870228428627e-07
MHXL0_SX242,-7.6036279400189715e-06
MHXL0_SX332,-8.196638124745067e-06
MHXL0_SX422,-0.00015311997111250715
MHXL0_SX62,-1.5214358096603642e-07
MILB0_SI2163,-2.309740397542941e-06
MILB0_SI807,-7.341512375407749e-05
MILB0_SI903,-0.00030739413517894167
MILB0_SX183,-1.8301005992624496e-06
MILB0_SX273,-2.7939677238464355e-08
MILB0_SX3,-1.7611309885978699e-06
MILB0_SX363,-9.820645763760521e-05
MILB0_SX93,-3.4050485119223595e-05
MJAC0_SI1331,-3.359381718417773e-05
MJAC0_SI2148,-1.7402427537100656e-07
MJAC0_SI701,-3.691221917829206e-06
MJAC0_SX251,-7.811244218968428e-06
MJAC0_SX307,-2.240203320980072e-06
MJAC0_SX341,-1.8937885761260988e-05
MJAC0_SX431,-4.3509920176706815e-07
MJAC0_SX71,-0.0010673736446890339
MJAE0_SI1524,-2.193117612286618e-05
MJAE0_SI1999,-8.759381469442613e-06
MJAE0_SI2154,-1.378375827698619e-06
MJAE0_SX174,-2.10528075209974e-06
MJAE0_SX264,-6.006870033412144e-07
MJAE0_SX354,-0.0002815949127954595
MJAE0_SX444,-2.7800759149564278e-05
MJAE0_SX84,-1.3756109348667616e-05
MJAI0_SI1604,-8.96299413094918e-06
MJAI0_SI682,-1.1930269045898547e-06
MJAI0_SI710,-0.000885290740910223
MJAI0_SX164,-0.001004072752865878
MJAI0_SX254,-1.9868214925130207e-08
MJAI0_SX344,-3.329788645108541e-06
MJAI0_SX434,-2.396765921730548e-06
MJAI0_SX74,-1.6159542343195746e-06
MJBG0_SI1232,-5.712256182071774e-06
MJBG0_SI1724,-1.8493405410221646e-07
MJBG0_SI1862,-3.595705493353307e-07
MJBG0_SX152,-3.82135511331615e-06
MJBG0_SX242,-4.278970378878954e-05
MJBG0_SX332,-9.243289629618327e-05
MJBG0_SX422,-0.0031161740785691796
MJBG0_SX62,-0.0004218517906135983
MJDA0_SI1031,-5.066395374342392e-07
MJDA0_SI1661,-1.952052116394043e-05
MJDA0_SI2291,-1.2984766775893198e-05
MJDA0_SX131,-6.109167931272703e-07
MJDA0_SX221,-2.2794648851608722e-06
MJDA0_SX311,-3.332974897189574e-06
MJDA0_SX401,-1.9917534830580866e-06
MJDA0_SX41,-0.0006225102774377139
MJDC0_SI1161,-6.559267640113831e-06
MJDC0_SI2165,-0.03762548044323921
MJDC0_SI531,-0.0005219833830655632
MJDC0_SX171,-2.2691123339594628e-05
MJDC0_SX261,1.612310866634785e-07
MJDC0_SX351,-5.710487752113231e-05
MJDC0_SX441,-0.00015131495071246345
MJDC0_SX81,-0.00040422251512264385
MJDE0_SI1120,-0.00015431450447067618
MJDE0_SI463,-4.547081771306693e-05
MJDE0_SI490,-0.0001330678553684898
MJDE0_SX130,-0.00024573069394511333
MJDE0_SX220,-1.01924262708053e-06
MJDE0_SX310,-7.999962881991737e-06
MJDE0_SX40,-9.5594998287118e-06
MJDE0_SX400,-0.0020801404990800996
MJDG0_SI1042,-3.78406831360836e-06
MJDG0_SI1672,-0.000639498078574737
MJDG0_SI1705,-0.00016856966195283112
MJDG0_SX142,-2.3445843354515406e-06
MJDG0_SX232,-6.117353737151817e-06
MJDG0_SX322,-8.481147233396769e-07
MJDG0_SX412,-9.33722450016913e-06
MJDG0_SX52,-2.0084173783012058e-08
MJDM0_SI1340,-0.00023292386721746595
MJDM0_SI1937,1.4128727343631908e-07
MJDM0_SI974,-6.333431776832131e-06
MJDM0_SX170,-0.0008471198379993439
MJDM0_SX260,-0.009466518958409628
MJDM0_SX350,-5.3111386174956955e-05
MJDM0_SX440,-8.514633009326644e-06
MJDM0_SX80,-2.134792157448828e-06
MJEB0_SI1286,-6.086656704862067e-05
MJEB0_SI1916,-5.637748977783808e-07
MJEB0_SI656,-0.00043427348136901853
MJEB0_SX170,-3.4288767809894954e-06
MJEB0_SX206,-1.4299343669469036e-06
MJEB0_SX26,-3.961108159273863e-06
MJEB0_SX296,-6.618774345805568e-08
MJEB0_SX386,-2.889068010488465e-07
MJEB1_SI1467,-0.0013646554005773443
MJEB1_SI2097,-3.128007731654427e-05
MJEB1_SI837,-0.00013887276083736098
MJEB1_SX117,-9.652727749198675e-06
MJEB1_SX207,-9.012719601741992e-06
MJEB1_SX27,-1.085866242647171e-06
MJEB1_SX297,-2.510725490508541e-06
MJEB1_SX387,-2.7677774227954245e-06
MJEE0_SI1237,-5.473332119156392e-08
MJEE0_SI1867,-6.433787780839043e-05
MJEE0_SI607,-6.3877604487869476e-06
MJEE0_SX157,-1.0735820978879929e-06
MJEE0_SX247,-5.9220791709694e-06
MJEE0_SX337,-1.702830195426941e-06
MJEE0_SX427,-1.043332408049277e-05
MJEE0_SX67,-0.0006761964918537574
MJFH0_SI1107,-0.0020961491391062737
MJFH0_SI1737,-2.8053441201336683e-05
MJFH0_SI477,-0.00012289015412853476
MJFH0_SX117,-1.590062650696685e-05
MJFH0_SX207,-1.0766088962554932e-06
MJFH0_SX27,1.923181116580963e-08
MJFH0_SX297,-4.2194143558541936e-05
MJFH0_SX387,-3.523012069431511e-05
MJFR0_SI1605,-0.00010869874795143669
MJFR0_SI2235,-9.72896602682092e-05
MJFR0_SI975,-0.00024020231794565916
MJFR0_SX165,-2.71335244178772e-05
MJFR0_SX255,-3.981706686317921e-05
MJFR0_SX345,-5.366901556650797e-05
MJFR0_SX435,-0.00016919856604475243
MJFR0_SX75,-1.159584247612987e-06
MJHI0_SI1328,-1.7959202523343265e-05
MJHI0_SI555,-7.698926908363189e-05
MJHI0_SI698,-0.0004894382187298366
MJHI0_SX158,-1.3585252288196768e-08
MJHI0_SX248,-1.689390494273259e-05
MJHI0_SX338,-2.7322050716195787e-05
MJHI0_SX428,-5.977024961288811e-07
MJHI0_SX68,-0.00011160027454881107
MJJB0_SI1139,-3.0177324239549966e-05
MJJB0_SI1277,-3.410652667904893e-05
MJJB0_SI1769,-0.00986438151448965
MJJB0_SX149,-8.237300480299807e-07
MJJB0_SX239,7.031482911972691e-08
MJJB0_SX329,-0.0004659857600927353
MJJB0_SX419,-4.013257755621059e-06
MJJB0_SX59,-6.868893671288298e-07
MJJJ0_SI1163,-7.532401923526777e-06
MJJJ0_SI1793,-6.573647260665894e-05
MJJJ0_SI533,-4.045370470492109e-06
MJJJ0_SX173,-2.300341535980503e-05
MJJJ0_SX263,-5.60666476617214e-07
MJJJ0_SX353,-4.958499959039111e-05
MJJJ0_SX443,-7.259123958647251e-06
MJJJ0_SX83,-6.936591219257664e-07
MJJM0_SI1251,-9.507220238447189e-06
MJJM0_SI1457,-0.0006890667570849596
MJJM0_SI827,-0.0002851260674966348
MJJM0_SX107,-4.897018273671468e-05
MJJM0_SX17,-2.9573962092399596e-05
MJJM0_SX197,-1.4652498066425323e-05
MJJM0_SX287,-1.4179570012186702e-06
MJJM0_SX377,-8.430609496582935e-07
MJKR0_SI1201,-2.6966884451092414e-05
MJKR0_SI1831,-4.802416596147749e-06
MJKR0_SI571,-1.3525328702396817e-05
MJKR0_SX121,-3.244818710699314e-06
MJKR0_SX211,-1.91847314400708e-06
MJKR0_SX301,-0.0004042270593345165
MJKR0_SX31,-7.883667981681916e-08
MJKR0_SX391,-1.3319776917342096e-05
MJLB0_SI1616,-9.33301117685106e-06
MJLB0_SI2246,-0.0001307298187856321
MJLB0_SI986,-1.705244578646891e-06
MJLB0_SX176,-0.0010338363830338824
MJLB0_SX266,-3.126287652600196e-05
MJLB0_SX356,-3.869871072696917e-06
MJLB0_SX446,-1.2244503849591965e-08
MJLB0_SX86,-4.066574958062941e-07
MJLG1_SI1012,-3.97996319567456e-05
MJLG1_SI1642,-0.0006770427072686809
MJLG1_SI2272,-0.00014213360530340065
MJLG1_SX112,-4.9375198982857366e-05
MJLG1_SX202,-3.17434714816045e-07
MJLG1_SX22,-0.0018965613774277947
MJLG1_SX292,-1.2864654326774911e-05
MJLG1_SX382,-1.6554019963129973e-05
MJLS0_SI1096,-7.161812391132116e-06
MJLS0_SI1726,-0.007028023712337017
MJLS0_SI466,-9.218166614400929e-07
MJLS0_SX106,-2.0700802754921218e-07
MJLS0_SX16,-1.558590502966018e-06
MJLS0_SX196,-1.6351202724590187e-05
MJLS0_SX286,-5.1841788066952834e-05
MJLS0_SX376,-3.818866042863755e-06
MJMA0_SI1495,-0.00015015916065558006
MJMA0_SI2125,-3.244351067293722e-05
MJMA0_SI865,-0.00022139772772789001
MJMA0_SX145,-1.7377046438363882e-06
MJMA0_SX235,4.1815413472553094e-08
MJMA0_SX325,-4.447422921657562e-05
MJMA0_SX415,-4.800346990426381e-06
MJMA0_SX55,-1.7786398530006408e-06
MJMD0_SI1028,-3.131765137928037e-05
MJMD0_SI1658,-5.055166548117996e-06
MJMD0_SI2288,-3.5055451902851e-08
MJMD0_SX128,-3.0215844162739815e-06
MJMD0_SX218,-4.590884782373905e-05
MJMD0_SX308,-0.0003109076608191518
MJMD0_SX38,-1.0099760148414346e-06
MJMD0_SX398,-2.7607000151345896e-06
MJMM0_SI1255,-8.132358440586056e-07
MJMM0_SI1885,-6.015655226629288e-08
MJMM0_SI625,-4.4196220936582367e-07
MJMM0_SX175,-7.51523237506097e-06
MJMM0_SX265,1.093674753163312e-07
MJMM0_SX355,-0.00034726207906549627
MJMM0_SX445,-3.887470537687049e-06
MJMM0_SX85,-1.6088573936619521e-06
MJPG0_SI1191,-8.812954868463908e-06
MJPG0_SI1821,-0.00016009165295239152
MJPG0_SI561,-3.867594020093902e-05
MJPG0_SX111,-8.259106565404821e-06
MJPG0_SX201,-3.6768405698239805e-05
MJPG0_SX21,-5.342869553714991e-06
MJPG0_SX291,-9.33570594623171e-07
MJPG0_SX381,-2.291837834843224e-05
MJPM0_SI1368,-5.9936786003943e-05
MJPM0_SI1998,2.0062240461508434e-08
MJPM0_SI738,-2.40089138969779e-07
MJPM0_SX108,-9.384226157433457e-05
MJPM0_SX18,-1.7120531111052542e-06
MJPM0_SX198,-0.0001772391641962117
MJPM0_SX288,-0.00010530442692512689
MJPM0_SX378,-6.141837098096546e-05
MJPM1_SI1897,-1.0518466725068935e-06
MJPM1_SI2280,-8.683314676587046e-07
MJPM1_SI761,-9.57038481624759e-07
MJPM1_SX131,-0.00022944788049374308
MJPM1_SX221,-5.7019714620851336e-05
MJPM1_SX311,-0.00011897938592093331
MJPM1_SX401,-8.845895839234194e-06
MJPM1_SX41,-6.6732366879781084e-06
MJRA0_SI1236,-0.0004639708437025547
MJRA0_SI1866,-9.846336701337029e-05
MJRA0_SI606,-1.2249530603488287e-05
MJRA0_SX156,-0.00010773729770741565
MJRA0_SX246,-5.5267669917416896e-06
MJRA0_SX336,-1.2082599655345635e-05
MJRA0_SX426,-9.203571322801951e-05
MJRA0_SX66,-1.2653645417476827e-05
MJRG0_SI1366,-3.4784110799332016e-07
MJRG0_SI1996,-8.838833309710026e-08
MJRG0_SI736,-5.442279808480164e-05
MJRG0_SX106,-4.951655864715576e-06
MJRG0_SX16,-0.0005611407437494823
MJRG0_SX286,-3.073747269809246e-05
MJRG0_SX352,-4.133572943057075e-06
MJRG0_SX376,-1.173947721992324e-05
MJRH0_SI1125,-5.936544192464728e-06
MJRH0_SI1755,-9.16414095887116e-06
MJRH0_SI1840,-2.4815090000629425e-05
MJRH0_SX135,-0.00021973150078116393
MJRH0_SX225,-0.0021907215317090354
MJRH0_SX315,-1.5062346522297179e-05
MJRH0_SX405,-8.723026611905142e-07
MJRH0_SX45,-1.209427043044519e-05
MJRH1_SI1558,-0.003471360965208574
MJRH1_SI1774,-1.829900943181094e-05
MJRH1_SI514,-0.0001317818954201608
MJRH1_SX154,-0.00021645777365740607
MJRH1_SX244,-2.4026348477318174e-06
MJRH1_SX334,-4.008960197953617e-06
MJRH1_SX424,-1.7051585018634796e-05
MJRH1_SX64,-2.1516486550822403e-05
MJRK0_SI1662,-2.3759901523590088e-05
MJRK0_SI2103,-4.28430297795464e-06
MJRK0_SI880,-7.359278811649842e-05
MJRK0_SX160,-0.00023544389340612623
MJRK0_SX250,-6.764543612893575e-07
MJRK0_SX340,-1.0605435818433762e-07
MJRK0_SX430,-0.0016097106660405796
MJRK0_SX70,-7.358379662036896e-07
MJRP0_SI1835,-5.002532686505999e-08
MJRP0_SI1845,-9.216608539704353e-05
MJRP0_SI585,-3.6421790719032286e-05
MJRP0_SX135,-1.6152520071376453e-06
MJRP0_SX225,-3.163273446261883e-05
MJRP0_SX315,-1.2726123843874251e-05
MJRP0_SX405,-0.0002630622022681766
MJRP0_SX45,-0.0005093299680285983
MJSR0_SI1424,-0.014783348792638535
MJSR0_SI2054,-0.00011578435867519702
MJSR0_SI794,-6.712045121405805e-05
MJSR0_SX164,-8.48660343571713e-06
MJSR0_SX254,-4.593531290690104e-05
MJSR0_SX344,-7.306536038716634e-05
MJSR0_SX434,-3.582462668418884e-06
MJSR0_SX74,-3.693276084959507e-07
MJWG0_SI2155,6.146728992462158e-08
MJWG0_SI813,-0.00021505438807335766
MJWG0_SI895,-0.00010488801277600802
MJWG0_SX175,-1.4507344790867397e-05
MJWG0_SX265,-0.0039845262513016205
MJWG0_SX355,-2.3582322154975224e-06
MJWG0_SX445,-8.581745946271853e-06
MJWG0_SX85,-2.0779782172405357e-06
MJWS0_SI1143,-0.00019053773834340034
MJWS0_SI1773,-0.009008958484187271
MJWS0_SI513,1.4190415018483212e-08
MJWS0_SX153,-1.7898051257087094e-06
MJWS0_SX243,-0.0004383599976213967
MJWS0_SX333,-5.391364619653258e-06
MJWS0_SX423,-8.511909012061854e-05
MJWS0_SX63,-7.788368843887982e-07
MJWT0_SI1291,-6.221869170985883e-07
MJWT0_SI1381,-5.065559202598201e-05
MJWT0_SI751,-0.00011934656085390033
MJWT0_SX121,-0.002475726489837353
MJWT0_SX211,-1.392601167454439e-05
MJWT0_SX301,-0.00011795639109454657
MJWT0_SX31,-3.9510169126852246e-06
MJWT0_SX391,-2.3677553001203034e-05
MJXA0_SI1507,-0.00014624788533323086
MJXA0_SI2137,-0.00014980281481430645
MJXA0_SI877,-1.072116634424995e-06
MJXA0_SX157,-7.641662297577693e-08
MJXA0_SX247,-1.7844933144589687e-06
MJXA0_SX337,-4.061258309898344e-05
MJXA0_SX427,-2.9026168004538004e-06
MJXA0_SX67,-0.0043326045681790605
MJXL0_SI1172,-4.289445818447676e-05
MJXL0_SI1795,-6.194813998744768e-05
MJXL0_SI542,-1.1038801242266932e-07
MJXL0_SX182,-1.2401445849758128e-06
MJXL0_SX272,-0.0012336837557645945
MJXL0_SX362,-0.000492640815320469
MJXL0_SX452,-7.874755696816878e-07
MJXL0_SX92,-0.0001404924052102225
MKAG0_SI1609,-7.045318550885991e-05
MKAG0_SI2239,-6.160497665405273e-05
MKAG0_SI979,-0.00032344724862806256
MKAG0_SX169,-3.375193223402631e-06
MKAG0_SX259,-0.002636932745212462
MKAG0_SX30,-0.0021628338098526
MKAG0_SX439,-1.8658847298154244e-07
MKAG0_SX79,-4.439699181983637e-05
MKAH0_SI1528,-4.8412259073100155e-05
MKAH0_SI2158,-1.993468579124002e-06
MKAH0_SI898,-8.015188059824354e-06
MKAH0_SX178,-0.00026083678007125853
MKAH0_SX268,-4.6477869672830714e-07
MKAH0_SX358,-2.973406888737247e-06
MKAH0_SX448,-3.017771916802303e-07
MKAH0_SX88,-1.691700890660286e-05
MKAJ0_SI1414,-1.0972406016662717e-06
MKAJ0_SI2044,-4.966075167707775e-06
MKAJ0_SI784,-4.69311617496537e-06
MKAJ0_SX154,-2.348203129405456e-06
MKAJ0_SX244,-1.461078145672591e-06
MKAJ0_SX334,-1.328661917419783e-05
MKAJ0_SX424,-8.734710076275994e-07
MKAJ0_SX64,8.401467413124111e-08
MKAM0_SI1250,-1.6060506459325553e-05
MKAM0_SI1316,-5.2738843510883885e-05
MKAM0_SI1465,-3.426543521022217e-06
MKAM0_SX146,-6.833246776035853e-08
MKAM0_SX236,-8.135409124435918e-05
MKAM0_SX326,-1.1814051660998114e-05
MKAM0_SX416,-7.930749820338355e-05
MKAM0_SX56,-4.359679978068282e-06
MKDB0_SI2132,-7.4100435564392495e-06
MKDB0_SI588,-0.0015767612333955437
MKDB0_SI872,-7.565951244415421e-06
MKDB0_SX152,-0.003024112887498809
MKDB0_SX242,-1.2524268665426487e-05
MKDB0_SX332,-3.450138624324355e-06
MKDB0_SX422,-3.969160521902689e-06
MKDB0_SX62,-1.2254383828904893e-05
MKDD0_SI1567,-7.072962820529938e-05
MKDD0_SI2197,-0.00016766951599142007
MKDD0_SI937,-2.4984280268351236e-07
MKDD0_SX127,-5.454148935235065e-06
MKDD0_SX217,-0.0008349519533415636
MKDD0_SX307,-0.0005717250917639051
MKDD0_SX37,-1.2035123195107046e-07
MKDD0_SX397,-1.2055383515818154e-05
MKDT0_SI2153,-4.260983663581071e-05
MKDT0_SI814,-0.00018952736410044008
MKDT0_SI893,-2.1857045152608087e-06
MKDT0_SX173,-0.0052583408355712895
MKDT0_SX263,-9.687883513314383e-06
MKDT0_SX353,-4.937721314490773e-06
MKDT0_SX443,-2.14879942961551e-05
MKDT0_SX83,-1.7107505950012378e-06
MKES0_SI1253,-4.6926323280093215e-07
MKES0_SI1883,-0.0010181979682200993
MKES0_SI623,-0.0002238373789522383
MKES0_SX173,-0.0003106221556663513
MKES0_SX263,-5.280560109330791e-07
MKES0_SX353,-1.6387664910518762e-05
MKES0_SX443,-0.00022425474599003793
MKES0_SX83,5.6801486368242064e-08
MKJO0_SI1517,-6.1542239217531115e-06
MKJO0_SI2147,-9.01119148528034e-06
MKJO0_SI887,-3.665076413502296e-05
MKJO0_SX167,-1.262287630445578e-05
MKJO0_SX257,-2.839817450596736e-06
MKJO0_SX424,-9.979521564673632e-07
MKJO0_SX437,-0.002602848775532781
MKJO0_SX77,-2.1574152578111916e-05
MKLN0_SI1598,-6.964536017524855e-07
MKLN0_SI2228,-4.668223361174265e-06
MKLN0_SI968,-0.0002682221432526906
MKLN0_SX158,-2.5301424708838266e-06
MKLN0_SX248,-9.760517498542522e-05
MKLN0_SX338,-1.0150588221020169e-05
MKLN0_SX428,-1.1031012238365494e-06
MKLN0_SX68,-2.1533962960044544e-05
MKLR0_SI1059,-2.490151091478765e-06
MKLR0_SI1689,-1.0736859761751615e-05
MKLR0_SI2319,-1.7775977202863606e-05
MKLR0_SX159,-2.7415151432958533e-07
MKLR0_SX249,-0.0023297697592240115
MKLR0_SX339,2.990843988241508e-08
MKLR0_SX429,2.485059147667406e-08
MKLR0_SX69,-5.798426627734443e-06
MKLS0_SI1437,-9.435244271012604e-06
MKLS0_SI1533,-0.0003790913247748425
MKLS0_SI2067,-9.492039680480957e-07
MKLS0_SX177,-3.8767512887716294e-06
MKLS0_SX267,-1.2399297422514512e-05
MKLS0_SX357,-2.064559084828943e-05
MKLS0_SX447,-0.0003052647583759748
MKLS0_SX87,-1.3749897548490588e-05
MKLS1_SI1545,-5.8516860008239746e-05
MKLS1_SI2175,-2.485566833258971e-05
MKLS1_SI915,-3.659338208621946e-05
MKLS1_SX105,-7.315061145251797e-05
MKLS1_SX15,-1.5251781031325021e-06
MKLS1_SX195,-6.92903995513916e-07
MKLS1_SX285,-0.0016107698281606039
MKLS1_SX375,-0.00030086934566497803
MKLW0_SI1571,-4.650246013294567e-06
MKLW0_SI1844,-0.005723623093217611
MKLW0_SI2201,-5.403929972089827e-05
MKLW0_SX131,-1.0278284510908027e-06
MKLW0_SX221,-1.6999415079639717e-06
MKLW0_SX311,-7.005185835947425e-05
MKLW0_SX401,-4.5159742945716496e-05
MKLW0_SX41,-0.0001603358267050869
MKRG0_SI1491,-1.2733090922913768e-05
MKRG0_SI2121,-1.2029301036487927e-06
MKRG0_SI861,-7.0926983392349e-05
MKRG0_SX141,-7.769894442130213e-08
MKRG0_SX231,-1.5321188997900621e-06
MKRG0_SX31,-1.0348577723981669e-06
MKRG0_SX411,-3.434266321934186e-05
MKRG0_SX51,5.3085386753082275e-08
MKXL0_SI1185,-0.013295562828288358
MKXL0_SI1815,-8.727284148335457e-05
MKXL0_SI1958,-6.232460727915168e-05
MKXL0_SX105,-6.04037796297381e-07
MKXL0_SX15,-7.486985123250633e-05
MKXL0_SX195,-8.131863306397977e-07
MKXL0_SX285,-4.6307521481667794e-05
MKXL0_SX375,-1.94244262857888e-05
MLBC0_SI1239,-2.723957155028294e-05
MLBC0_SI1869,-4.686203531243584e-06
MLBC0_SI609,-1.209813907750134e-06
MLBC0_SX159,-4.262613475549261e-06
MLBC0_SX249,-6.511870126884717e-05
MLBC0_SX339,-3.6612495451289066e-05
MLBC0_SX429,-3.200862556695938e-06
MLBC0_SX69,-4.876558003681047e-06
MLEL0_SI1246,-5.668209471170687e-07
MLEL0_SI1876,-2.835514023900032e-05
MLEL0_SI616,-7.321988983500389e-05
MLEL0_SX166,-2.1728986905793012e-05
MLEL0_SX256,-0.00020692701218649745
MLEL0_SX346,-6.164482922996489e-06
MLEL0_SX436,-4.358456783887485e-06
MLEL0_SX76,-0.00042713394290522526
MLJC0_SI1225,-8.54480910945583e-06
MLJC0_SI1855,-2.089716298015494e-07
MLJC0_SI595,-9.376536409773335e-07
MLJC0_SX145,-6.321292275037521e-06
MLJC0_SX235,-2.6102778943384e-06
MLJC0_SX325,-0.0001556166896113643
MLJC0_SX415,-3.7289156918288085e-06
MLJC0_SX55,-7.599201952953908e-07
MLJH0_SI1324,-7.540557999163866e-07
MLJH0_SI1422,-2.921275349695291e-05
MLJH0_SI694,-3.0023171692281158e-05
MLJH0_SX154,-1.1872487246162361e-06
MLJH0_SX244,-3.864471800625324e-05
MLJH0_SX334,-0.0002686941262447473
MLJH0_SX424,-2.9521229277764047e-06
MLJH0_SX64,-0.0015504974871873856
MLNS0_SI1407,-2.2649765014648436e-07
MLNS0_SI2037,-0.0008804145184430209
MLNS0_SI777,-0.002143126638496623
MLNS0_SX147,-7.020470802672207e-05
MLNS0_SX237,-4.988359777550948e-06
MLNS0_SX327,-3.1810407763568024e-05
MLNS0_SX417,-1.619357275418364e-06
MLNS0_SX57,-1.1052004992961884e-05
MLSH0_SI1417,-5.37035521119833e-06
MLSH0_SI2047,-8.916296815920261e-05
MLSH0_SI787,-2.5199477871259054e-05
MLSH0_SX157,-0.0002657627154673849
MLSH0_SX247,-1.6597829728751726e-05
MLSH0_SX337,-1.8342987459618599e-06
MLSH0_SX427,-3.4618590559278217e-06
MLSH0_SX67,-8.45676376706078e-06
MMAA0_SI1588,-9.127029710832764e-07
MMAA0_SI2105,-2.2925445809960364e-05
MMAA0_SI845,-1.7700237080906376e-05
MMAA0_SX125,-4.0862587097919833e-07
MMAA0_SX215,-2.6338809245341535e-07
MMAA0_SX305,8.292082449250821e-08
MMAA0_SX35,-5.9289071941748265e-06
MMAA0_SX395,-4.7287306724450525e-07
MMAB1_SI1494,-3.717115760082379e-06
MMAB1_SI2124,-2.3527131415903567e-05
MMAB1_SI864,-1.2429537953900509e-05
MMAB1_SX144,-1.1479554373319402e-05
MMAB1_SX234,-5.364418029785156e-07
MMAB1_SX324,-5.681926671129006e-05
MMAB1_SX414,-7.020772957220311e-05
MMAB1_SX54,-0.002482237418492635
MMAG0_SI1126,-0.0002904064727552009
MMAG0_SI1756,-0.00022357484325766564
MMAG0_SI496,-7.743636767069498e-06
MMAG0_SX136,-4.391059553233424e-06
MMAG0_SX226,-4.5705417592433236e-07
MMAG0_SX316,-2.3235881034734434e-06
MMAG0_SX406,-1.8898140115197748e-06
MMAG0_SX46,-0.00012150221300544217
MMAM0_SI1597,-7.819810330315872e-05
MMAM0_SI1668,-2.4367570877075195e-05
MMAM0_SI2227,-3.3108268066176346e-06
MMAM0_SX157,-0.028916987680619764
MMAM0_SX247,-3.5580571578896564e-07
MMAM0_SX337,-2.1396539150140224e-08
MMAM0_SX427,-5.229286706218353e-07
MMAM0_SX67,-2.7520876181753057e-05
MMAR0_SI1336,-0.0005063205691320556
MMAR0_SI1966,-2.6611495823916895e-06
MMAR0_SI706,-5.3890159024911765e-06
MMAR0_SX166,-4.0193585058053334e-05
MMAR0_SX256,-8.146003892761655e-06
MMAR0_SX346,-9.547173976898193e-05
MMAR0_SX436,-5.779653141265347e-07
MMAR0_SX76,-0.0001030113571920456
MMBS0_SI1151,-2.4266816951610423e-06
MMBS0_SI1781,-0.0004938741525014242
MMBS0_SI521,-1.1475046433634677e-05
MMBS0_SX161,-1.3974029570817947e-05
MMBS0_SX251,-0.000150093670796465
MMBS0_SX341,-8.1448789304969e-06
MMBS0_SX431,-1.1619413271546364e-06
MMBS0_SX71,-1.6861384914767357e-05
MMCC0_SI1338,-0.001012671339724745
MMCC0_SI1968,-3.5222102370527055e-06
MMCC0_SI708,-1.454121760419897e-07
MMCC0_SX168,-9.758397936820984e-06
MMCC0_SX258,-7.4587085030295634e-06
MMCC0_SX348,-4.949979484081268e-07
MMCC0_SX438,-7.183387875556945e-05
MMCC0_SX78,-7.236055259046883e-07
MMDB0_SI1358,-0.00010534871059159438
MMDB0_SI1617,2.2876652523832905e-07
MMDB0_SI987,-0.00013746214764458791
MMDB0_SX177,-2.0368662752354376e-06
MMDB0_SX267,-2.6753545777561765e-05
MMDB0_SX357,-0.0001189188175910228
MMDB0_SX447,-2.7020802148259604e-06
MMDB0_SX87,-7.456610011799699e-07
MMDG0_SI1780,-6.0103389180519365e-05
MMDG0_SI2035,-7.928910908167778e-06
MMDG0_SI520,-2.0911967432176745e-07
MMDG0_SX160,-6.467236823442837e-06
MMDG0_SX250,-0.00019992524530829453
MMDG0_SX340,-0.00106002153320746
MMDG0_SX430,-0.00014598414583026238
MMDG0_SX70,8.06017355485396e-08
MMDM0_SI1311,-1.590978354215622e-05
MMDM0_SI1941,-0.001429110410667601
MMDM0_SI681,-2.3236021778786614e-06
MMDM0_SX141,-7.494077664809895e-07
MMDM0_SX231,-0.0005693055096675049
MMDM0_SX321,-0.00010692230849103494
MMDM0_SX411,-0.0022284457316765417
MMDM0_SX51,5.921445039729046e-08
MMDM1_SI1650,2.2362678464560304e-07
MMDM1_SI2043,-0.0006234970335897646
MMDM1_SI783,-4.2268806686883585e-07
MMDM1_SX153,-0.0003670329848925273
MMDM1_SX243,-5.593523383140564e-06
MMDM1_SX333,-1.228266224569204e-05
MMDM1_SX423,-3.627615861911723e-05
MMDM1_SX63,-0.00041344833693334035
MMDS0_SI1343,-0.002840975545487314
MMDS0_SI1973,-1.04618019476119e-05
MMDS0_SI713,-2.3552682250738144e-05
MMDS0_SX173,-0.00022359689076741537
MMDS0_SX263,-1.257216488873517e-06
MMDS0_SX353,-0.0006804448822813649
MMDS0_SX443,-0.00011006273950139681
MMDS0_SX83,-1.1853029718622564e-06
MMEA0_SI1388,-0.0005767603041762012
MMEA0_SI2018,-7.971296630178888e-08
MMEA0_SI758,-4.3315351039411563e-05
MMEA0_SX128,-9.675111089433943e-07
MMEA0_SX218,-2.964546805933902e-07
MMEA0_SX308,-0.0001733167446218431
MMEA0_SX38,1.0784715414047241e-07
MMEA0_SX398,-2.328311937872502e-06
MMEB0_SI1357,-4.018389154225588e-05
MMEB0_SI1987,-1.7315667154717033e-05
MMEB0_SI727,-6.969606217283469e-07
MMEB0_SX187,-2.9227563313075473e-05
MMEB0_SX327,-6.54651162525018e-05
MMEB0_SX367,-4.127128597568063e-07
MMEB0_SX7,-3.27405734704091e-05
MMEB0_SX97,-5.829414086682456e-05
MMGC0_SI1305,-1.1437904026548742e-05
MMGC0_SI1935,-8.162614461537953e-06
MMGC0_SI2184,-4.7287910053020585e-06
MMGC0_SX135,-7.119132946668701e-05
MMGC0_SX225,-2.588276509885435e-05
MMGC0_SX315,-1.4622793091332605e-07
MMGC0_SX405,-4.836382010044195e-06
MMGC0_SX45,-1.8017502346386511e-06
MMGG0_SI1079,-0.0002788828064997991
MMGG0_SI1709,-0.00047526641104083794
MMGG0_SI2339,-5.090048282661221e-06
MMGG0_SX179,-3.204490176837058e-07
MMGG0_SX269,-5.206047977221065e-06
MMGG0_SX359,-5.4801801323062846e-06
MMGG0_SX449,-0.00010874446443453127
MMGG0_SX89,-8.036823649155466e-07
MMGK0_SI1322,-2.398581828101207e-06
MMGK0_SI1952,-1.4608068501248078e-07
MMGK0_SI692,-4.929491115035489e-07
MMGK0_SX152,5.348139795289073e-08
MMGK0_SX242,-1.9693647378257343e-07
MMGK0_SX332,-2.4121580645442008e-05
MMGK0_SX422,-2.7253319366047017e-05
MMGK0_SX62,-1.8645555545122195e-07
MMJB1_SI1408,-2.1452220474801413e-07
MMJB1_SI2038,-1.6365451493153448e-06
MMJB1_SI778,-1.837313175201416e-05
MMJB1_SX148,-0.016867797116975527
MMJB1_SX238,-1.9344683500498327e-06
MMJB1_SX328,-5.40887558599934e-05
MMJB1_SX418,-1.4785008552746895e-05
MMJB1_SX58,-7.794478908461035e-08
MMLM0_SI1527,7.020564505812497e-09
MMLM0_SI2150,-6.593971712780851e-06
MMLM0_SI897,-9.655519839256041e-05
MMLM0_SX177,-4.943842068314552e-06
MMLM0_SX267,-5.499947638738723e-06
MMLM0_SX357,-0.006668222386662553
MMLM0_SX447,-1.9868214925130207e-08
MMLM0_SX87,-1.1969983045543943e-05
MMPM0_SI1061,-8.670506732804434e-06
MMPM0_SI1691,-0.00019953180761898265
MMPM0_SI2321,-3.394770222560813e-06
MMPM0_SX161,-0.000788679967323939
MMPM0_SX251,-6.577600109970795e-05
MMPM0_SX341,3.799796104431152e-08
MMPM0_SX431,-0.0007479056917332314
MMPM0_SX71,-3.348982277055902e-05
MMRP0_SI2034,2.7561418391996993e-08
MMRP0_SI717,-2.7749288294996533e-05
MMRP0_SI774,-1.6859625507744828e-06
MMRP0_SX144,-4.060775170038486e-06
MMRP0_SX234,-9.301171624375616e-06
MMRP0_SX324,-7.892088615335524e-05
MMRP0_SX414,-1.791775936172122e-06
MMRP0_SX54,-2.2782499703074186e-06
MMSM0_SI1106,-3.3346085070536056e-06
MMSM0_SI1736,-0.00010252793629964193
MMSM0_SI476,-1.2067906657018913e-05
MMSM0_SX116,-0.00035474311422418667
MMSM0_SX206,-1.0710420264374642e-05
MMSM0_SX26,-4.765042966162717e-06
MMSM0_SX296,-2.395982543627421e-06
MMSM0_SX386,-5.903850736406942e-06
MMVP0_SI1284,8.311251114154684e-08
MMVP0_SI1914,-8.767140874018272e-06
MMVP0_SI654,-3.742567007092462e-05
MMVP0_SX114,-0.00015968096920767347
MMVP0_SX204,-0.000815696788556648
MMVP0_SX294,-9.496021887351727e-06
MMVP0_SX347,-1.7328793182969095e-05
MMVP0_SX384,-0.002945309987774602
MMWB0_SI1619,-2.2216276689009232e-07
MMWB0_SI2249,-0.003306602934996287
MMWB0_SI989,-6.838323124132953e-10
MMWB0_SX179,-3.7580238989530467e-06
MMWB0_SX269,-2.0073743404022286e-07
MMWB0_SX359,-8.949200096337692e-07
MMWB0_SX449,-1.6718518500234567e-06
MMWB0_SX89,-7.618990583488575e-05
MMWS0_SI1518,-6.084936424432432e-06
MMWS0_SI559,-7.843154016882182e-05
MMWS0_SI888,-0.007951785583753843
MMWS0_SX168,-4.3230592618110005e-05
MMWS0_SX258,-4.0543183465214335e-05
MMWS0_SX348,-7.989920656351993e-07
MMWS0_SX438,-9.462237358093262e-06
MMWS0_SX78,-2.4293457637682106e-05
MMWS1_SI1071,-3.0513520927188243e-06
MMWS1_SI1701,-5.803154116230352e-07
MMWS1_SI2331,-3.2486468626302667e-07
MMWS1_SX261,-2.0884173864033073e-05
MMWS1_SX27,-3.176741302013397e-08
MMWS1_SX351,-1.4972923808988738e-06
MMWS1_SX441,-3.4817413608026174e-05
MMWS1_SX81,-5.546025931835175e-07
MMXS0_SI2136,-0.000265518477296128
MMXS0_SI629,-2.3349425045110412e-05
MMXS0_SI876,-2.5472575712397144e-05
MMXS0_SX156,-3.675969359888272e-05
MMXS0_SX246,-8.509556452433269e-06
MMXS0_SX336,-0.00013724833519922363
MMXS0_SX426,-2.568356246007858e-05
MMXS0_SX66,-2.1494322494175788e-05
MNET0_SI1446,-0.00013201013383156847
MNET0_SI2076,-1.2610272160204856e-05
MNET0_SI816,-4.282192400607624e-05
MNET0_SX186,-8.759946875466869e-07
MNET0_SX276,-1.575455826241523e-06
MNET0_SX366,-1.1087486556932038e-06
MNET0_SX6,-8.567733069260915e-05
MNET0_SX96,-0.00026214151229295466
MNTW0_SI1068,-3.952173105740951e-05
MNTW0_SI1698,-0.0001496380126034772
MNTW0_SI2328,-2.831621324211093e-06
MNTW0_SX168,-2.9802322387695312e-06
MNTW0_SX202,-6.825786549597978e-06
MNTW0_SX258,-0.00011839576669641443
MNTW0_SX348,-0.0001007942482829094
MNTW0_SX78,-4.105269908905029e-06
MPAR0_SI1576,-2.896615906673319e-05
MPAR0_SI2206,-5.1499467413380464e-05
MPAR0_SI946,-1.1552782619700712e-05
MPAR0_SX136,-4.9067156189203e-07
MPAR0_SX226,-0.00013883896853502203
MPAR0_SX316,-7.940876868463331e-07
MPAR0_SX406,-8.750359217325846e-05
MPAR0_SX46,-4.397722444048634e-06
MPEB0_SI1034,-7.20353502976267e-07
MPEB0_SI1860,-9.622086178172719e-06
MPEB0_SI600,-2.58304856040261e-06
MPEB0_SX150,-7.497242862178433e-05
MPEB0_SX240,-3.4439051523804666e-05
MPEB0_SX330,-0.00037280359844628136
MPEB0_SX420,-0.0004387317846218745
MPEB0_SX60,-9.743742785363827e-08
MPFU0_SI1258,-0.00012839296415670593
MPFU0_SI1888,-0.010892505092280251
MPFU0_SI628,-1.286353367366687e-06
MPFU0_SX178,-3.261478873444539e-05
MPFU0_SX268,-0.0003147762875224269
MPFU0_SX358,-0.0003426725705785136
MPFU0_SX448,-2.738088369369507e-07
MPFU0_SX88,-8.718395719722825e-06
MPGH0_SI1554,-0.001091042963358072
MPGH0_SI675,-9.036250412464142e-05
MPGH0_SI924,-3.7967481396415015e-06
MPGH0_SX114,-5.512302419502344e-07
MPGH0_SX204,-2.252643988017113e-06
MPGH0_SX24,-0.00014550717813628062
MPGH0_SX294,-3.534003293939999e-05
MPGH0_SX384,-1.6780279111117124e-06
MPGR0_SI1410,-7.268455293443468e-07
MPGR0_SI2040,-1.7543345512378784e-06
MPGR0_SI780,-7.778555154800415e-06
MPGR0_SX150,-0.0002296080191930135
MPGR0_SX240,-0.00047315493589494286
MPGR0_SX330,-1.8767831607948284e-05
MPGR0_SX420,-0.00013307633085383308
MPGR0_SX60,-1.4095939695835113e-06
MPGR1_SI1269,-8.046627044677734e-07
MPGR1_SI1499,-1.6124161336113486e-05
MPGR1_SI2129,-0.0002934074176377372
MPGR1_SX149,-8.576316126298321e-06
MPGR1_SX239,-0.00013577959367207118
MPGR1_SX329,-1.2906787630457145e-06
MPGR1_SX419,-4.450103086936805e-05
MPGR1_SX59,-0.009084373712539673
MPMB0_SI1501,-0.00011819601058959961
MPMB0_SI2131,-6.070688767876062e-06
MPMB0_SI871,-0.0009320448887975592
MPMB0_SX151,-1.9560114252476058e-06
MPMB0_SX241,1.1510388558786927e-07
MPMB0_SX331,-3.779265920028967e-05
MPMB0_SX421,-3.417802823556436e-06
MPMB0_SX61,-0.0002810834751774867
MPPC0_SI1412,-2.474424945830833e-06
MPPC0_SI2042,-6.510791453448209e-08
MPPC0_SI782,-7.456147365949371e-06
MPPC0_SX152,-0.0047649875283241275
MPPC0_SX242,-0.005509601698981391
MPPC0_SX332,-6.052543453517415e-07
MPPC0_SX422,-2.9542221454903484e-06
MPPC0_SX62,-1.9782225514740447e-06
MPRB0_SI1205,-6.50795447009225e-07
MPRB0_SI1215,-0.00017045410174243856
MPRB0_SI575,-0.00015058800239454615
MPRB0_SX125,-4.984731276636012e-07
MPRB0_SX215,-0.00202342513948679
MPRB0_SX305,-2.7347744132081667e-06
MPRB0_SX35,-5.5631001790364584e-08
MPRB0_SX395,-3.100166142713733e-05
MPRD0_SI1431,-1.801577794443195e-05
MPRD0_SI2061,-2.2307590370473918e-06
MPRD0_SI801,-2.5344907112841337e-05
MPRD0_SX171,-3.216443238434968e-06
MPRD0_SX261,1.7331179454534626e-07
MPRD0_SX351,-8.916889070248117e-05
MPRD0_SX441,1.2842448134171335e-08
MPRD0_SX81,-1.3153042112077986e-05
MPRK0_SI1097,-0.005616553254046683
MPRK0_SI1727,-3.660040092654526e-05
MPRK0_SI467,-7.630431439814179e-06
MPRK0_SX107,-6.287462181515164e-07
MPRK0_SX17,-0.0009000106226830255
MPRK0_SX197,-9.30113213447233e-05
MPRK0_SX287,-9.574065188644455e-07
MPRK0_SX377,-6.854534149169922e-07
MPRT0_SI1210,-0.0009479141741428735
MPRT0_SI495,-4.2093562937918164e-07
MPRT0_SI580,9.193900041282177e-08
MPRT0_SX130,-1.2903474271297455e-06
MPRT0_SX220,-1.4619782884070213e-07
MPRT0_SX310,-0.0005433928111896795
MPRT0_SX40,-2.5366536445087858e-06
MPRT0_SX400,-9.551999744761622e-06
MPSW0_SI1067,-6.921096321414499e-07
MPSW0_SI1697,3.133577482047968e-08
MPSW0_SI2327,-0.00038168919754439387
MPSW0_SX167,-0.00026471325722725493
MPSW0_SX24,-8.825035322280156e-06
MPSW0_SX257,-3.875580362298272e-05
MPSW0_SX437,-4.823718752179827e-06
MPSW0_SX77,-8.313612751307018e-07
MRAB0_SI1224,-0.004989007556879962
MRAB0_SI1854,-2.6600371461872962e-05
MRAB0_SI594,-0.00029126467669139737
MRAB0_SX144,-2.8754274050394694e-06
MRAB0_SX234,-0.00030216528102755547
MRAB0_SX324,-1.1482708422201021e-06
MRAB0_SX414,-0.004141258757288863
MRAB0_SX54,-6.303191589217426e-07
MRAB1_SI1478,1.1285707538869853e-07
MRAB1_SI2108,-9.88897388904459e-06
MRAB1_SI848,-2.1777672188009246e-05
MRAB1_SX128,-1.2344680726528168e-06
MRAB1_SX218,-2.5652296331134582e-05
MRAB1_SX308,-4.8124202294275165e-06
MRAB1_SX38,-6.445599778782621e-07
MRAB1_SX398,-1.2244610928085654e-05
MRAI0_SI1954,-2.0701421924647602e-06
MRAI0_SI2052,-0.0004228473755351284
MRAI0_SI792,-0.0006398614847435141
MRAI0_SX162,-5.5610739764233585e-06
MRAI0_SX252,-0.00023122064091942528
MRAI0_SX342,-4.062085951629438e-06
MRAI0_SX432,-0.001376294642686844
MRAI0_SX72,-4.3964729859278755e-05
MRAM0_SI1275,-0.003609752655029297
MRAM0_SI1905,-1.203134712396246e-07
MRAM0_SI1951,-2.0936399232596158e-05
MRAM0_SX105,-2.443018714867292e-06
MRAM0_SX15,-1.1634403823076615e-06
MRAM0_SX195,-2.9615087745090324e-07
MRAM0_SX285,-1.0166187113260521e-05
MRAM0_SX375,-0.0003582330850454477
MRAV0_SI1008,-1.7536804080009462e-07
MRAV0_SI1638,-7.729230370993415e-06
MRAV0_SI2268,-6.554469827709622e-07
MRAV0_SX108,-8.860149899044552e-07
MRAV0_SX18,-0.0001532368722461885
MRAV0_SX198,-1.2925932335952717e-06
MRAV0_SX288,-2.219320036644159e-06
MRAV0_SX378,-0.0001871565547891152
MRBC0_SI1665,-1.8906283366959543e-06
MRBC0_SI1859,-0.0003776200115680695
MRBC0_SI599,-9.07825709034044e-07
MRBC0_SX149,-1.4208662121192269e-05
MRBC0_SX239,-1.4591158204082702e-06
MRBC0_SX329,-7.68432430192536e-07
MRBC0_SX419,-8.66093001892104e-06
MRBC0_SX59,-8.821487426757812e-08
MRCG0_SI1428,-0.007369008275770372
MRCG0_SI2058,-1.379298536401046e-05
MRCG0_SI798,-5.693258478855475e-06
MRCG0_SX168,-4.7941739601945437e-05
MRCG0_SX258,-9.4091469371641e-05
MRCG0_SX348,-5.677193403244019e-05
MRCG0_SX438,-4.116894335162883e-05
MRCG0_SX78,-6.157570638723911e-05
MRCW0_SI1371,-0.0029224819370678493
MRCW0_SI2001,-1.6265250628859532e-05
MRCW0_SI741,-3.2063665204360834e-05
MRCW0_SX111,-3.9681278426071696e-05
MRCW0_SX201,-5.040830001235008e-06
MRCW0_SX21,-0.0001537183648906648
MRCW0_SX291,-2.1957093849778175e-06
MRCW0_SX381,-1.172273437861867e-07
MRDD0_SI1050,-4.422935572537509e-06
MRDD0_SI1680,-7.893145084381104e-05
MRDD0_SI2310,-4.870227658776222e-05
MRDD0_SX150,-3.8731002038525e-06
MRDD0_SX240,-1.5196856111288072e-07
MRDD0_SX277,-0.0002574769813301308
MRDD0_SX330,-9.776969091035425e-06
MRDD0_SX60,-8.503252416321973e-06
MRDM0_SI1044,-3.747176378965378e-06
MRDM0_SI1595,-0.0011749101181825002
MRDM0_SI965,-2.463679817138296e-06
MRDM0_SX155,-1.0840319605036216e-05
MRDM0_SX245,-1.720658682253478e-05
MRDM0_SX335,-2.333657308058305e-05
MRDM0_SX425,-6.705936458375719e-06
MRDM0_SX65,-4.279625511938526e-05
MRDS0_SI1167,-3.407323115075437e-05
MRDS0_SI1797,-4.178161752667833e-05
MRDS0_SI537,-2.7139375175712473e-05
MRDS0_SX177,-1.453608274459839e-07
MRDS0_SX267,-2.630501104569113e-05
MRDS0_SX357,-1.3378134769338527e-06
MRDS0_SX447,1.0111502238682339e-08
MRDS0_SX87,-0.00011985325677828355
MREE0_SI1104,-6.824779156290116e-05
MREE0_SI1734,-0.00016085189931532915
MREE0_SI1959,-8.734071358912072e-06
MREE0_SX114,-6.650775872372292e-06
MREE0_SX204,-3.1261112202297556e-06
MREE0_SX24,-3.3317052799722425e-05
MREE0_SX294,-3.6394706292977106e-06
MREE0_SX384,-0.00011040562763810158
MREH1_SI1599,-0.00017217115069238038
MREH1_SI2229,-4.013379414876302e-07
MREH1_SI969,-0.0004927960653153677
MREH1_SX159,-8.481934568599651e-05
MREH1_SX249,-3.8713260437361895e-07
MREH1_SX339,-7.144621885081213e-07
MREH1_SX429,-9.856771101199446e-05
MREH1_SX69,-3.760059674580892e-06
MREM0_SI1591,-2.4003641945975168e-05
MREM0_SI511,-5.245404613633004e-05
MREM0_SI961,-8.801279096480679e-06
MREM0_SX151,-2.207448576680488e-06
MREM0_SX241,-2.7919301029407617e-05
MREM0_SX331,-3.6332537146175607e-06
MREM0_SX421,-1.3369913277630178e-05
MREM0_SX61,-1.3136549999839382e-06
MREW1_SI1500,-5.940803223186069e-06
MREW1_SI2130,-0.0005102770403027535
MREW1_SI870,-7.551001465838888e-07
MREW1_SX150,-9.61365238312752e-08
MREW1_SX240,-0.010197274386882782
MREW1_SX330,-8.638711595857465e-05
MREW1_SX420,-8.616758429485819e-07
MREW1_SX60,-3.6758446025059504e-06
MRFK0_SI1076,-1.4463356429977076e-07
MRFK0_SI1706,-5.278007491775181e-06
MRFK0_SI2336,-4.1507805387179055e-05
MRFK0_SX176,-1.2718919606413692e-06
MRFK0_SX266,-4.139182896449648e-06
MRFK0_SX356,-0.00531340307659573
MRFK0_SX446,-8.421539204455047e-06
MRFK0_SX86,-6.431947241480884e-08
MRFL0_SI1156,-9.369711277254841e-05
MRFL0_SI1786,1.0263174772262574e-07
MRFL0_SI526,-3.0646814153559746e-05
MRFL0_SX166,-4.3482785778386255e-07
MRFL0_SX256,-0.0002428591251373291
MRFL0_SX346,-5.488217119937358e-05
MRFL0_SX436,-0.0002606879595829093
MRFL0_SX76,-7.24430810805643e-07
MRGM0_SI1162,-1.6910907549735828e-06
MRGM0_SI1792,-0.0007474701851606369
MRGM0_SI532,-0.0001548983688865389
MRGM0_SX172,-0.0009190330236423306
MRGM0_SX262,-2.9821707964098703e-06
MRGM0_SX416,-4.915739946927016e-06
MRGM0_SX442,-3.8850742081801094e-05
MRGM0_SX82,-0.0003285464995047625
MRGS0_SI1356,-3.219861537218094e-05
MRGS0_SI1986,-1.4329991245176643e-06
MRGS0_SI726,-0.00034638051072071336
MRGS0_SX186,-2.3804191086027357e-05
MRGS0_SX276,-7.848910789823893e-05
MRGS0_SX366,-1.5275151121850108e-06
MRGS0_SX6,-0.00041147373616695404
MRGS0_SX96,-0.0014254351456960042
MRHL0_SI1515,-8.537946476800634e-09
MRHL0_SI2145,-2.7043091089079347e-06
MRHL0_SI885,-3.045311243068881e-07
MRHL0_SX165,-9.014336175696795e-07
MRHL0_SX255,-1.4185029773644227e-05
MRHL0_SX345,-0.016992890409060886
MRHL0_SX435,-2.176345715641367e-05
MRHL0_SX75,-8.04024360453089e-07
MRJB1_SI1020,-0.001716445225316125
MRJB1_SI1413,-5.434799599103057e-06
MRJB1_SI2021,-1.6404333075991383e-05
MRJB1_SX120,-2.1818563348064438e-07
MRJB1_SX210,-1.3104677200317384e-05
MRJB1_SX30,-4.3419836751686835e-06
MRJB1_SX300,-1.088683975153956e-07
MRJB1_SX390,-2.380057766630843e-06
MRJH0_SI1519,-0.00010512853223903506
MRJH0_SI889,-0.013570596586983159
MRJH0_SI914,-2.584612047940027e-06
MRJH0_SX169,-0.0002684842708498933
MRJH0_SX259,-1.7176098481286318e-07
MRJH0_SX307,-2.263784408569336e-05
MRJH0_SX439,-3.959908041151914e-05
MRJH0_SX79,-1.157572913188033e-07
MRJM0_SI1095,-4.893039003945887e-06
MRJM0_SI1228,-1.7368519264790748e-06
MRJM0_SI1858,-0.0005555608026359392
MRJM0_SX148,-5.453034631303839e-05
MRJM0_SX238,-4.3143334455396e-06
MRJM0_SX328,-4.5309992546730856e-05
MRJM0_SX418,-0.0009440831840038299
MRJM0_SX58,-4.792511463165283e-05
MRJM1_SI1298,-8.511400571273219e-05
MRJM1_SI1928,-5.836288134256998e-07
MRJM1_SI668,-7.875602353702892e-05
MRJM1_SX128,-4.48147114150709e-06
MRJM1_SX218,-6.1713159084320065e-06
MRJM1_SX308,-0.006458812289767795
MRJM1_SX38,-1.726051171620687e-07
MRJM1_SX398,-1.0328834367439498e-06
MRJT0_SI1498,-3.3993339270520477e-07
MRJT0_SI1805,-0.0008394704510768255
MRJT0_SI868,-2.9346978877701106e-06
MRJT0_SX148,-1.20092520012042e-05
MRJT0_SX238,-3.419816493988037e-07
MRJT0_SX328,-2.5113032724549795e-06
MRJT0_SX418,-3.830567002296448e-05
MRJT0_SX58,-2.3113055662675335e-06
MRKM0_SI1267,-9.045078370131945e-06
MRKM0_SI1391,-7.383663491424867e-05
MRKM0_SI637,-0.002047122743996707
MRKM0_SX187,-1.7737437571798053e-05
MRKM0_SX277,-2.224564862747987e-05
MRKM0_SX367,-1.0737719147822218e-07
MRKM0_SX7,-1.5806270110058701e-06
MRKM0_SX97,-5.705817784473766e-06
MRLD0_SI1594,-0.0052385106682777405
MRLD0_SI2224,-2.029423530285175e-06
MRLD0_SI964,-0.0002967700885053267
MRLD0_SX154,1.2655756577397838e-09
MRLD0_SX244,-4.508756059554539e-06
MRLD0_SX334,-1.6671993793791224e-05
MRLD0_SX424,-1.7508864402770996e-07
MRLD0_SX64,-8.555019603056066e-07
MRLJ0_SI1420,-0.0010805622347303339
MRLJ0_SI2050,-1.0595530942450033e-06
MRLJ0_SI790,-0.0002049614985783895
MRLJ0_SX160,-3.97766988109132e-07
MRLJ0_SX250,-1.569885982364114e-06
MRLJ0_SX340,-6.273440245924324e-05
MRLJ0_SX430,-0.00011249130551257859
MRLJ0_SX70,-1.148744062943892e-05
MRLJ1_SI1671,-1.1686656348915263e-06
MRLJ1_SI2301,-1.3913227788483102e-05
MRLJ1_SI2332,-3.3612466520733305e-06
MRLJ1_SX141,-5.413838858212515e-07
MRLJ1_SX231,-0.00010525232011621648
MRLJ1_SX321,-0.00018526029695446292
MRLJ1_SX411,-9.322986006736756e-05
MRLJ1_SX51,-7.168538215365715e-06
MRLK0_SI1468,-3.873079549521208e-06
MRLK0_SI2140,-0.00017385903213705336
MRLK0_SI843,-0.0013674381588186537
MRLK0_SX123,-4.500638377586646e-06
MRLK0_SX213,-4.499348916954571e-06
MRLK0_SX303,-2.0557158027908632e-06
MRLK0_SX33,-3.838108762377693e-05
MRLK0_SX393,-2.8192978202094955e-05
MRLR0_SI1196,-0.00015834761275486514
MRLR0_SI1826,-5.589262998130705e-06
MRLR0_SI566,-6.4096186692133924e-06
MRLR0_SX116,-3.7137170097437397e-06
MRLR0_SX206,-0.0019809676334261892
MRLR0_SX26,-3.2130485543837916e-05
MRLR0_SX296,-4.0239311227410595e-06
MRLR0_SX386,-4.883323396955218e-06
MRMB0_SI1581,-8.565243538091513e-07
MRMB0_SI2211,-2.2097067399458453e-05
MRMB0_SI951,-1.036487002339628e-05
MRMB0_SX141,-3.217418755715092e-06
MRMB0_SX231,-0.0009520106638471285
MRMB0_SX321,-0.0002667744540505939
MRMB0_SX411,-0.0002532239334705548
MRMB0_SX51,-5.0863114798941265e-05
MRMG0_SI1080,-1.739036730107139e-05
MRMG0_SI1710,-1.3012078500563099e-05
MRMG0_SI2340,-2.3170139026293096e-05
MRMG0_SX180,-0.0002785609621140692
MRMG0_SX270,-6.519468342958135e-08
MRMG0_SX360,-0.0003419674467295408
MRMG0_SX450,-3.309110616100952e-05
MRMG0_SX90,-9.350298205390573e-07
MRMH0_SI1021,-5.407634769373824e-07
MRMH0_SI1349,-7.729038018090971e-06
MRMH0_SI2281,-3.491129193987165e-07
MRMH0_SX121,-2.277203095264924e-07
MRMH0_SX211,-2.8831683183935555e-06
MRMH0_SX301,-2.4849152494523975e-05
MRMH0_SX31,-8.068122109829414e-07
MRMH0_SX391,-3.999785373085424e-06
MRML0_SI1421,-4.01538610458374e-05
MRML0_SI2051,-0.0002248064094387433
MRML0_SI791,-2.9497977459069453e-05
MRML0_SX161,-0.0013933989864129287
MRML0_SX251,-1.135109258549554e-05
MRML0_SX341,-0.00020869360083625431
MRML0_SX431,-5.304546461307577e-06
MRML0_SX71,-1.1283799690788547e-06
MRMS0_SI1113,-0.00018003261808691355
MRMS0_SI2057,-5.811452865600586e-08
MRMS0_SI2100,-4.880317387038044e-06
MRMS0_SX120,-4.2598887479731015e-05
MRMS0_SX210,-3.609663806855679e-05
MRMS0_SX30,-6.810761988162994e-08
MRMS0_SX300,-0.00012252882502421185
MRMS0_SX390,-1.949539996291462e-06
MRPC1_SI1482,-1.2777115140731135e-05
MRPC1_SI2026,-3.1834298914129083e-07
MRPC1_SI2112,-3.5212127413080237e-06
MRPC1_SX132,-3.34779421488444e-06
MRPC1_SX222,-1.11311674118042e-06
MRPC1_SX312,-8.744494644580064e-05
MRPC1_SX402,-5.362517185858451e-07
MRPC1_SX42,-2.74429718653361e-07
MRRE0_SI1334,-0.00011889991240904612
MRRE0_SI704,-2.9402620652142694e-05
MRRE0_SI952,-3.0233569088436308e-05
MRRE0_SX164,-7.854567633734809e-07
MRRE0_SX254,-4.113176027717798e-06
MRRE0_SX344,-3.998875617980957e-05
MRRE0_SX434,-2.5058231715645107e-06
MRRE0_SX74,-4.38690185546875e-06
MRSO0_SI1206,-1.2057237937802173e-05
MRSO0_SI1659,-0.013178838623894585
MRSO0_SI2289,-0.0009134791551097747
MRSO0_SX129,-1.8456238241673545e-05
MRSO0_SX219,-0.0006166771054267883
MRSO0_SX309,-0.006351521829279457
MRSO0_SX39,-1.2110600747713228e-07
MRSO0_SX399,-0.0003492213304965727
MRSP0_SI1429,-4.312516220154301e-05
MRSP0_SI2059,-6.731599569320678e-07
MRSP0_SI799,-1.4670949894934893e-06
MRSP0_SX169,-1.5221885405480862e-05
MRSP0_SX196,-4.513189196586609e-07
MRSP0_SX259,-0.00029594652158649345
MRSP0_SX439,-1.3058600218399711e-05
MRSP0_SX79,-4.3977815948892386e-07
MRTC0_SI1458,-4.31811293730369e-06
MRTC0_SI2088,-0.0007061753422021866
MRTC0_SI828,-3.308869545926919e-06
MRTC0_SX108,-3.2060854256344147e-09
MRTC0_SX18,-0.0012012537448636948
MRTC0_SX198,-0.007004476586977641
MRTC0_SX288,-0.000291781326712564
MRTC0_SX378,-1.566532680440921e-07
MRTJ0_SI1551,-1.750882698356041e-05
MRTJ0_SI2032,-3.0109816862022853e-08
MRTJ0_SI772,-3.8185762241482736e-05
MRTJ0_SX142,-1.8757852641018953e-05
MRTJ0_SX232,-0.0002332237031724718
MRTJ0_SX322,-6.245622044485627e-06
MRTJ0_SX412,-6.786821441809562e-06
MRTJ0_SX52,-2.014641451867337e-07
MRVG0_SI1140,-2.1886080503463745e-06
MRVG0_SI1770,-8.212353643630781e-06
MRVG0_SI510,-1.8188827916195517e-05
MRVG0_SX150,-1.5446595076856942e-05
MRVG0_SX240,-5.992546023146526e-05
MRVG0_SX330,-7.37198307534628e-07
MRVG0_SX420,-5.465952005792172e-06
MRVG0_SX60,-1.355074462480843e-05
MRWA0_SI1603,-7.737992730523858e-05
MRWA0_SI2233,-4.965898602507835e-06
MRWA0_SI973,-0.00017219255952274099
MRWA0_SX163,-3.1018556144676714e-08
MRWA0_SX253,-4.551410966087133e-06
MRWA0_SX343,-0.0010567273684712344
MRWA0_SX433,-5.382418055974302e-05
MRWA0_SX73,1.1623912566416972e-07
MRWS0_SI1102,-7.94652465080458e-06
MRWS0_SI1732,-1.398481650870632e-05
MRWS0_SI472,-9.97842289507389e-06
MRWS0_SX112,-0.00010775853468872169
MRWS0_SX202,-2.3219959668653165e-06
MRWS0_SX22,-8.751993023213886e-07
MRWS0_SX292,-0.006491160641113917
MRWS0_SX382,-0.0009684821590781212
MRXB0_SI1585,-2.394123536456997e-06
MRXB0_SI2215,-2.8990509206062704e-06
MRXB0_SI955,-5.356870930303227e-05
MRXB0_SX145,-0.00010575060374461688
MRXB0_SX235,-2.2616400985561056e-06
MRXB0_SX325,-7.679902981700642e-05
MRXB0_SX415,-0.00044107726878590055
MRXB0_SX55,-0.000834345817565918
MSAH1_SI1049,-2.454380121301202e-05
MSAH1_SI1679,-4.020053893327713e-07
MSAH1_SI2309,-1.5189056284725666e-05
MSAH1_SX149,-0.00018116598948836327
MSAH1_SX239,-7.640581720301674e-06
MSAH1_SX329,-0.0017674242456754048
MSAH1_SX419,-0.0004059757684936395
MSAH1_SX59,-6.331344290326039e-07
MSAS0_SI1376,-1.9889535146084295e-05
MSAS0_SI2006,-4.168013181311615e-05
MSAS0_SI746,-0.00026405933313071727
MSAS0_SX116,-8.66204321097869e-06
MSAS0_SX206,-1.7422717064619064e-05
MSAS0_SX26,-0.0005686025206859296
MSAS0_SX296,-5.152164235231325e-06
MSAS0_SX386,-1.1690009128430794e-05
MSAT0_SI1526,-3.0630934533887894e-05
MSAT0_SI2156,-5.232791105906169e-06
MSAT0_SI896,-6.651012226939201e-05
MSAT0_SX176,-6.32189366282249e-06
MSAT0_SX266,-2.5176796419867152e-05
MSAT0_SX356,-0.0002249463594385556
MSAT0_SX446,-2.6098449669051462e-05
MSAT0_SX86,-5.737547912905294e-07
MSAT1_SI1073,-0.0011427565751706854
MSAT1_SI1703,-1.667673826556314e-05
MSAT1_SI2333,-2.2294924265759834e-05
MSAT1_SX173,-3.724157577380538e-06
MSAT1_SX263,-3.9526810204344133e-05
MSAT1_SX353,-7.587795456250509e-07
MSAT1_SX443,-2.5462458974548747e-05
MSAT1_SX83,-9.46616960896386e-06
MSDB0_SI1007,-7.276596694157042e-05
MSDB0_SI1637,4.078291596904878e-09
MSDB0_SI2267,-9.849217409888904e-05
MSDB0_SX107,-2.893308798472087e-07
MSDB0_SX17,-3.9343046955764295e-05
MSDB0_SX197,-2.5554494932293892e-05
MSDB0_SX287,-1.8718676395056878e-06
MSDB0_SX377,-4.322199396110357e-09
MSDH0_SI2113,-6.504853566487631e-06
MSDH0_SI2240,-2.7449584051378463e-06
MSDH0_SI980,-1.2711836741520808e-06
MSDH0_SX170,-0.00011887361940283042
MSDH0_SX260,-5.272194379713477e-08
MSDH0_SX350,-0.014244698748296621
MSDH0_SX440,-1.9067404221515268e-05
MSDH0_SX80,1.027115753718785e-07
MSDS0_SI1077,-1.2019488106792172e-05
MSDS0_SI1707,-0.0004896024862925211
MSDS0_SI2337,-3.884226845746691e-05
MSDS0_SX177,-1.8210938343634973e-07
MSDS0_SX267,-0.00025213103836927656
MSDS0_SX357,-7.655962069359857e-06
MSDS0_SX447,-0.00010553788393735886
MSDS0_SX87,-3.2589923648629338e-06
MSEM1_SI1440,-3.167688846588135e-05
MSEM1_SI2070,-1.9607393281354057e-05
MSEM1_SI810,-3.3785123378038406e-05
MSEM1_SX180,-5.252497632884317e-07
MSEM1_SX270,3.4609148579259075e-08
MSEM1_SX360,-1.7552606521114227e-05
MSEM1_SX450,-1.1792163486066072e-06
MSEM1_SX90,-3.590517175885347e-08
MSES0_SI1589,-3.0450636196681965e-06
MSES0_SI2216,8.02365320851095e-08
MSES0_SI2219,-6.556883454322815e-06
MSES0_SX149,-0.0009598563114802043
MSES0_SX239,-3.567955323628017e-05
MSES0_SX329,-1.5926511528400275e-07
MSES0_SX419,-5.603207092782533e-06
MSES0_SX59,-1.0107954343159993e-06
MSFH0_SI1216,-0.0001436182763427496
MSFH0_SI1738,-0.0004315369834120457
MSFH0_SI586,-1.8396269297227263e-05
MSFH0_SX136,-5.677985210044711e-05
MSFH0_SX226,-0.00020352136787204515
MSFH0_SX316,-6.909998774062842e-06
MSFH0_SX406,-0.001944453792369112
MSFH0_SX46,-2.754700084727618e-06
MSFV0_SI1262,-2.2808204188809863e-06
MSFV0_SI1892,-0.000343759392583093
MSFV0_SI632,-4.315612116648305e-05
MSFV0_SX182,-6.842611195600551e-05
MSFV0_SX272,-2.1466467943456437e-06
MSFV0_SX362,-0.0007421290285365526
MSFV0_SX452,-9.820391626461692e-05
MSFV0_SX92,-5.265132391027042e-05
MSJK0_SI1596,-3.1099716822306314e-05
MSJK0_SI2226,-4.739089770457493e-06
MSJK0_SI966,-2.4271107489062893e-05
MSJK0_SX156,-4.2695864315398715e-05
MSJK0_SX246,-3.0122105888421496e-05
MSJK0_SX336,-2.3628752255304294e-05
MSJK0_SX426,-4.873199366939891e-06
MSJK0_SX66,-1.1263279399524132e-05
MSMC0_SI1907,-0.00027170591056346893
MSMC0_SI509,-4.1686609143116434e-07
MSMC0_SI647,-0.0005336015795667967
MSMC0_SX107,-2.164843762228783e-06
MSMC0_SX17,-0.0009043366648256779
MSMC0_SX197,-0.00037075548122326535
MSMC0_SX287,-9.489530011227256e-05
MSMC0_SX377,-0.0027752058898530356
MSMR0_SI1150,-0.0001127057753148533
MSMR0_SI1405,-0.0010589592857286334
MSMR0_SI775,-5.713240666822954e-07
MSMR0_SX145,-3.0952128204139505e-06
MSMR0_SX235,-0.004734964720134078
MSMR0_SX325,-1.6883760690689088e-06
MSMR0_SX415,-6.3636098550914815e-06
MSMR0_SX55,-5.929884160073792e-06
MSMS0_SI1433,-0.00019242603045243483
MSMS0_SI2063,-2.1006476913498773e-07
MSMS0_SI803,-4.93895107259353e-05
MSMS0_SX173,-9.903248320234582e-05
MSMS0_SX263,-1.0088099640727575e-05
MSMS0_SX353,-3.0246285361147697e-05
MSMS0_SX443,-3.5107649605849693e-06
MSMS0_SX83,-1.4009349273912834e-06
MSRG0_SI1221,-3.485638519813274e-05
MSRG0_SI1851,-1.0086726563583528e-05
MSRG0_SI591,-2.388181331168328e-06
MSRG0_SX141,-7.774865573120057e-08
MSRG0_SX231,4.4236267885108565e-07
MSRG0_SX321,-0.0028669238090515137
MSRG0_SX411,-5.079888069303706e-06
MSRG0_SX51,-1.214133439267554e-05
MSRR0_SI1131,-5.956860310535001e-06
MSRR0_SI1761,-4.1511155805497796e-06
MSRR0_SI501,-0.0026925570163570467
MSRR0_SX141,-0.0001745641231536865
MSRR0_SX231,-8.425930156425404e-07
MSRR0_SX30,-4.302910383557901e-08
MSRR0_SX411,-6.000582988445575e-07
MSRR0_SX51,-8.450735384196212e-08
MSTF0_SI1396,-0.0009350576571055821
MSTF0_SI766,4.1723251342773435e-08
MSTF0_SI852,-2.3052743927109987e-05
MSTF0_SX136,-3.4050926422843564e-05
MSTF0_SX226,-2.4600885808467863e-07
MSTF0_SX316,-2.0739590299540554e-05
MSTF0_SX406,-5.885201971977949e-06
MSTF0_SX46,-1.0539311915636063e-05
MSVS0_SI1568,5.5477044199882393e-08
MSVS0_SI2198,-0.0008781762760982179
MSVS0_SI938,-2.462268507076522e-05
MSVS0_SX128,-0.015726925006934574
MSVS0_SX218,-1.0340457785267582e-07
MSVS0_SX308,-1.8652747659122242e-06
MSVS0_SX38,-1.44378947360175e-05
MSVS0_SX398,-1.016655522916052e-05
MTAB0_SI1572,-2.2084607432285946e-05
MTAB0_SI2202,-0.00017093875794671476
MTAB0_SI942,-0.011207768829857431
MTAB0_SX132,-0.0011079324823286799
MTAB0_SX222,-3.617331385612488e-05
MTAB0_SX312,-6.912597294511467e-05
MTAB0_SX402,-8.250935934484005e-07
MTAB0_SX42,-6.911691050317454e-08
MTAS0_SI1385,-1.3073893829381891e-05
MTAS0_SI2015,-6.044623240506133e-06
MTAS0_SI755,-1.682985630641515e-05
MTAS0_SX125,-3.286935472195702e-05
MTAS0_SX215,-4.1109674117144415e-06
MTAS0_SX305,-9.911400931222098e-06
MTAS0_SX35,1.25889100829603e-08
MTAS0_SX395,-3.0229400311197552e-05
MTAT0_SI1110,-2.1231738606193026e-05
MTAT0_SI1740,-0.00017398762970398634
MTAT0_SI811,-4.679975079437881e-07
MTAT0_SX120,-1.7525534430104826e-06
MTAT0_SX210,-3.765225410461426e-06
MTAT0_SX30,-2.5045068468898535e-07
MTAT0_SX300,-1.7318460676405166e-06
MTAT0_SX390,-0.0001460370053914753
MTAT1_SI1409,-0.007004954598166726
MTAT1_SI1627,-7.0047206367905205e-06
MTAT1_SI779,-6.894093393436018e-06
MTAT1_SX149,-1.815957366488874e-06
MTAT1_SX239,-2.6363980125736547e-07
MTAT1_SX329,-9.788297703144727e-05
MTAT1_SX419,-1.1241063475608826e-06
MTAT1_SX59,-2.7486135617696812e-05
MTBC0_SI1173,-1.2828813244899114e-06
MTBC0_SI1803,6.486246039618409e-08
MTBC0_SI543,-7.67409431910704e-05
MTBC0_SX183,-6.130659922717078e-05
MTBC0_SX273,-7.961666391741844e-06
MTBC0_SX347,-2.1993981984754404e-05
MTBC0_SX363,-0.0012918613677801087
MTBC0_SX93,-2.697184681892395e-06
MTCS0_SI1972,-2.9802322387695312e-08
MTCS0_SI2265,-7.900749691403829e-07
MTCS0_SI712,-7.619131517050595e-05
MTCS0_SX172,-2.9126647859811783e-05
MTCS0_SX262,-5.700330685583815e-06
MTCS0_SX352,-3.387607060945951e-06
MTCS0_SX442,-8.630438495184416e-06
MTCS0_SX82,-2.146214897306088e-08
MTDB0_SI1401,-1.8632940215165497e-06
MTDB0_SI2031,-9.352269654090588e-07
MTDB0_SI771,-3.389067581442536e-06
MTDB0_SX141,-9.210024751266654e-06
MTDB0_SX231,-4.378251601751386e-06
MTDB0_SX321,-0.00029512155801057814
MTDB0_SX411,-7.215063445843182e-08
MTDB0_SX51,-3.0469326745896113e-06
MTDP0_SI1274,-0.0008865538097563244
MTDP0_SI1521,-3.25347689256348e-05
MTDP0_SI2151,-4.7188352894138646e-06
MTDP0_SX171,-3.401532769203186e-05
MTDP0_SX261,-0.00011154565100486462
MTDP0_SX351,-4.196780569413129e-05
MTDP0_SX441,-1.4070638556134057e-05
MTDP0_SX81,-1.30863328065191e-05
MTER0_SI1157,-3.621127689257264e-06
MTER0_SI1787,-1.597839097181956e-06
MTER0_SI527,-4.882924713456305e-06
MTER0_SX167,-0.0003189590892621449
MTER0_SX17,-7.167458534240723e-07
MTER0_SX257,-7.455348968505859e-06
MTER0_SX437,-3.472124622698794e-05
MTER0_SX77,-0.00023524179003941707
MTJG0_SI1520,-4.791057498161015e-06
MTJG0_SI2157,-4.262274264224938e-05
MTJG0_SI890,-1.166313910400685e-05
MTJG0_SX170,-1.026353297325281e-06
MTJG0_SX260,-0.0005093625347529139
MTJG0_SX350,-0.0002181360269991719
MTJG0_SX440,-0.0010750563039133947
MTJG0_SX80,-4.996297226672799e-07
MTJM0_SI1226,-8.055854588747025e-05
MTJM0_SI1856,-9.299774537794293e-05
MTJM0_SI655,-3.6346457772335765e-05
MTJM0_SX146,-1.3452321154010646e-06
MTJM0_SX236,-1.4718839778534828e-05
MTJM0_SX326,-0.0003289467301861993
MTJM0_SX416,-1.594244881912514e-05
MTJM0_SX56,-6.147879175841809e-05
MTJS0_SI1192,-1.0438752724439837e-07
MTJS0_SI1822,-0.0009296590037513198
MTJS0_SI562,-0.00020029855372964358
MTJS0_SX112,-3.56534229857581e-06
MTJS0_SX202,-9.054075116696565e-08
MTJS0_SX22,-2.1951040253043174e-06
MTJS0_SX292,-8.210843923140546e-08
MTJS0_SX382,-5.330376931138941e-05
MTJU0_SI2020,-0.005491877098878225
MTJU0_SI2269,-1.4970699946085612e-06
MTJU0_SI760,-8.126187656836754e-06
MTJU0_SX130,-6.31871719661197e-08
MTJU0_SX220,-8.859005688196595e-06
MTJU0_SX310,-1.342256075224361e-05
MTJU0_SX40,-4.809389406062187e-07
MTJU0_SX400,-1.144932750134896e-06
MTKD0_SI1187,-4.878907930105925e-06
MTKD0_SI1817,-0.00047797839278760165
MTKD0_SI630,-0.00029586922497518603
MTKD0_SX107,-2.2581426074375977e-06
MTKD0_SX17,-3.045742050744593e-05
MTKD0_SX197,-2.3283840467532475e-05
MTKD0_SX287,-0.0004196975093621474
MTKD0_SX377,-0.00021335887722671032
MTKP0_SI1023,-3.2820484854958274e-05
MTKP0_SI2283,-1.9645938829688188e-06
MTKP0_SI454,-0.00015679511667813286
MTKP0_SX123,-0.0035398609936237333
MTKP0_SX213,-4.190905362038928e-06
MTKP0_SX303,-0.00016547331650709283
MTKP0_SX33,-1.082045491784811e-05
MTKP0_SX393,-6.410674822907294e-05
MTLB0_SI1134,-0.0003291784205298493
MTLB0_SI1764,1.3140961527824401e-07
MTLB0_SI504,-3.6955602159391023e-07
MTLB0_SX144,-5.210439364115397e-07
MTLB0_SX234,-0.00012970305132594976
MTLB0_SX324,-0.008173064085153434
MTLB0_SX414,-2.24080527337586e-05
MTLB0_SX54,-0.000768592824106631
MTLC0_SI1313,-0.003945853159977839
MTLC0_SI1477,-5.830731242895126e-06
MTLC0_SI847,-6.329045969654214e-06
MTLC0_SX127,-1.006503589451313e-05
MTLC0_SX217,-6.017776635976938e-07
MTLC0_SX307,-3.060675755312497e-05
MTLC0_SX37,-1.0807884902488894e-07
MTLC0_SX397,-2.9618890397559328e-08
MTML0_SI1065,-3.597953102805398e-06
MTML0_SI1695,-1.6510486602783203e-06
MTML0_SI2325,-4.050092777619377e-07
MTML0_SX165,-0.015350574538821266
MTML0_SX255,-0.008523188757173943
MTML0_SX345,-1.123175024986267e-06
MTML0_SX435,-2.7169566601514815e-05
MTML0_SX75,-1.1902940910189383e-06
MTMN0_SI1064,-8.336490108853295e-06
MTMN0_SI2324,-2.8257391282490323e-05
MTMN0_SI582,-8.040234662484431e-05
MTMN0_SX164,-4.932993934268043e-06
MTMN0_SX254,-0.013359028360118036
MTMN0_SX344,-6.99948180805553e-05
MTMN0_SX434,-0.001437396838747222
MTMN0_SX74,-1.5076468972598805e-07
MTMT0_SI1118,-0.000501898912394919
MTMT0_SI1748,-4.742906072779613e-05
MTMT0_SI488,-7.3659668067613475e-06
MTMT0_SX128,-0.0006424159639411502
MTMT0_SX218,-2.147975776876722e-05
MTMT0_SX308,-1.4137147721185377e-05
MTMT0_SX38,-8.378245613791726e-05
MTMT0_SX398,-1.895358516115018e-06
MTPF0_SI1235,-0.00011774654837047801
MTPF0_SI1865,-6.673553831536661e-05
MTPF0_SI605,-2.276856537071704e-06
MTPF0_SX155,-2.4727552954573186e-06
MTPF0_SX245,-7.73106751564358e-05
MTPF0_SX335,-0.0011136728072805063
MTPF0_SX425,-2.5809742510318756e-05
MTPF0_SX65,-2.0084281762441e-06
MTPG0_SI1383,-0.0006085744705693476
MTPG0_SI2013,-2.207358678181966e-06
MTPG0_SI753,-0.00011893436786229328
MTPG0_SX123,-2.1464484078543526e-05
MTPG0_SX213,-2.523263598656437e-07
MTPG0_SX303,-0.0002261759905979551
MTPG0_SX33,-5.5106488176651536e-06
MTPG0_SX393,-0.0002302894594542908
MTPP0_SI1508,-0.002995006740093231
MTPP0_SI2138,-0.00016829303719780663
MTPP0_SI878,-2.1568740959520692e-07
MTPP0_SX158,-2.2619410797401712e-05
MTPP0_SX248,-0.00012902988653097834
MTPP0_SX338,-2.128852380288614e-06
MTPP0_SX428,-1.3757903616351541e-06
MTPP0_SX68,-3.44646190676619e-06
MTPR0_SI1600,-1.0741522266088347e-05
MTPR0_SI2230,-4.548796823655721e-06
MTPR0_SI506,7.66345432826451e-08
MTPR0_SX160,-5.7971995809803836e-05
MTPR0_SX250,-2.6982531357461063e-05
MTPR0_SX340,-4.945480895912624e-07
MTPR0_SX430,-0.0011540385437946693
MTPR0_SX70,3.2006452480951947e-07
MTQC0_SI1441,-2.5527492667046876e-05
MTQC0_SI2071,-0.00033195884454818
MTQC0_SI480,-0.0003030152141076067
MTQC0_SX181,-5.4748768502093375e-05
MTQC0_SX271,-0.0001467810943722725
MTQC0_SX361,-3.8802381216858826e-05
MTQC0_SX451,-0.003434671490800147
MTQC0_SX91,-2.6726826595572325e-05
MTRC0_SI1623,-0.01769616474976411
MTRC0_SI589,-1.2961995707883034e-05
MTRC0_SI993,-1.0642626356067403e-05
MTRC0_SX170,-0.00017003763267504319
MTRC0_SX183,-1.700130965689133e-05
MTRC0_SX273,-1.1406590541203817e-05
MTRC0_SX363,-2.8538331389427184e-05
MTRC0_SX93,-2.2522411309182645e-05
MTRR0_SI1548,1.9257311664876483e-07
MTRR0_SI2178,-1.3556003708530355e-05
MTRR0_SI918,-1.4535947279496627e-05
MTRR0_SX108,7.687176548643037e-08
MTRR0_SX18,-5.418062210083008e-05
MTRR0_SX198,-1.492008232162334e-05
MTRR0_SX288,-1.5099078070285709e-05
MTRR0_SX378,-3.374228024193527e-06
MTRT0_SI1227,-0.0179365873336792
MTRT0_SI1857,-6.727044958443869e-05
MTRT0_SI597,-6.297055412741268e-06
MTRT0_SX147,-0.006595996164140247
MTRT0_SX237,-6.576793061362372e-06
MTRT0_SX254,-3.869487998253178e-06
MTRT0_SX417,-1.8551014363765717e-06
MTRT0_SX57,-3.523403598416236e-07
MTWH1_SI1512,-0.00013450346887111664
MTWH1_SI2142,-2.9187649488449095e-07
MTWH1_SI882,-0.00013460536138154566
MTWH1_SX162,-0.0005693974239485604
MTWH1_SX252,-5.30444085597992e-06
MTWH1_SX342,-7.810185166277193e-06
MTWH1_SX432,-0.0015989349168889662
MTWH1_SX72,-1.4902407538438973e-08
MTXS0_SI1060,-5.6980043434752865e-05
MTXS0_SI1690,-1.0904632290476002e-07
MTXS0_SI2320,-2.2823177679473983e-05
MTXS0_SX160,-6.4551678239082805e-06
MTXS0_SX250,-0.0005129775718638772
MTXS0_SX340,-0.00010201294810093683
MTXS0_SX430,-2.4766170796244703e-06
MTXS0_SX70,-3.3357313701084683e-06
MVJH0_SI1556,-2.4463335614440576e-05
MVJH0_SI2186,-5.316602565893313e-06
MVJH0_SI926,-4.929465216559333e-07
MVJH0_SX116,-1.227371952457664e-06
MVJH0_SX206,-0.0044145829975605014
MVJH0_SX26,-1.238648949835736e-06
MVJH0_SX296,-3.1253012518088025e-06
MVJH0_SX386,-0.00019716783877341977
MVLO0_SI1147,-2.1089525783763213e-06
MVLO0_SI1777,-2.664983704952257e-06
MVLO0_SI517,-4.1783939708362925e-05
MVLO0_SX157,-5.296704220006976e-07
MVLO0_SX247,-4.4757381398627096e-06
MVLO0_SX337,-7.184015837418357e-07
MVLO0_SX427,-1.811981201171875e-07
MVLO0_SX67,-1.5621311789335206e-06
MVRW0_SI1485,-1.5489251936896374e-05
MVRW0_SI2115,-0.0001048791148748837
MVRW0_SI855,-7.618148181889508e-05
MVRW0_SX135,-2.0269283347509126e-06
MVRW0_SX225,-2.0821865361470442e-05
MVRW0_SX315,-1.0015635654844087e-05
MVRW0_SX405,-9.71061785498427e-05
MVRW0_SX45,-4.6373563677524075e-05
MWAC0_SI1601,-0.00010341847315430642
MWAC0_SI2231,-3.131146934863768e-05
MWAC0_SI971,2.489679022330855e-08
MWAC0_SX161,-4.098546805278379e-05
MWAC0_SX251,-1.4355160155386295e-05
MWAC0_SX341,-0.00977954060532326
MWAC0_SX431,-3.3364750977073395e-05
MWAC0_SX71,-6.244067222841325e-06
MWAD0_SI1062,-1.3900336934559382e-07
MWAD0_SI1749,-7.08753658626746e-07
MWAD0_SI2322,-9.578910548417994e-08
MWAD0_SX162,-1.2683371702829996e-06
MWAD0_SX252,-6.554955689352937e-08
MWAD0_SX342,-4.203977813530299e-05
MWAD0_SX432,-0.00011889097930968933
MWAD0_SX72,1.3000428886946544e-07
MWAR0_SI1045,-4.805795655001776e-06
MWAR0_SI1675,-3.896886482834816e-05
MWAR0_SI2305,-1.1645809367850975e-05
MWAR0_SX145,-9.74859224362789e-07
MWAR0_SX235,-6.331255306200734e-06
MWAR0_SX325,-0.016812872886657716
MWAR0_SX415,-8.08346764339755e-06
MWAR0_SX55,-1.1199280498144419e-08
MWCH0_SI1622,1.3468696211237416e-07
MWCH0_SI1895,-2.658900588617793e-05
MWCH0_SI2252,-0.00016024092301016762
MWCH0_SX182,-2.4704786483198404e-07
MWCH0_SX272,-1.9170751329511405e-07
MWCH0_SX362,-8.60364664168585e-07
MWCH0_SX452,-1.0341405868530273e-05
MWCH0_SX92,-1.8570418058730222e-05
MWDK0_SI1436,-8.015151498681408e-06
MWDK0_SI2017,-1.3820106422220609e-08
MWDK0_SI806,-3.797323990832357e-06
MWDK0_SX176,-0.00024993122354441996
MWDK0_SX266,-0.020253573694536762
MWDK0_SX356,-8.996043886457171e-07
MWDK0_SX446,-2.020833695807108e-06
MWDK0_SX86,6.047387917836508e-08
MWEM0_SI1320,-0.00012543551727301546
MWEM0_SI1393,-0.0033407513983547688
MWEM0_SI1950,-0.00014354324899613859
MWEM0_SX150,-1.0312534868717193e-06
MWEM0_SX240,-1.7072841537332063e-05
MWEM0_SX330,-0.0004701221791597513
MWEM0_SX420,-1.189258753084669e-05
MWEM0_SX60,-8.29242397936023e-05
MWGR0_SI1606,-3.3833690591760585e-06
MWGR0_SI2236,-1.3681072177308979e-05
MWGR0_SI976,-0.0004000759373108546
MWGR0_SX166,-0.0024432134011696124
MWGR0_SX256,-2.8360070604266543e-05
MWGR0_SX346,-1.3275016301675984e-06
MWGR0_SX436,-6.656215991824865e-05
MWGR0_SX76,-5.540595769784168e-07
MWRE0_SI1057,-0.008027479434624696
MWRE0_SI1687,-6.320998072624206e-05
MWRE0_SI2317,-1.2293457984924316e-07
MWRE0_SX157,-2.4168855614132353e-06
MWRE0_SX247,-5.006895056188417e-06
MWRE0_SX337,-1.1999248851101252e-07
MWRE0_SX427,-3.509404551651743e-07
MWRE0_SX67,-0.0006128234995736016
MWRP0_SI1443,-7.423455826938152e-06
MWRP0_SI1525,-5.731578168802355e-07
MWRP0_SI2073,-0.0001348656415939331
MWRP0_SX183,-0.00026156206925710045
MWRP0_SX273,-4.639481044104022e-06
MWRP0_SX3,-1.7194713776310286e-05
MWRP0_SX363,-4.843355286125601e-07
MWRP0_SX93,4.363634313146273e-08
MWSB0_SI1626,-1.107591429147227e-07
MWSB0_SI2256,-2.4810814383355055e-05
MWSB0_SI996,-8.94208456955704e-06
MWSB0_SX186,-2.3212570410508375e-05
MWSB0_SX276,-8.919462561607361e-05
MWSB0_SX366,-1.3416484195985041e-06
MWSB0_SX6,-0.00036220387038257386
MWSB0_SX96,-0.0012846714571902627
MWSH0_SI1426,-0.00018058232371769253
MWSH0_SI2266,-3.0919909477233887e-07
MWSH0_SI796,-3.3362191364479564e-05
MWSH0_SX166,-4.294741359588347e-05
MWSH0_SX256,-6.901600775591126e-07
MWSH0_SX346,-9.92057506333698e-06
MWSH0_SX436,-3.2138389845689136e-07
MWSH0_SX76,-8.434990886598825e-05
MZMB0_SI1166,-5.515357017806121e-06
MZMB0_SI1796,-1.0992440174480802e-05
MZMB0_SI536,-2.9950699006969277e-06
MZMB0_SX176,-3.550133988028392e-05
MZMB0_SX266,-6.423303575226755e-06
MZMB0_SX356,-1.774200548728307e-05
MZMB0_SX446,4.6472996473312377e-08
MZMB0_SX86,-6.129543180577457e-06
